message,publisher,d4b3d91a-b507-4a7f-8177-771e47f2bb99,0,1618080305.563886
message,publisher,d4b3d91a-b507-4a7f-8177-771e47f2bb99,1,1618080305.5646796
message,publisher,d4b3d91a-b507-4a7f-8177-771e47f2bb99,2,1618080305.5656452
message,publisher,d4b3d91a-b507-4a7f-8177-771e47f2bb99,3,1618080305.5665488
message,publisher,d4b3d91a-b507-4a7f-8177-771e47f2bb99,4,1618080305.5674329
message,publisher,d4b3d91a-b507-4a7f-8177-771e47f2bb99,5,1618080305.5682104
message,publisher,d4b3d91a-b507-4a7f-8177-771e47f2bb99,6,1618080305.569132
message,publisher,d4b3d91a-b507-4a7f-8177-771e47f2bb99,7,1618080305.5699236
message,publisher,d4b3d91a-b507-4a7f-8177-771e47f2bb99,8,1618080305.5707514
message,publisher,d4b3d91a-b507-4a7f-8177-771e47f2bb99,9,1618080305.5714798
message,publisher,d4b3d91a-b507-4a7f-8177-771e47f2bb99,10,1618080305.57216
message,publisher,d4b3d91a-b507-4a7f-8177-771e47f2bb99,11,1618080305.572938
message,publisher,d4b3d91a-b507-4a7f-8177-771e47f2bb99,12,1618080305.5737417
message,publisher,d4b3d91a-b507-4a7f-8177-771e47f2bb99,13,1618080305.5744934
message,publisher,d4b3d91a-b507-4a7f-8177-771e47f2bb99,14,1618080305.575243
message,publisher,d4b3d91a-b507-4a7f-8177-771e47f2bb99,15,1618080305.576062
message,publisher,d4b3d91a-b507-4a7f-8177-771e47f2bb99,16,1618080305.5768917
message,publisher,d4b3d91a-b507-4a7f-8177-771e47f2bb99,17,1618080305.577666
message,publisher,d4b3d91a-b507-4a7f-8177-771e47f2bb99,18,1618080305.5784588
message,publisher,d4b3d91a-b507-4a7f-8177-771e47f2bb99,19,1618080305.5792153
message,publisher,d4b3d91a-b507-4a7f-8177-771e47f2bb99,20,1618080305.5800807
message,publisher,d4b3d91a-b507-4a7f-8177-771e47f2bb99,21,1618080305.580893
message,publisher,d4b3d91a-b507-4a7f-8177-771e47f2bb99,22,1618080305.5816786
message,publisher,d4b3d91a-b507-4a7f-8177-771e47f2bb99,23,1618080305.5824559
message,publisher,d4b3d91a-b507-4a7f-8177-771e47f2bb99,24,1618080305.583326
message,publisher,d4b3d91a-b507-4a7f-8177-771e47f2bb99,25,1618080305.5842824
message,publisher,d4b3d91a-b507-4a7f-8177-771e47f2bb99,26,1618080305.5850863
message,publisher,d4b3d91a-b507-4a7f-8177-771e47f2bb99,27,1618080305.585947
message,publisher,d4b3d91a-b507-4a7f-8177-771e47f2bb99,28,1618080305.5867884
message,publisher,d4b3d91a-b507-4a7f-8177-771e47f2bb99,29,1618080305.5875428
message,publisher,d4b3d91a-b507-4a7f-8177-771e47f2bb99,30,1618080305.5883303
message,publisher,d4b3d91a-b507-4a7f-8177-771e47f2bb99,31,1618080305.589225
message,publisher,d4b3d91a-b507-4a7f-8177-771e47f2bb99,32,1618080305.5900857
message,publisher,d4b3d91a-b507-4a7f-8177-771e47f2bb99,33,1618080305.590914
message,publisher,d4b3d91a-b507-4a7f-8177-771e47f2bb99,34,1618080305.5917313
message,publisher,d4b3d91a-b507-4a7f-8177-771e47f2bb99,35,1618080305.5924668
message,publisher,d4b3d91a-b507-4a7f-8177-771e47f2bb99,36,1618080305.5931327
message,publisher,d4b3d91a-b507-4a7f-8177-771e47f2bb99,37,1618080305.5939765
message,publisher,d4b3d91a-b507-4a7f-8177-771e47f2bb99,38,1618080305.5948172
message,publisher,d4b3d91a-b507-4a7f-8177-771e47f2bb99,39,1618080305.595744
message,publisher,d4b3d91a-b507-4a7f-8177-771e47f2bb99,40,1618080305.5965993
message,publisher,d4b3d91a-b507-4a7f-8177-771e47f2bb99,41,1618080305.597386
message,publisher,d4b3d91a-b507-4a7f-8177-771e47f2bb99,42,1618080305.5981834
message,publisher,d4b3d91a-b507-4a7f-8177-771e47f2bb99,43,1618080305.599139
message,publisher,d4b3d91a-b507-4a7f-8177-771e47f2bb99,44,1618080305.599999
message,publisher,d4b3d91a-b507-4a7f-8177-771e47f2bb99,45,1618080305.6008484
message,publisher,d4b3d91a-b507-4a7f-8177-771e47f2bb99,46,1618080305.6017022
message,publisher,d4b3d91a-b507-4a7f-8177-771e47f2bb99,47,1618080305.6026218
message,publisher,d4b3d91a-b507-4a7f-8177-771e47f2bb99,48,1618080305.603564
message,publisher,d4b3d91a-b507-4a7f-8177-771e47f2bb99,49,1618080305.6044517
message,publisher,d4b3d91a-b507-4a7f-8177-771e47f2bb99,50,1618080305.6053457
message,publisher,d4b3d91a-b507-4a7f-8177-771e47f2bb99,51,1618080305.6062694
message,publisher,d4b3d91a-b507-4a7f-8177-771e47f2bb99,52,1618080305.607135
message,publisher,d4b3d91a-b507-4a7f-8177-771e47f2bb99,53,1618080305.6080155
message,publisher,d4b3d91a-b507-4a7f-8177-771e47f2bb99,54,1618080305.6089325
message,publisher,d4b3d91a-b507-4a7f-8177-771e47f2bb99,55,1618080305.6097949
message,publisher,d4b3d91a-b507-4a7f-8177-771e47f2bb99,56,1618080305.6107485
message,publisher,d4b3d91a-b507-4a7f-8177-771e47f2bb99,57,1618080305.6115935
message,publisher,d4b3d91a-b507-4a7f-8177-771e47f2bb99,58,1618080305.6124332
message,publisher,d4b3d91a-b507-4a7f-8177-771e47f2bb99,59,1618080305.6132622
message,publisher,d4b3d91a-b507-4a7f-8177-771e47f2bb99,60,1618080305.6141431
message,publisher,d4b3d91a-b507-4a7f-8177-771e47f2bb99,61,1618080305.6150506
message,publisher,d4b3d91a-b507-4a7f-8177-771e47f2bb99,62,1618080305.6158814
message,publisher,d4b3d91a-b507-4a7f-8177-771e47f2bb99,63,1618080305.6166956
message,publisher,d4b3d91a-b507-4a7f-8177-771e47f2bb99,64,1618080305.6175704
message,publisher,d4b3d91a-b507-4a7f-8177-771e47f2bb99,65,1618080305.6185133
message,publisher,d4b3d91a-b507-4a7f-8177-771e47f2bb99,66,1618080305.6193311
message,publisher,d4b3d91a-b507-4a7f-8177-771e47f2bb99,67,1618080305.6201358
message,publisher,d4b3d91a-b507-4a7f-8177-771e47f2bb99,68,1618080305.6210117
message,publisher,d4b3d91a-b507-4a7f-8177-771e47f2bb99,69,1618080305.6219451
message,publisher,d4b3d91a-b507-4a7f-8177-771e47f2bb99,70,1618080305.6228344
message,publisher,d4b3d91a-b507-4a7f-8177-771e47f2bb99,71,1618080305.623677
message,publisher,d4b3d91a-b507-4a7f-8177-771e47f2bb99,72,1618080305.6245253
message,publisher,d4b3d91a-b507-4a7f-8177-771e47f2bb99,73,1618080305.6253555
message,publisher,d4b3d91a-b507-4a7f-8177-771e47f2bb99,74,1618080305.626176
message,publisher,d4b3d91a-b507-4a7f-8177-771e47f2bb99,75,1618080305.6270807
message,publisher,d4b3d91a-b507-4a7f-8177-771e47f2bb99,76,1618080305.627901
message,publisher,d4b3d91a-b507-4a7f-8177-771e47f2bb99,77,1618080305.6287785
message,publisher,d4b3d91a-b507-4a7f-8177-771e47f2bb99,78,1618080305.6297538
message,publisher,d4b3d91a-b507-4a7f-8177-771e47f2bb99,79,1618080305.6307414
message,publisher,d4b3d91a-b507-4a7f-8177-771e47f2bb99,80,1618080305.6315072
message,publisher,d4b3d91a-b507-4a7f-8177-771e47f2bb99,81,1618080305.632328
message,publisher,d4b3d91a-b507-4a7f-8177-771e47f2bb99,82,1618080305.633111
message,publisher,d4b3d91a-b507-4a7f-8177-771e47f2bb99,83,1618080305.6339924
message,publisher,d4b3d91a-b507-4a7f-8177-771e47f2bb99,84,1618080305.6349144
message,publisher,d4b3d91a-b507-4a7f-8177-771e47f2bb99,85,1618080305.6356792
message,publisher,d4b3d91a-b507-4a7f-8177-771e47f2bb99,86,1618080305.6365669
message,publisher,d4b3d91a-b507-4a7f-8177-771e47f2bb99,87,1618080305.6373627
message,publisher,d4b3d91a-b507-4a7f-8177-771e47f2bb99,88,1618080305.6383448
message,publisher,d4b3d91a-b507-4a7f-8177-771e47f2bb99,89,1618080305.6391957
message,publisher,d4b3d91a-b507-4a7f-8177-771e47f2bb99,90,1618080305.640121
message,publisher,d4b3d91a-b507-4a7f-8177-771e47f2bb99,91,1618080305.641206
message,publisher,d4b3d91a-b507-4a7f-8177-771e47f2bb99,92,1618080305.642174
message,publisher,d4b3d91a-b507-4a7f-8177-771e47f2bb99,93,1618080305.6430888
message,publisher,d4b3d91a-b507-4a7f-8177-771e47f2bb99,94,1618080305.6439564
message,publisher,d4b3d91a-b507-4a7f-8177-771e47f2bb99,95,1618080305.6449168
message,publisher,d4b3d91a-b507-4a7f-8177-771e47f2bb99,96,1618080305.6459
message,publisher,d4b3d91a-b507-4a7f-8177-771e47f2bb99,97,1618080305.646772
message,publisher,d4b3d91a-b507-4a7f-8177-771e47f2bb99,98,1618080305.6477027
message,publisher,d4b3d91a-b507-4a7f-8177-771e47f2bb99,99,1618080305.648589
message,publisher,d4b3d91a-b507-4a7f-8177-771e47f2bb99,100,1618080305.649464
message,publisher,d4b3d91a-b507-4a7f-8177-771e47f2bb99,101,1618080305.6505241
message,publisher,d4b3d91a-b507-4a7f-8177-771e47f2bb99,102,1618080305.6514592
message,publisher,d4b3d91a-b507-4a7f-8177-771e47f2bb99,103,1618080305.6523201
message,publisher,d4b3d91a-b507-4a7f-8177-771e47f2bb99,104,1618080305.6531856
message,publisher,d4b3d91a-b507-4a7f-8177-771e47f2bb99,105,1618080305.6540654
message,publisher,d4b3d91a-b507-4a7f-8177-771e47f2bb99,106,1618080305.6553707
message,publisher,d4b3d91a-b507-4a7f-8177-771e47f2bb99,107,1618080305.6563592
message,publisher,d4b3d91a-b507-4a7f-8177-771e47f2bb99,108,1618080305.6572819
message,publisher,d4b3d91a-b507-4a7f-8177-771e47f2bb99,109,1618080305.6583729
message,publisher,d4b3d91a-b507-4a7f-8177-771e47f2bb99,110,1618080305.6593196
message,publisher,d4b3d91a-b507-4a7f-8177-771e47f2bb99,111,1618080305.6602361
message,publisher,d4b3d91a-b507-4a7f-8177-771e47f2bb99,112,1618080305.6611788
message,publisher,d4b3d91a-b507-4a7f-8177-771e47f2bb99,113,1618080305.6620703
message,publisher,d4b3d91a-b507-4a7f-8177-771e47f2bb99,114,1618080305.6630356
message,publisher,d4b3d91a-b507-4a7f-8177-771e47f2bb99,115,1618080305.6639326
message,publisher,d4b3d91a-b507-4a7f-8177-771e47f2bb99,116,1618080305.6648026
message,publisher,d4b3d91a-b507-4a7f-8177-771e47f2bb99,117,1618080305.6657474
message,publisher,d4b3d91a-b507-4a7f-8177-771e47f2bb99,118,1618080305.6665916
message,publisher,d4b3d91a-b507-4a7f-8177-771e47f2bb99,119,1618080305.6676488
message,publisher,d4b3d91a-b507-4a7f-8177-771e47f2bb99,120,1618080305.6684048
message,publisher,d4b3d91a-b507-4a7f-8177-771e47f2bb99,121,1618080305.6692092
message,publisher,d4b3d91a-b507-4a7f-8177-771e47f2bb99,122,1618080305.670019
message,publisher,d4b3d91a-b507-4a7f-8177-771e47f2bb99,123,1618080305.6708162
message,publisher,d4b3d91a-b507-4a7f-8177-771e47f2bb99,124,1618080305.6715572
message,publisher,d4b3d91a-b507-4a7f-8177-771e47f2bb99,125,1618080305.672266
message,publisher,d4b3d91a-b507-4a7f-8177-771e47f2bb99,126,1618080305.6730528
message,publisher,d4b3d91a-b507-4a7f-8177-771e47f2bb99,127,1618080305.6738455
message,publisher,d4b3d91a-b507-4a7f-8177-771e47f2bb99,128,1618080305.6746535
message,publisher,d4b3d91a-b507-4a7f-8177-771e47f2bb99,129,1618080305.675468
message,publisher,d4b3d91a-b507-4a7f-8177-771e47f2bb99,130,1618080305.676186
message,publisher,d4b3d91a-b507-4a7f-8177-771e47f2bb99,131,1618080305.676992
message,publisher,d4b3d91a-b507-4a7f-8177-771e47f2bb99,132,1618080305.6779063
message,publisher,d4b3d91a-b507-4a7f-8177-771e47f2bb99,133,1618080305.678749
message,publisher,d4b3d91a-b507-4a7f-8177-771e47f2bb99,134,1618080305.6795342
message,publisher,d4b3d91a-b507-4a7f-8177-771e47f2bb99,135,1618080305.6803482
message,publisher,d4b3d91a-b507-4a7f-8177-771e47f2bb99,136,1618080305.6811512
message,publisher,d4b3d91a-b507-4a7f-8177-771e47f2bb99,137,1618080305.682046
message,publisher,d4b3d91a-b507-4a7f-8177-771e47f2bb99,138,1618080305.6828444
message,publisher,d4b3d91a-b507-4a7f-8177-771e47f2bb99,139,1618080305.6835606
message,publisher,d4b3d91a-b507-4a7f-8177-771e47f2bb99,140,1618080305.6843083
message,publisher,d4b3d91a-b507-4a7f-8177-771e47f2bb99,141,1618080305.685184
message,publisher,d4b3d91a-b507-4a7f-8177-771e47f2bb99,142,1618080305.6861129
message,publisher,d4b3d91a-b507-4a7f-8177-771e47f2bb99,143,1618080305.6869447
message,publisher,d4b3d91a-b507-4a7f-8177-771e47f2bb99,144,1618080305.6877627
message,publisher,d4b3d91a-b507-4a7f-8177-771e47f2bb99,145,1618080305.6885884
message,publisher,d4b3d91a-b507-4a7f-8177-771e47f2bb99,146,1618080305.689418
message,publisher,d4b3d91a-b507-4a7f-8177-771e47f2bb99,147,1618080305.6902652
message,publisher,d4b3d91a-b507-4a7f-8177-771e47f2bb99,148,1618080305.6911778
message,publisher,d4b3d91a-b507-4a7f-8177-771e47f2bb99,149,1618080305.6921084
message,publisher,d4b3d91a-b507-4a7f-8177-771e47f2bb99,150,1618080305.6928952
message,publisher,d4b3d91a-b507-4a7f-8177-771e47f2bb99,151,1618080305.6937742
message,publisher,d4b3d91a-b507-4a7f-8177-771e47f2bb99,152,1618080305.6945906
message,publisher,d4b3d91a-b507-4a7f-8177-771e47f2bb99,153,1618080305.69536
message,publisher,d4b3d91a-b507-4a7f-8177-771e47f2bb99,154,1618080305.6961112
message,publisher,d4b3d91a-b507-4a7f-8177-771e47f2bb99,155,1618080305.6969087
message,publisher,d4b3d91a-b507-4a7f-8177-771e47f2bb99,156,1618080305.697701
message,publisher,d4b3d91a-b507-4a7f-8177-771e47f2bb99,157,1618080305.698524
message,publisher,d4b3d91a-b507-4a7f-8177-771e47f2bb99,158,1618080305.6993303
message,publisher,d4b3d91a-b507-4a7f-8177-771e47f2bb99,159,1618080305.7000785
message,publisher,d4b3d91a-b507-4a7f-8177-771e47f2bb99,160,1618080305.7007713
message,publisher,d4b3d91a-b507-4a7f-8177-771e47f2bb99,161,1618080305.7016468
message,publisher,d4b3d91a-b507-4a7f-8177-771e47f2bb99,162,1618080305.7025537
message,publisher,d4b3d91a-b507-4a7f-8177-771e47f2bb99,163,1618080305.703342
message,publisher,d4b3d91a-b507-4a7f-8177-771e47f2bb99,164,1618080305.7041047
message,publisher,d4b3d91a-b507-4a7f-8177-771e47f2bb99,165,1618080305.7050853
message,publisher,d4b3d91a-b507-4a7f-8177-771e47f2bb99,166,1618080305.7059286
message,publisher,d4b3d91a-b507-4a7f-8177-771e47f2bb99,167,1618080305.7067642
message,publisher,d4b3d91a-b507-4a7f-8177-771e47f2bb99,168,1618080305.7075088
message,publisher,d4b3d91a-b507-4a7f-8177-771e47f2bb99,169,1618080305.708173
message,publisher,d4b3d91a-b507-4a7f-8177-771e47f2bb99,170,1618080305.709125
message,publisher,d4b3d91a-b507-4a7f-8177-771e47f2bb99,171,1618080305.709976
message,publisher,d4b3d91a-b507-4a7f-8177-771e47f2bb99,172,1618080305.7107837
message,publisher,d4b3d91a-b507-4a7f-8177-771e47f2bb99,173,1618080305.711515
message,publisher,d4b3d91a-b507-4a7f-8177-771e47f2bb99,174,1618080305.7122838
message,publisher,d4b3d91a-b507-4a7f-8177-771e47f2bb99,175,1618080305.7131634
message,publisher,d4b3d91a-b507-4a7f-8177-771e47f2bb99,176,1618080305.7139916
message,publisher,d4b3d91a-b507-4a7f-8177-771e47f2bb99,177,1618080305.714732
message,publisher,d4b3d91a-b507-4a7f-8177-771e47f2bb99,178,1618080305.7154977
message,publisher,d4b3d91a-b507-4a7f-8177-771e47f2bb99,179,1618080305.7163568
message,publisher,d4b3d91a-b507-4a7f-8177-771e47f2bb99,180,1618080305.717154
message,publisher,d4b3d91a-b507-4a7f-8177-771e47f2bb99,181,1618080305.717956
message,publisher,d4b3d91a-b507-4a7f-8177-771e47f2bb99,182,1618080305.7186348
message,publisher,d4b3d91a-b507-4a7f-8177-771e47f2bb99,183,1618080305.7193184
message,publisher,d4b3d91a-b507-4a7f-8177-771e47f2bb99,184,1618080305.7199862
message,publisher,d4b3d91a-b507-4a7f-8177-771e47f2bb99,185,1618080305.7207117
message,publisher,d4b3d91a-b507-4a7f-8177-771e47f2bb99,186,1618080305.72169
message,publisher,d4b3d91a-b507-4a7f-8177-771e47f2bb99,187,1618080305.7224734
message,publisher,d4b3d91a-b507-4a7f-8177-771e47f2bb99,188,1618080305.7231927
message,publisher,d4b3d91a-b507-4a7f-8177-771e47f2bb99,189,1618080305.7240171
message,publisher,d4b3d91a-b507-4a7f-8177-771e47f2bb99,190,1618080305.725027
message,publisher,d4b3d91a-b507-4a7f-8177-771e47f2bb99,191,1618080305.725938
message,publisher,d4b3d91a-b507-4a7f-8177-771e47f2bb99,192,1618080305.7268019
message,publisher,d4b3d91a-b507-4a7f-8177-771e47f2bb99,193,1618080305.7275293
message,publisher,d4b3d91a-b507-4a7f-8177-771e47f2bb99,194,1618080305.7282574
message,publisher,d4b3d91a-b507-4a7f-8177-771e47f2bb99,195,1618080305.7291536
message,publisher,d4b3d91a-b507-4a7f-8177-771e47f2bb99,196,1618080305.7301543
message,publisher,d4b3d91a-b507-4a7f-8177-771e47f2bb99,197,1618080305.7310922
message,publisher,d4b3d91a-b507-4a7f-8177-771e47f2bb99,198,1618080305.7319486
message,publisher,d4b3d91a-b507-4a7f-8177-771e47f2bb99,199,1618080305.7329013
message,publisher,d4b3d91a-b507-4a7f-8177-771e47f2bb99,200,1618080305.7337542
message,publisher,d4b3d91a-b507-4a7f-8177-771e47f2bb99,201,1618080305.7346065
message,publisher,d4b3d91a-b507-4a7f-8177-771e47f2bb99,202,1618080305.735455
message,publisher,d4b3d91a-b507-4a7f-8177-771e47f2bb99,203,1618080305.7362065
message,publisher,d4b3d91a-b507-4a7f-8177-771e47f2bb99,204,1618080305.7370474
message,publisher,d4b3d91a-b507-4a7f-8177-771e47f2bb99,205,1618080305.737827
message,publisher,d4b3d91a-b507-4a7f-8177-771e47f2bb99,206,1618080305.7386067
message,publisher,d4b3d91a-b507-4a7f-8177-771e47f2bb99,207,1618080305.739385
message,publisher,d4b3d91a-b507-4a7f-8177-771e47f2bb99,208,1618080305.7401445
message,publisher,d4b3d91a-b507-4a7f-8177-771e47f2bb99,209,1618080305.7409883
message,publisher,d4b3d91a-b507-4a7f-8177-771e47f2bb99,210,1618080305.7417715
message,publisher,d4b3d91a-b507-4a7f-8177-771e47f2bb99,211,1618080305.742493
message,publisher,d4b3d91a-b507-4a7f-8177-771e47f2bb99,212,1618080305.7433014
message,publisher,d4b3d91a-b507-4a7f-8177-771e47f2bb99,213,1618080305.7439501
message,publisher,d4b3d91a-b507-4a7f-8177-771e47f2bb99,214,1618080305.7448282
message,publisher,d4b3d91a-b507-4a7f-8177-771e47f2bb99,215,1618080305.745697
message,publisher,d4b3d91a-b507-4a7f-8177-771e47f2bb99,216,1618080305.7464478
message,publisher,d4b3d91a-b507-4a7f-8177-771e47f2bb99,217,1618080305.7471657
message,publisher,d4b3d91a-b507-4a7f-8177-771e47f2bb99,218,1618080305.7478876
message,publisher,d4b3d91a-b507-4a7f-8177-771e47f2bb99,219,1618080305.74856
message,publisher,d4b3d91a-b507-4a7f-8177-771e47f2bb99,220,1618080305.7493079
message,publisher,d4b3d91a-b507-4a7f-8177-771e47f2bb99,221,1618080305.7501256
message,publisher,d4b3d91a-b507-4a7f-8177-771e47f2bb99,222,1618080305.7508352
message,publisher,d4b3d91a-b507-4a7f-8177-771e47f2bb99,223,1618080305.751544
message,publisher,d4b3d91a-b507-4a7f-8177-771e47f2bb99,224,1618080305.7522285
message,publisher,d4b3d91a-b507-4a7f-8177-771e47f2bb99,225,1618080305.7530062
message,publisher,d4b3d91a-b507-4a7f-8177-771e47f2bb99,226,1618080305.753768
message,publisher,d4b3d91a-b507-4a7f-8177-771e47f2bb99,227,1618080305.7544746
message,publisher,d4b3d91a-b507-4a7f-8177-771e47f2bb99,228,1618080305.7551022
message,publisher,d4b3d91a-b507-4a7f-8177-771e47f2bb99,229,1618080305.7556684
message,publisher,d4b3d91a-b507-4a7f-8177-771e47f2bb99,230,1618080305.756267
message,publisher,d4b3d91a-b507-4a7f-8177-771e47f2bb99,231,1618080305.7569878
message,publisher,d4b3d91a-b507-4a7f-8177-771e47f2bb99,232,1618080305.7577553
message,publisher,d4b3d91a-b507-4a7f-8177-771e47f2bb99,233,1618080305.758468
message,publisher,d4b3d91a-b507-4a7f-8177-771e47f2bb99,234,1618080305.759167
message,publisher,d4b3d91a-b507-4a7f-8177-771e47f2bb99,235,1618080305.7599082
message,publisher,d4b3d91a-b507-4a7f-8177-771e47f2bb99,236,1618080305.7606487
message,publisher,d4b3d91a-b507-4a7f-8177-771e47f2bb99,237,1618080305.761296
message,publisher,d4b3d91a-b507-4a7f-8177-771e47f2bb99,238,1618080305.7620425
message,publisher,d4b3d91a-b507-4a7f-8177-771e47f2bb99,239,1618080305.7626948
message,publisher,d4b3d91a-b507-4a7f-8177-771e47f2bb99,240,1618080305.7632887
message,publisher,d4b3d91a-b507-4a7f-8177-771e47f2bb99,241,1618080305.7639658
message,publisher,d4b3d91a-b507-4a7f-8177-771e47f2bb99,242,1618080305.764818
message,publisher,d4b3d91a-b507-4a7f-8177-771e47f2bb99,243,1618080305.7655241
message,publisher,d4b3d91a-b507-4a7f-8177-771e47f2bb99,244,1618080305.766255
message,publisher,d4b3d91a-b507-4a7f-8177-771e47f2bb99,245,1618080305.7669735
message,publisher,d4b3d91a-b507-4a7f-8177-771e47f2bb99,246,1618080305.7676845
message,publisher,d4b3d91a-b507-4a7f-8177-771e47f2bb99,247,1618080305.7684727
message,publisher,d4b3d91a-b507-4a7f-8177-771e47f2bb99,248,1618080305.7692018
message,publisher,d4b3d91a-b507-4a7f-8177-771e47f2bb99,249,1618080305.7699385
message,publisher,d4b3d91a-b507-4a7f-8177-771e47f2bb99,250,1618080305.7705364
message,publisher,d4b3d91a-b507-4a7f-8177-771e47f2bb99,251,1618080305.771233
message,publisher,d4b3d91a-b507-4a7f-8177-771e47f2bb99,252,1618080305.771951
message,publisher,d4b3d91a-b507-4a7f-8177-771e47f2bb99,253,1618080305.7726994
message,publisher,d4b3d91a-b507-4a7f-8177-771e47f2bb99,254,1618080305.773267
message,publisher,d4b3d91a-b507-4a7f-8177-771e47f2bb99,255,1618080305.774002
message,publisher,d4b3d91a-b507-4a7f-8177-771e47f2bb99,256,1618080305.7746978
message,publisher,d4b3d91a-b507-4a7f-8177-771e47f2bb99,257,1618080305.7753978
message,publisher,d4b3d91a-b507-4a7f-8177-771e47f2bb99,258,1618080305.776006
message,publisher,d4b3d91a-b507-4a7f-8177-771e47f2bb99,259,1618080305.7767537
message,publisher,d4b3d91a-b507-4a7f-8177-771e47f2bb99,260,1618080305.777419
message,publisher,d4b3d91a-b507-4a7f-8177-771e47f2bb99,261,1618080305.7781298
message,publisher,d4b3d91a-b507-4a7f-8177-771e47f2bb99,262,1618080305.7787607
message,publisher,d4b3d91a-b507-4a7f-8177-771e47f2bb99,263,1618080305.779479
message,publisher,d4b3d91a-b507-4a7f-8177-771e47f2bb99,264,1618080305.7801106
message,publisher,d4b3d91a-b507-4a7f-8177-771e47f2bb99,265,1618080305.7808452
message,publisher,d4b3d91a-b507-4a7f-8177-771e47f2bb99,266,1618080305.7816153
message,publisher,d4b3d91a-b507-4a7f-8177-771e47f2bb99,267,1618080305.782419
message,publisher,d4b3d91a-b507-4a7f-8177-771e47f2bb99,268,1618080305.7832272
message,publisher,d4b3d91a-b507-4a7f-8177-771e47f2bb99,269,1618080305.7840009
message,publisher,d4b3d91a-b507-4a7f-8177-771e47f2bb99,270,1618080305.7849395
message,publisher,d4b3d91a-b507-4a7f-8177-771e47f2bb99,271,1618080305.7857382
message,publisher,d4b3d91a-b507-4a7f-8177-771e47f2bb99,272,1618080305.786552
message,publisher,d4b3d91a-b507-4a7f-8177-771e47f2bb99,273,1618080305.7873843
message,publisher,d4b3d91a-b507-4a7f-8177-771e47f2bb99,274,1618080305.7881355
message,publisher,d4b3d91a-b507-4a7f-8177-771e47f2bb99,275,1618080305.7889214
message,publisher,d4b3d91a-b507-4a7f-8177-771e47f2bb99,276,1618080305.7897642
message,publisher,d4b3d91a-b507-4a7f-8177-771e47f2bb99,277,1618080305.790594
message,publisher,d4b3d91a-b507-4a7f-8177-771e47f2bb99,278,1618080305.7914674
message,publisher,d4b3d91a-b507-4a7f-8177-771e47f2bb99,279,1618080305.7922237
message,publisher,d4b3d91a-b507-4a7f-8177-771e47f2bb99,280,1618080305.7930229
message,publisher,d4b3d91a-b507-4a7f-8177-771e47f2bb99,281,1618080305.7938004
message,publisher,d4b3d91a-b507-4a7f-8177-771e47f2bb99,282,1618080305.7945533
message,publisher,d4b3d91a-b507-4a7f-8177-771e47f2bb99,283,1618080305.7953181
message,publisher,d4b3d91a-b507-4a7f-8177-771e47f2bb99,284,1618080305.7960374
message,publisher,d4b3d91a-b507-4a7f-8177-771e47f2bb99,285,1618080305.7967367
message,publisher,d4b3d91a-b507-4a7f-8177-771e47f2bb99,286,1618080305.7975657
message,publisher,d4b3d91a-b507-4a7f-8177-771e47f2bb99,287,1618080305.7983592
message,publisher,d4b3d91a-b507-4a7f-8177-771e47f2bb99,288,1618080305.7990565
message,publisher,d4b3d91a-b507-4a7f-8177-771e47f2bb99,289,1618080305.799815
message,publisher,d4b3d91a-b507-4a7f-8177-771e47f2bb99,290,1618080305.8005934
message,publisher,d4b3d91a-b507-4a7f-8177-771e47f2bb99,291,1618080305.8012674
message,publisher,d4b3d91a-b507-4a7f-8177-771e47f2bb99,292,1618080305.8020692
message,publisher,d4b3d91a-b507-4a7f-8177-771e47f2bb99,293,1618080305.8027327
message,publisher,d4b3d91a-b507-4a7f-8177-771e47f2bb99,294,1618080305.803486
message,publisher,d4b3d91a-b507-4a7f-8177-771e47f2bb99,295,1618080305.804306
message,publisher,d4b3d91a-b507-4a7f-8177-771e47f2bb99,296,1618080305.8050714
message,publisher,d4b3d91a-b507-4a7f-8177-771e47f2bb99,297,1618080305.8058796
message,publisher,d4b3d91a-b507-4a7f-8177-771e47f2bb99,298,1618080305.806621
message,publisher,d4b3d91a-b507-4a7f-8177-771e47f2bb99,299,1618080305.8073132
message,publisher,d4b3d91a-b507-4a7f-8177-771e47f2bb99,300,1618080305.8080468
message,publisher,d4b3d91a-b507-4a7f-8177-771e47f2bb99,301,1618080305.8090112
message,publisher,d4b3d91a-b507-4a7f-8177-771e47f2bb99,302,1618080305.8098166
message,publisher,d4b3d91a-b507-4a7f-8177-771e47f2bb99,303,1618080305.8105903
message,publisher,d4b3d91a-b507-4a7f-8177-771e47f2bb99,304,1618080305.811391
message,publisher,d4b3d91a-b507-4a7f-8177-771e47f2bb99,305,1618080305.8121178
message,publisher,d4b3d91a-b507-4a7f-8177-771e47f2bb99,306,1618080305.8128536
message,publisher,d4b3d91a-b507-4a7f-8177-771e47f2bb99,307,1618080305.8136988
message,publisher,d4b3d91a-b507-4a7f-8177-771e47f2bb99,308,1618080305.814564
message,publisher,d4b3d91a-b507-4a7f-8177-771e47f2bb99,309,1618080305.8153713
message,publisher,d4b3d91a-b507-4a7f-8177-771e47f2bb99,310,1618080305.816215
message,publisher,d4b3d91a-b507-4a7f-8177-771e47f2bb99,311,1618080305.816905
message,publisher,d4b3d91a-b507-4a7f-8177-771e47f2bb99,312,1618080305.8176198
message,publisher,d4b3d91a-b507-4a7f-8177-771e47f2bb99,313,1618080305.818275
message,publisher,d4b3d91a-b507-4a7f-8177-771e47f2bb99,314,1618080305.8190823
message,publisher,d4b3d91a-b507-4a7f-8177-771e47f2bb99,315,1618080305.819853
message,publisher,d4b3d91a-b507-4a7f-8177-771e47f2bb99,316,1618080305.8205826
message,publisher,d4b3d91a-b507-4a7f-8177-771e47f2bb99,317,1618080305.8213198
message,publisher,d4b3d91a-b507-4a7f-8177-771e47f2bb99,318,1618080305.822336
message,publisher,d4b3d91a-b507-4a7f-8177-771e47f2bb99,319,1618080305.8230581
message,publisher,d4b3d91a-b507-4a7f-8177-771e47f2bb99,320,1618080305.8237872
message,publisher,d4b3d91a-b507-4a7f-8177-771e47f2bb99,321,1618080305.8245952
message,publisher,d4b3d91a-b507-4a7f-8177-771e47f2bb99,322,1618080305.825408
message,publisher,d4b3d91a-b507-4a7f-8177-771e47f2bb99,323,1618080305.8261533
message,publisher,d4b3d91a-b507-4a7f-8177-771e47f2bb99,324,1618080305.8269014
message,publisher,d4b3d91a-b507-4a7f-8177-771e47f2bb99,325,1618080305.8276384
message,publisher,d4b3d91a-b507-4a7f-8177-771e47f2bb99,326,1618080305.8283808
message,publisher,d4b3d91a-b507-4a7f-8177-771e47f2bb99,327,1618080305.8291419
message,publisher,d4b3d91a-b507-4a7f-8177-771e47f2bb99,328,1618080305.8300056
message,publisher,d4b3d91a-b507-4a7f-8177-771e47f2bb99,329,1618080305.8307362
message,publisher,d4b3d91a-b507-4a7f-8177-771e47f2bb99,330,1618080305.83143
message,publisher,d4b3d91a-b507-4a7f-8177-771e47f2bb99,331,1618080305.8321075
message,publisher,d4b3d91a-b507-4a7f-8177-771e47f2bb99,332,1618080305.832868
message,publisher,d4b3d91a-b507-4a7f-8177-771e47f2bb99,333,1618080305.8336813
message,publisher,d4b3d91a-b507-4a7f-8177-771e47f2bb99,334,1618080305.83452
message,publisher,d4b3d91a-b507-4a7f-8177-771e47f2bb99,335,1618080305.8352065
message,publisher,d4b3d91a-b507-4a7f-8177-771e47f2bb99,336,1618080305.8358586
message,publisher,d4b3d91a-b507-4a7f-8177-771e47f2bb99,337,1618080305.836575
message,publisher,d4b3d91a-b507-4a7f-8177-771e47f2bb99,338,1618080305.8373902
message,publisher,d4b3d91a-b507-4a7f-8177-771e47f2bb99,339,1618080305.8381488
message,publisher,d4b3d91a-b507-4a7f-8177-771e47f2bb99,340,1618080305.8389108
message,publisher,d4b3d91a-b507-4a7f-8177-771e47f2bb99,341,1618080305.839642
message,publisher,d4b3d91a-b507-4a7f-8177-771e47f2bb99,342,1618080305.840282
message,publisher,d4b3d91a-b507-4a7f-8177-771e47f2bb99,343,1618080305.8410447
message,publisher,d4b3d91a-b507-4a7f-8177-771e47f2bb99,344,1618080305.8418207
message,publisher,d4b3d91a-b507-4a7f-8177-771e47f2bb99,345,1618080305.842577
message,publisher,d4b3d91a-b507-4a7f-8177-771e47f2bb99,346,1618080305.8433352
message,publisher,d4b3d91a-b507-4a7f-8177-771e47f2bb99,347,1618080305.8440151
message,publisher,d4b3d91a-b507-4a7f-8177-771e47f2bb99,348,1618080305.844897
message,publisher,d4b3d91a-b507-4a7f-8177-771e47f2bb99,349,1618080305.845776
message,publisher,d4b3d91a-b507-4a7f-8177-771e47f2bb99,350,1618080305.8466024
message,publisher,d4b3d91a-b507-4a7f-8177-771e47f2bb99,351,1618080305.847453
message,publisher,d4b3d91a-b507-4a7f-8177-771e47f2bb99,352,1618080305.8481102
message,publisher,d4b3d91a-b507-4a7f-8177-771e47f2bb99,353,1618080305.8488324
message,publisher,d4b3d91a-b507-4a7f-8177-771e47f2bb99,354,1618080305.849592
message,publisher,d4b3d91a-b507-4a7f-8177-771e47f2bb99,355,1618080305.850366
message,publisher,d4b3d91a-b507-4a7f-8177-771e47f2bb99,356,1618080305.8511004
message,publisher,d4b3d91a-b507-4a7f-8177-771e47f2bb99,357,1618080305.8517973
message,publisher,d4b3d91a-b507-4a7f-8177-771e47f2bb99,358,1618080305.8525906
message,publisher,d4b3d91a-b507-4a7f-8177-771e47f2bb99,359,1618080305.8532398
message,publisher,d4b3d91a-b507-4a7f-8177-771e47f2bb99,360,1618080305.8540423
message,publisher,d4b3d91a-b507-4a7f-8177-771e47f2bb99,361,1618080305.8548257
message,publisher,d4b3d91a-b507-4a7f-8177-771e47f2bb99,362,1618080305.8555512
message,publisher,d4b3d91a-b507-4a7f-8177-771e47f2bb99,363,1618080305.856324
message,publisher,d4b3d91a-b507-4a7f-8177-771e47f2bb99,364,1618080305.8570259
message,publisher,d4b3d91a-b507-4a7f-8177-771e47f2bb99,365,1618080305.8577259
message,publisher,d4b3d91a-b507-4a7f-8177-771e47f2bb99,366,1618080305.8585553
message,publisher,d4b3d91a-b507-4a7f-8177-771e47f2bb99,367,1618080305.8594215
message,publisher,d4b3d91a-b507-4a7f-8177-771e47f2bb99,368,1618080305.8601804
message,publisher,d4b3d91a-b507-4a7f-8177-771e47f2bb99,369,1618080305.8609366
message,publisher,d4b3d91a-b507-4a7f-8177-771e47f2bb99,370,1618080305.8616915
message,publisher,d4b3d91a-b507-4a7f-8177-771e47f2bb99,371,1618080305.8623612
message,publisher,d4b3d91a-b507-4a7f-8177-771e47f2bb99,372,1618080305.863151
message,publisher,d4b3d91a-b507-4a7f-8177-771e47f2bb99,373,1618080305.8639522
message,publisher,d4b3d91a-b507-4a7f-8177-771e47f2bb99,374,1618080305.8648417
message,publisher,d4b3d91a-b507-4a7f-8177-771e47f2bb99,375,1618080305.8655634
message,publisher,d4b3d91a-b507-4a7f-8177-771e47f2bb99,376,1618080305.8662632
message,publisher,d4b3d91a-b507-4a7f-8177-771e47f2bb99,377,1618080305.866942
message,publisher,d4b3d91a-b507-4a7f-8177-771e47f2bb99,378,1618080305.867727
message,publisher,d4b3d91a-b507-4a7f-8177-771e47f2bb99,379,1618080305.8685224
message,publisher,d4b3d91a-b507-4a7f-8177-771e47f2bb99,380,1618080305.8691823
message,publisher,d4b3d91a-b507-4a7f-8177-771e47f2bb99,381,1618080305.8699448
message,publisher,d4b3d91a-b507-4a7f-8177-771e47f2bb99,382,1618080305.8706503
message,publisher,d4b3d91a-b507-4a7f-8177-771e47f2bb99,383,1618080305.8713565
message,publisher,d4b3d91a-b507-4a7f-8177-771e47f2bb99,384,1618080305.872079
message,publisher,d4b3d91a-b507-4a7f-8177-771e47f2bb99,385,1618080305.8730025
message,publisher,d4b3d91a-b507-4a7f-8177-771e47f2bb99,386,1618080305.8737733
message,publisher,d4b3d91a-b507-4a7f-8177-771e47f2bb99,387,1618080305.8744276
message,publisher,d4b3d91a-b507-4a7f-8177-771e47f2bb99,388,1618080305.875143
message,publisher,d4b3d91a-b507-4a7f-8177-771e47f2bb99,389,1618080305.875957
message,publisher,d4b3d91a-b507-4a7f-8177-771e47f2bb99,390,1618080305.8769603
message,publisher,d4b3d91a-b507-4a7f-8177-771e47f2bb99,391,1618080305.8778365
message,publisher,d4b3d91a-b507-4a7f-8177-771e47f2bb99,392,1618080305.878642
message,publisher,d4b3d91a-b507-4a7f-8177-771e47f2bb99,393,1618080305.8793502
message,publisher,d4b3d91a-b507-4a7f-8177-771e47f2bb99,394,1618080305.8800714
message,publisher,d4b3d91a-b507-4a7f-8177-771e47f2bb99,395,1618080305.8807042
message,publisher,d4b3d91a-b507-4a7f-8177-771e47f2bb99,396,1618080305.8814294
message,publisher,d4b3d91a-b507-4a7f-8177-771e47f2bb99,397,1618080305.8822734
message,publisher,d4b3d91a-b507-4a7f-8177-771e47f2bb99,398,1618080305.88308
message,publisher,d4b3d91a-b507-4a7f-8177-771e47f2bb99,399,1618080305.883858
message,publisher,d4b3d91a-b507-4a7f-8177-771e47f2bb99,400,1618080305.8846154
message,publisher,d4b3d91a-b507-4a7f-8177-771e47f2bb99,401,1618080305.8853388
message,publisher,d4b3d91a-b507-4a7f-8177-771e47f2bb99,402,1618080305.8861349
message,publisher,d4b3d91a-b507-4a7f-8177-771e47f2bb99,403,1618080305.8870366
message,publisher,d4b3d91a-b507-4a7f-8177-771e47f2bb99,404,1618080305.887878
message,publisher,d4b3d91a-b507-4a7f-8177-771e47f2bb99,405,1618080305.8887165
message,publisher,d4b3d91a-b507-4a7f-8177-771e47f2bb99,406,1618080305.88945
message,publisher,d4b3d91a-b507-4a7f-8177-771e47f2bb99,407,1618080305.8902457
message,publisher,d4b3d91a-b507-4a7f-8177-771e47f2bb99,408,1618080305.891012
message,publisher,d4b3d91a-b507-4a7f-8177-771e47f2bb99,409,1618080305.891755
message,publisher,d4b3d91a-b507-4a7f-8177-771e47f2bb99,410,1618080305.8925552
message,publisher,d4b3d91a-b507-4a7f-8177-771e47f2bb99,411,1618080305.8933294
message,publisher,d4b3d91a-b507-4a7f-8177-771e47f2bb99,412,1618080305.8940775
message,publisher,d4b3d91a-b507-4a7f-8177-771e47f2bb99,413,1618080305.8949304
message,publisher,d4b3d91a-b507-4a7f-8177-771e47f2bb99,414,1618080305.8956494
message,publisher,d4b3d91a-b507-4a7f-8177-771e47f2bb99,415,1618080305.8963637
message,publisher,d4b3d91a-b507-4a7f-8177-771e47f2bb99,416,1618080305.8971632
message,publisher,d4b3d91a-b507-4a7f-8177-771e47f2bb99,417,1618080305.8980153
message,publisher,d4b3d91a-b507-4a7f-8177-771e47f2bb99,418,1618080305.8989058
message,publisher,d4b3d91a-b507-4a7f-8177-771e47f2bb99,419,1618080305.8996916
message,publisher,d4b3d91a-b507-4a7f-8177-771e47f2bb99,420,1618080305.9004986
message,publisher,d4b3d91a-b507-4a7f-8177-771e47f2bb99,421,1618080305.901244
message,publisher,d4b3d91a-b507-4a7f-8177-771e47f2bb99,422,1618080305.9020472
message,publisher,d4b3d91a-b507-4a7f-8177-771e47f2bb99,423,1618080305.9028487
message,publisher,d4b3d91a-b507-4a7f-8177-771e47f2bb99,424,1618080305.903735
message,publisher,d4b3d91a-b507-4a7f-8177-771e47f2bb99,425,1618080305.9045358
message,publisher,d4b3d91a-b507-4a7f-8177-771e47f2bb99,426,1618080305.90533
message,publisher,d4b3d91a-b507-4a7f-8177-771e47f2bb99,427,1618080305.9061441
message,publisher,d4b3d91a-b507-4a7f-8177-771e47f2bb99,428,1618080305.9069457
message,publisher,d4b3d91a-b507-4a7f-8177-771e47f2bb99,429,1618080305.907626
message,publisher,d4b3d91a-b507-4a7f-8177-771e47f2bb99,430,1618080305.908297
message,publisher,d4b3d91a-b507-4a7f-8177-771e47f2bb99,431,1618080305.9091604
message,publisher,d4b3d91a-b507-4a7f-8177-771e47f2bb99,432,1618080305.910074
message,publisher,d4b3d91a-b507-4a7f-8177-771e47f2bb99,433,1618080305.9108913
message,publisher,d4b3d91a-b507-4a7f-8177-771e47f2bb99,434,1618080305.9116821
message,publisher,d4b3d91a-b507-4a7f-8177-771e47f2bb99,435,1618080305.9125783
message,publisher,d4b3d91a-b507-4a7f-8177-771e47f2bb99,436,1618080305.9133146
message,publisher,d4b3d91a-b507-4a7f-8177-771e47f2bb99,437,1618080305.9141197
message,publisher,d4b3d91a-b507-4a7f-8177-771e47f2bb99,438,1618080305.914998
message,publisher,d4b3d91a-b507-4a7f-8177-771e47f2bb99,439,1618080305.9159453
message,publisher,d4b3d91a-b507-4a7f-8177-771e47f2bb99,440,1618080305.9168615
message,publisher,d4b3d91a-b507-4a7f-8177-771e47f2bb99,441,1618080305.9176495
message,publisher,d4b3d91a-b507-4a7f-8177-771e47f2bb99,442,1618080305.918494
message,publisher,d4b3d91a-b507-4a7f-8177-771e47f2bb99,443,1618080305.9193158
message,publisher,d4b3d91a-b507-4a7f-8177-771e47f2bb99,444,1618080305.9201596
message,publisher,d4b3d91a-b507-4a7f-8177-771e47f2bb99,445,1618080305.9211516
message,publisher,d4b3d91a-b507-4a7f-8177-771e47f2bb99,446,1618080305.9220884
message,publisher,d4b3d91a-b507-4a7f-8177-771e47f2bb99,447,1618080305.92299
message,publisher,d4b3d91a-b507-4a7f-8177-771e47f2bb99,448,1618080305.9238682
message,publisher,d4b3d91a-b507-4a7f-8177-771e47f2bb99,449,1618080305.924755
message,publisher,d4b3d91a-b507-4a7f-8177-771e47f2bb99,450,1618080305.9256258
message,publisher,d4b3d91a-b507-4a7f-8177-771e47f2bb99,451,1618080305.926602
message,publisher,d4b3d91a-b507-4a7f-8177-771e47f2bb99,452,1618080305.9274895
message,publisher,d4b3d91a-b507-4a7f-8177-771e47f2bb99,453,1618080305.928481
message,publisher,d4b3d91a-b507-4a7f-8177-771e47f2bb99,454,1618080305.9293957
message,publisher,d4b3d91a-b507-4a7f-8177-771e47f2bb99,455,1618080305.9303565
message,publisher,d4b3d91a-b507-4a7f-8177-771e47f2bb99,456,1618080305.93132
message,publisher,d4b3d91a-b507-4a7f-8177-771e47f2bb99,457,1618080305.9322174
message,publisher,d4b3d91a-b507-4a7f-8177-771e47f2bb99,458,1618080305.9332058
message,publisher,d4b3d91a-b507-4a7f-8177-771e47f2bb99,459,1618080305.9341733
message,publisher,d4b3d91a-b507-4a7f-8177-771e47f2bb99,460,1618080305.9350207
message,publisher,d4b3d91a-b507-4a7f-8177-771e47f2bb99,461,1618080305.9358616
message,publisher,d4b3d91a-b507-4a7f-8177-771e47f2bb99,462,1618080305.9367068
message,publisher,d4b3d91a-b507-4a7f-8177-771e47f2bb99,463,1618080305.9377198
message,publisher,d4b3d91a-b507-4a7f-8177-771e47f2bb99,464,1618080305.9386327
message,publisher,d4b3d91a-b507-4a7f-8177-771e47f2bb99,465,1618080305.9395564
message,publisher,d4b3d91a-b507-4a7f-8177-771e47f2bb99,466,1618080305.940523
message,publisher,d4b3d91a-b507-4a7f-8177-771e47f2bb99,467,1618080305.9413948
message,publisher,d4b3d91a-b507-4a7f-8177-771e47f2bb99,468,1618080305.942347
message,publisher,d4b3d91a-b507-4a7f-8177-771e47f2bb99,469,1618080305.9432373
message,publisher,d4b3d91a-b507-4a7f-8177-771e47f2bb99,470,1618080305.9440777
message,publisher,d4b3d91a-b507-4a7f-8177-771e47f2bb99,471,1618080305.9450407
message,publisher,d4b3d91a-b507-4a7f-8177-771e47f2bb99,472,1618080305.946012
message,publisher,d4b3d91a-b507-4a7f-8177-771e47f2bb99,473,1618080305.9468791
message,publisher,d4b3d91a-b507-4a7f-8177-771e47f2bb99,474,1618080305.9477656
message,publisher,d4b3d91a-b507-4a7f-8177-771e47f2bb99,475,1618080305.9486945
message,publisher,d4b3d91a-b507-4a7f-8177-771e47f2bb99,476,1618080305.949595
message,publisher,d4b3d91a-b507-4a7f-8177-771e47f2bb99,477,1618080305.9505544
message,publisher,d4b3d91a-b507-4a7f-8177-771e47f2bb99,478,1618080305.951435
message,publisher,d4b3d91a-b507-4a7f-8177-771e47f2bb99,479,1618080305.952347
message,publisher,d4b3d91a-b507-4a7f-8177-771e47f2bb99,480,1618080305.9532256
message,publisher,d4b3d91a-b507-4a7f-8177-771e47f2bb99,481,1618080305.9541783
message,publisher,d4b3d91a-b507-4a7f-8177-771e47f2bb99,482,1618080305.9551902
message,publisher,d4b3d91a-b507-4a7f-8177-771e47f2bb99,483,1618080305.95611
message,publisher,d4b3d91a-b507-4a7f-8177-771e47f2bb99,484,1618080305.9570615
message,publisher,d4b3d91a-b507-4a7f-8177-771e47f2bb99,485,1618080305.957971
message,publisher,d4b3d91a-b507-4a7f-8177-771e47f2bb99,486,1618080305.9588542
message,publisher,d4b3d91a-b507-4a7f-8177-771e47f2bb99,487,1618080305.9598188
message,publisher,d4b3d91a-b507-4a7f-8177-771e47f2bb99,488,1618080305.960624
message,publisher,d4b3d91a-b507-4a7f-8177-771e47f2bb99,489,1618080305.9614704
message,publisher,d4b3d91a-b507-4a7f-8177-771e47f2bb99,490,1618080305.9623709
message,publisher,d4b3d91a-b507-4a7f-8177-771e47f2bb99,491,1618080305.9632087
message,publisher,d4b3d91a-b507-4a7f-8177-771e47f2bb99,492,1618080305.9640906
message,publisher,d4b3d91a-b507-4a7f-8177-771e47f2bb99,493,1618080305.964976
message,publisher,d4b3d91a-b507-4a7f-8177-771e47f2bb99,494,1618080305.9657845
message,publisher,d4b3d91a-b507-4a7f-8177-771e47f2bb99,495,1618080305.966599
message,publisher,d4b3d91a-b507-4a7f-8177-771e47f2bb99,496,1618080305.9673986
message,publisher,d4b3d91a-b507-4a7f-8177-771e47f2bb99,497,1618080305.968033
message,publisher,d4b3d91a-b507-4a7f-8177-771e47f2bb99,498,1618080305.9687831
message,publisher,d4b3d91a-b507-4a7f-8177-771e47f2bb99,499,1618080305.9695752
message,publisher,d4b3d91a-b507-4a7f-8177-771e47f2bb99,500,1618080305.9703898
message,publisher,d4b3d91a-b507-4a7f-8177-771e47f2bb99,501,1618080305.9711013
message,publisher,d4b3d91a-b507-4a7f-8177-771e47f2bb99,502,1618080305.9718513
message,publisher,d4b3d91a-b507-4a7f-8177-771e47f2bb99,503,1618080305.9726102
message,publisher,d4b3d91a-b507-4a7f-8177-771e47f2bb99,504,1618080305.9733627
message,publisher,d4b3d91a-b507-4a7f-8177-771e47f2bb99,505,1618080305.9742062
message,publisher,d4b3d91a-b507-4a7f-8177-771e47f2bb99,506,1618080305.9750414
message,publisher,d4b3d91a-b507-4a7f-8177-771e47f2bb99,507,1618080305.9757733
message,publisher,d4b3d91a-b507-4a7f-8177-771e47f2bb99,508,1618080305.9765806
message,publisher,d4b3d91a-b507-4a7f-8177-771e47f2bb99,509,1618080305.9772754
message,publisher,d4b3d91a-b507-4a7f-8177-771e47f2bb99,510,1618080305.9779763
message,publisher,d4b3d91a-b507-4a7f-8177-771e47f2bb99,511,1618080305.978784
message,publisher,d4b3d91a-b507-4a7f-8177-771e47f2bb99,512,1618080305.979555
message,publisher,d4b3d91a-b507-4a7f-8177-771e47f2bb99,513,1618080305.9802864
message,publisher,d4b3d91a-b507-4a7f-8177-771e47f2bb99,514,1618080305.9810588
message,publisher,d4b3d91a-b507-4a7f-8177-771e47f2bb99,515,1618080305.9818556
message,publisher,d4b3d91a-b507-4a7f-8177-771e47f2bb99,516,1618080305.9825888
message,publisher,d4b3d91a-b507-4a7f-8177-771e47f2bb99,517,1618080305.9833803
message,publisher,d4b3d91a-b507-4a7f-8177-771e47f2bb99,518,1618080305.984176
message,publisher,d4b3d91a-b507-4a7f-8177-771e47f2bb99,519,1618080305.9849188
message,publisher,d4b3d91a-b507-4a7f-8177-771e47f2bb99,520,1618080305.9856803
message,publisher,d4b3d91a-b507-4a7f-8177-771e47f2bb99,521,1618080305.9864268
message,publisher,d4b3d91a-b507-4a7f-8177-771e47f2bb99,522,1618080305.9871745
message,publisher,d4b3d91a-b507-4a7f-8177-771e47f2bb99,523,1618080305.9879687
message,publisher,d4b3d91a-b507-4a7f-8177-771e47f2bb99,524,1618080305.9889145
message,publisher,d4b3d91a-b507-4a7f-8177-771e47f2bb99,525,1618080305.9898615
message,publisher,d4b3d91a-b507-4a7f-8177-771e47f2bb99,526,1618080305.9907804
message,publisher,d4b3d91a-b507-4a7f-8177-771e47f2bb99,527,1618080305.9916046
message,publisher,d4b3d91a-b507-4a7f-8177-771e47f2bb99,528,1618080305.9923322
message,publisher,d4b3d91a-b507-4a7f-8177-771e47f2bb99,529,1618080305.9931242
message,publisher,d4b3d91a-b507-4a7f-8177-771e47f2bb99,530,1618080305.9941401
message,publisher,d4b3d91a-b507-4a7f-8177-771e47f2bb99,531,1618080305.9949572
message,publisher,d4b3d91a-b507-4a7f-8177-771e47f2bb99,532,1618080305.9956143
message,publisher,d4b3d91a-b507-4a7f-8177-771e47f2bb99,533,1618080305.9964063
message,publisher,d4b3d91a-b507-4a7f-8177-771e47f2bb99,534,1618080305.9971895
message,publisher,d4b3d91a-b507-4a7f-8177-771e47f2bb99,535,1618080305.998077
message,publisher,d4b3d91a-b507-4a7f-8177-771e47f2bb99,536,1618080305.998975
message,publisher,d4b3d91a-b507-4a7f-8177-771e47f2bb99,537,1618080305.9998016
message,publisher,d4b3d91a-b507-4a7f-8177-771e47f2bb99,538,1618080306.0005581
message,publisher,d4b3d91a-b507-4a7f-8177-771e47f2bb99,539,1618080306.0013297
message,publisher,d4b3d91a-b507-4a7f-8177-771e47f2bb99,540,1618080306.0020707
message,publisher,d4b3d91a-b507-4a7f-8177-771e47f2bb99,541,1618080306.0028775
message,publisher,d4b3d91a-b507-4a7f-8177-771e47f2bb99,542,1618080306.0036807
message,publisher,d4b3d91a-b507-4a7f-8177-771e47f2bb99,543,1618080306.0044777
message,publisher,d4b3d91a-b507-4a7f-8177-771e47f2bb99,544,1618080306.005337
message,publisher,d4b3d91a-b507-4a7f-8177-771e47f2bb99,545,1618080306.0061922
message,publisher,d4b3d91a-b507-4a7f-8177-771e47f2bb99,546,1618080306.0069773
message,publisher,d4b3d91a-b507-4a7f-8177-771e47f2bb99,547,1618080306.007769
message,publisher,d4b3d91a-b507-4a7f-8177-771e47f2bb99,548,1618080306.0085685
message,publisher,d4b3d91a-b507-4a7f-8177-771e47f2bb99,549,1618080306.0093186
message,publisher,d4b3d91a-b507-4a7f-8177-771e47f2bb99,550,1618080306.0101585
message,publisher,d4b3d91a-b507-4a7f-8177-771e47f2bb99,551,1618080306.0110526
message,publisher,d4b3d91a-b507-4a7f-8177-771e47f2bb99,552,1618080306.0118809
message,publisher,d4b3d91a-b507-4a7f-8177-771e47f2bb99,553,1618080306.012744
message,publisher,d4b3d91a-b507-4a7f-8177-771e47f2bb99,554,1618080306.0137548
message,publisher,d4b3d91a-b507-4a7f-8177-771e47f2bb99,555,1618080306.0146432
message,publisher,d4b3d91a-b507-4a7f-8177-771e47f2bb99,556,1618080306.0155354
message,publisher,d4b3d91a-b507-4a7f-8177-771e47f2bb99,557,1618080306.0164435
message,publisher,d4b3d91a-b507-4a7f-8177-771e47f2bb99,558,1618080306.0173295
message,publisher,d4b3d91a-b507-4a7f-8177-771e47f2bb99,559,1618080306.0182562
message,publisher,d4b3d91a-b507-4a7f-8177-771e47f2bb99,560,1618080306.0192122
message,publisher,d4b3d91a-b507-4a7f-8177-771e47f2bb99,561,1618080306.0201287
message,publisher,d4b3d91a-b507-4a7f-8177-771e47f2bb99,562,1618080306.0212107
message,publisher,d4b3d91a-b507-4a7f-8177-771e47f2bb99,563,1618080306.0221913
message,publisher,d4b3d91a-b507-4a7f-8177-771e47f2bb99,564,1618080306.0231006
message,publisher,d4b3d91a-b507-4a7f-8177-771e47f2bb99,565,1618080306.0240085
message,publisher,d4b3d91a-b507-4a7f-8177-771e47f2bb99,566,1618080306.0249283
message,publisher,d4b3d91a-b507-4a7f-8177-771e47f2bb99,567,1618080306.0258694
message,publisher,d4b3d91a-b507-4a7f-8177-771e47f2bb99,568,1618080306.0268004
message,publisher,d4b3d91a-b507-4a7f-8177-771e47f2bb99,569,1618080306.027683
message,publisher,d4b3d91a-b507-4a7f-8177-771e47f2bb99,570,1618080306.0285356
message,publisher,d4b3d91a-b507-4a7f-8177-771e47f2bb99,571,1618080306.0294137
message,publisher,d4b3d91a-b507-4a7f-8177-771e47f2bb99,572,1618080306.0304246
message,publisher,d4b3d91a-b507-4a7f-8177-771e47f2bb99,573,1618080306.0314212
message,publisher,d4b3d91a-b507-4a7f-8177-771e47f2bb99,574,1618080306.0322711
message,publisher,d4b3d91a-b507-4a7f-8177-771e47f2bb99,575,1618080306.0332026
message,publisher,d4b3d91a-b507-4a7f-8177-771e47f2bb99,576,1618080306.0341132
message,publisher,d4b3d91a-b507-4a7f-8177-771e47f2bb99,577,1618080306.0350783
message,publisher,d4b3d91a-b507-4a7f-8177-771e47f2bb99,578,1618080306.0359678
message,publisher,d4b3d91a-b507-4a7f-8177-771e47f2bb99,579,1618080306.0369697
message,publisher,d4b3d91a-b507-4a7f-8177-771e47f2bb99,580,1618080306.0378375
message,publisher,d4b3d91a-b507-4a7f-8177-771e47f2bb99,581,1618080306.0388052
message,publisher,d4b3d91a-b507-4a7f-8177-771e47f2bb99,582,1618080306.0396686
message,publisher,d4b3d91a-b507-4a7f-8177-771e47f2bb99,583,1618080306.0405216
message,publisher,d4b3d91a-b507-4a7f-8177-771e47f2bb99,584,1618080306.0413992
message,publisher,d4b3d91a-b507-4a7f-8177-771e47f2bb99,585,1618080306.0423682
message,publisher,d4b3d91a-b507-4a7f-8177-771e47f2bb99,586,1618080306.0432594
message,publisher,d4b3d91a-b507-4a7f-8177-771e47f2bb99,587,1618080306.0441613
message,publisher,d4b3d91a-b507-4a7f-8177-771e47f2bb99,588,1618080306.045191
message,publisher,d4b3d91a-b507-4a7f-8177-771e47f2bb99,589,1618080306.0460796
message,publisher,d4b3d91a-b507-4a7f-8177-771e47f2bb99,590,1618080306.0470293
message,publisher,d4b3d91a-b507-4a7f-8177-771e47f2bb99,591,1618080306.0479953
message,publisher,d4b3d91a-b507-4a7f-8177-771e47f2bb99,592,1618080306.048979
message,publisher,d4b3d91a-b507-4a7f-8177-771e47f2bb99,593,1618080306.0498104
message,publisher,d4b3d91a-b507-4a7f-8177-771e47f2bb99,594,1618080306.0506847
message,publisher,d4b3d91a-b507-4a7f-8177-771e47f2bb99,595,1618080306.051562
message,publisher,d4b3d91a-b507-4a7f-8177-771e47f2bb99,596,1618080306.0524755
message,publisher,d4b3d91a-b507-4a7f-8177-771e47f2bb99,597,1618080306.0534837
message,publisher,d4b3d91a-b507-4a7f-8177-771e47f2bb99,598,1618080306.0544806
message,publisher,d4b3d91a-b507-4a7f-8177-771e47f2bb99,599,1618080306.0553255
message,publisher,d4b3d91a-b507-4a7f-8177-771e47f2bb99,600,1618080306.056161
message,publisher,d4b3d91a-b507-4a7f-8177-771e47f2bb99,601,1618080306.0571105
message,publisher,d4b3d91a-b507-4a7f-8177-771e47f2bb99,602,1618080306.0578754
message,publisher,d4b3d91a-b507-4a7f-8177-771e47f2bb99,603,1618080306.0586936
message,publisher,d4b3d91a-b507-4a7f-8177-771e47f2bb99,604,1618080306.0595903
message,publisher,d4b3d91a-b507-4a7f-8177-771e47f2bb99,605,1618080306.0604095
message,publisher,d4b3d91a-b507-4a7f-8177-771e47f2bb99,606,1618080306.0611913
message,publisher,d4b3d91a-b507-4a7f-8177-771e47f2bb99,607,1618080306.0620766
message,publisher,d4b3d91a-b507-4a7f-8177-771e47f2bb99,608,1618080306.0629327
message,publisher,d4b3d91a-b507-4a7f-8177-771e47f2bb99,609,1618080306.0638764
message,publisher,d4b3d91a-b507-4a7f-8177-771e47f2bb99,610,1618080306.0648408
message,publisher,d4b3d91a-b507-4a7f-8177-771e47f2bb99,611,1618080306.0657072
message,publisher,d4b3d91a-b507-4a7f-8177-771e47f2bb99,612,1618080306.0665174
message,publisher,d4b3d91a-b507-4a7f-8177-771e47f2bb99,613,1618080306.0672557
message,publisher,d4b3d91a-b507-4a7f-8177-771e47f2bb99,614,1618080306.068049
message,publisher,d4b3d91a-b507-4a7f-8177-771e47f2bb99,615,1618080306.0689363
message,publisher,d4b3d91a-b507-4a7f-8177-771e47f2bb99,616,1618080306.0698407
message,publisher,d4b3d91a-b507-4a7f-8177-771e47f2bb99,617,1618080306.0707884
message,publisher,d4b3d91a-b507-4a7f-8177-771e47f2bb99,618,1618080306.0717115
message,publisher,d4b3d91a-b507-4a7f-8177-771e47f2bb99,619,1618080306.0725381
message,publisher,d4b3d91a-b507-4a7f-8177-771e47f2bb99,620,1618080306.0733702
message,publisher,d4b3d91a-b507-4a7f-8177-771e47f2bb99,621,1618080306.07435
message,publisher,d4b3d91a-b507-4a7f-8177-771e47f2bb99,622,1618080306.0752633
message,publisher,d4b3d91a-b507-4a7f-8177-771e47f2bb99,623,1618080306.0761116
message,publisher,d4b3d91a-b507-4a7f-8177-771e47f2bb99,624,1618080306.0771484
message,publisher,d4b3d91a-b507-4a7f-8177-771e47f2bb99,625,1618080306.0780845
message,publisher,d4b3d91a-b507-4a7f-8177-771e47f2bb99,626,1618080306.0789852
message,publisher,d4b3d91a-b507-4a7f-8177-771e47f2bb99,627,1618080306.0798562
message,publisher,d4b3d91a-b507-4a7f-8177-771e47f2bb99,628,1618080306.0807004
message,publisher,d4b3d91a-b507-4a7f-8177-771e47f2bb99,629,1618080306.0817447
message,publisher,d4b3d91a-b507-4a7f-8177-771e47f2bb99,630,1618080306.0827239
message,publisher,d4b3d91a-b507-4a7f-8177-771e47f2bb99,631,1618080306.0835514
message,publisher,d4b3d91a-b507-4a7f-8177-771e47f2bb99,632,1618080306.0845504
message,publisher,d4b3d91a-b507-4a7f-8177-771e47f2bb99,633,1618080306.0854652
message,publisher,d4b3d91a-b507-4a7f-8177-771e47f2bb99,634,1618080306.0863833
message,publisher,d4b3d91a-b507-4a7f-8177-771e47f2bb99,635,1618080306.0873346
message,publisher,d4b3d91a-b507-4a7f-8177-771e47f2bb99,636,1618080306.0883598
message,publisher,d4b3d91a-b507-4a7f-8177-771e47f2bb99,637,1618080306.0891976
message,publisher,d4b3d91a-b507-4a7f-8177-771e47f2bb99,638,1618080306.0901337
message,publisher,d4b3d91a-b507-4a7f-8177-771e47f2bb99,639,1618080306.0911393
message,publisher,d4b3d91a-b507-4a7f-8177-771e47f2bb99,640,1618080306.0920758
message,publisher,d4b3d91a-b507-4a7f-8177-771e47f2bb99,641,1618080306.0929484
message,publisher,d4b3d91a-b507-4a7f-8177-771e47f2bb99,642,1618080306.0938094
message,publisher,d4b3d91a-b507-4a7f-8177-771e47f2bb99,643,1618080306.094756
message,publisher,d4b3d91a-b507-4a7f-8177-771e47f2bb99,644,1618080306.0956655
message,publisher,d4b3d91a-b507-4a7f-8177-771e47f2bb99,645,1618080306.0965686
message,publisher,d4b3d91a-b507-4a7f-8177-771e47f2bb99,646,1618080306.0974677
message,publisher,d4b3d91a-b507-4a7f-8177-771e47f2bb99,647,1618080306.0984626
message,publisher,d4b3d91a-b507-4a7f-8177-771e47f2bb99,648,1618080306.0994165
message,publisher,d4b3d91a-b507-4a7f-8177-771e47f2bb99,649,1618080306.100227
message,publisher,d4b3d91a-b507-4a7f-8177-771e47f2bb99,650,1618080306.1011133
message,publisher,d4b3d91a-b507-4a7f-8177-771e47f2bb99,651,1618080306.1020226
message,publisher,d4b3d91a-b507-4a7f-8177-771e47f2bb99,652,1618080306.102988
message,publisher,d4b3d91a-b507-4a7f-8177-771e47f2bb99,653,1618080306.1039145
message,publisher,d4b3d91a-b507-4a7f-8177-771e47f2bb99,654,1618080306.1047525
message,publisher,d4b3d91a-b507-4a7f-8177-771e47f2bb99,655,1618080306.1056163
message,publisher,d4b3d91a-b507-4a7f-8177-771e47f2bb99,656,1618080306.1065001
message,publisher,d4b3d91a-b507-4a7f-8177-771e47f2bb99,657,1618080306.107307
message,publisher,d4b3d91a-b507-4a7f-8177-771e47f2bb99,658,1618080306.1081579
message,publisher,d4b3d91a-b507-4a7f-8177-771e47f2bb99,659,1618080306.10906
message,publisher,d4b3d91a-b507-4a7f-8177-771e47f2bb99,660,1618080306.1099408
message,publisher,d4b3d91a-b507-4a7f-8177-771e47f2bb99,661,1618080306.1106925
message,publisher,d4b3d91a-b507-4a7f-8177-771e47f2bb99,662,1618080306.11149
message,publisher,d4b3d91a-b507-4a7f-8177-771e47f2bb99,663,1618080306.11217
message,publisher,d4b3d91a-b507-4a7f-8177-771e47f2bb99,664,1618080306.112896
message,publisher,d4b3d91a-b507-4a7f-8177-771e47f2bb99,665,1618080306.1136944
message,publisher,d4b3d91a-b507-4a7f-8177-771e47f2bb99,666,1618080306.1144938
message,publisher,d4b3d91a-b507-4a7f-8177-771e47f2bb99,667,1618080306.1152174
message,publisher,d4b3d91a-b507-4a7f-8177-771e47f2bb99,668,1618080306.1159735
message,publisher,d4b3d91a-b507-4a7f-8177-771e47f2bb99,669,1618080306.1168776
message,publisher,d4b3d91a-b507-4a7f-8177-771e47f2bb99,670,1618080306.117652
message,publisher,d4b3d91a-b507-4a7f-8177-771e47f2bb99,671,1618080306.1184213
message,publisher,d4b3d91a-b507-4a7f-8177-771e47f2bb99,672,1618080306.119251
message,publisher,d4b3d91a-b507-4a7f-8177-771e47f2bb99,673,1618080306.1200702
message,publisher,d4b3d91a-b507-4a7f-8177-771e47f2bb99,674,1618080306.1208737
message,publisher,d4b3d91a-b507-4a7f-8177-771e47f2bb99,675,1618080306.1216712
message,publisher,d4b3d91a-b507-4a7f-8177-771e47f2bb99,676,1618080306.1224606
message,publisher,d4b3d91a-b507-4a7f-8177-771e47f2bb99,677,1618080306.1231554
message,publisher,d4b3d91a-b507-4a7f-8177-771e47f2bb99,678,1618080306.1239293
message,publisher,d4b3d91a-b507-4a7f-8177-771e47f2bb99,679,1618080306.1248085
message,publisher,d4b3d91a-b507-4a7f-8177-771e47f2bb99,680,1618080306.125673
message,publisher,d4b3d91a-b507-4a7f-8177-771e47f2bb99,681,1618080306.1266296
message,publisher,d4b3d91a-b507-4a7f-8177-771e47f2bb99,682,1618080306.1274073
message,publisher,d4b3d91a-b507-4a7f-8177-771e47f2bb99,683,1618080306.1281798
message,publisher,d4b3d91a-b507-4a7f-8177-771e47f2bb99,684,1618080306.1289508
message,publisher,d4b3d91a-b507-4a7f-8177-771e47f2bb99,685,1618080306.1297646
message,publisher,d4b3d91a-b507-4a7f-8177-771e47f2bb99,686,1618080306.1304789
message,publisher,d4b3d91a-b507-4a7f-8177-771e47f2bb99,687,1618080306.1312892
message,publisher,d4b3d91a-b507-4a7f-8177-771e47f2bb99,688,1618080306.1321535
message,publisher,d4b3d91a-b507-4a7f-8177-771e47f2bb99,689,1618080306.1331284
message,publisher,d4b3d91a-b507-4a7f-8177-771e47f2bb99,690,1618080306.1340349
message,publisher,d4b3d91a-b507-4a7f-8177-771e47f2bb99,691,1618080306.134919
message,publisher,d4b3d91a-b507-4a7f-8177-771e47f2bb99,692,1618080306.1357336
message,publisher,d4b3d91a-b507-4a7f-8177-771e47f2bb99,693,1618080306.1365368
message,publisher,d4b3d91a-b507-4a7f-8177-771e47f2bb99,694,1618080306.1372993
message,publisher,d4b3d91a-b507-4a7f-8177-771e47f2bb99,695,1618080306.1380599
message,publisher,d4b3d91a-b507-4a7f-8177-771e47f2bb99,696,1618080306.1387475
message,publisher,d4b3d91a-b507-4a7f-8177-771e47f2bb99,697,1618080306.1395366
message,publisher,d4b3d91a-b507-4a7f-8177-771e47f2bb99,698,1618080306.1403847
message,publisher,d4b3d91a-b507-4a7f-8177-771e47f2bb99,699,1618080306.141147
message,publisher,d4b3d91a-b507-4a7f-8177-771e47f2bb99,700,1618080306.141928
message,publisher,d4b3d91a-b507-4a7f-8177-771e47f2bb99,701,1618080306.1426992
message,publisher,d4b3d91a-b507-4a7f-8177-771e47f2bb99,702,1618080306.1433923
message,publisher,d4b3d91a-b507-4a7f-8177-771e47f2bb99,703,1618080306.1441202
message,publisher,d4b3d91a-b507-4a7f-8177-771e47f2bb99,704,1618080306.145018
message,publisher,d4b3d91a-b507-4a7f-8177-771e47f2bb99,705,1618080306.1458626
message,publisher,d4b3d91a-b507-4a7f-8177-771e47f2bb99,706,1618080306.146643
message,publisher,d4b3d91a-b507-4a7f-8177-771e47f2bb99,707,1618080306.1473238
message,publisher,d4b3d91a-b507-4a7f-8177-771e47f2bb99,708,1618080306.1480846
message,publisher,d4b3d91a-b507-4a7f-8177-771e47f2bb99,709,1618080306.1487374
message,publisher,d4b3d91a-b507-4a7f-8177-771e47f2bb99,710,1618080306.1495447
message,publisher,d4b3d91a-b507-4a7f-8177-771e47f2bb99,711,1618080306.150385
message,publisher,d4b3d91a-b507-4a7f-8177-771e47f2bb99,712,1618080306.1512127
message,publisher,d4b3d91a-b507-4a7f-8177-771e47f2bb99,713,1618080306.1520424
message,publisher,d4b3d91a-b507-4a7f-8177-771e47f2bb99,714,1618080306.152998
message,publisher,d4b3d91a-b507-4a7f-8177-771e47f2bb99,715,1618080306.1538768
message,publisher,d4b3d91a-b507-4a7f-8177-771e47f2bb99,716,1618080306.1546075
message,publisher,d4b3d91a-b507-4a7f-8177-771e47f2bb99,717,1618080306.155295
message,publisher,d4b3d91a-b507-4a7f-8177-771e47f2bb99,718,1618080306.156053
message,publisher,d4b3d91a-b507-4a7f-8177-771e47f2bb99,719,1618080306.156969
message,publisher,d4b3d91a-b507-4a7f-8177-771e47f2bb99,720,1618080306.1578307
message,publisher,d4b3d91a-b507-4a7f-8177-771e47f2bb99,721,1618080306.158623
message,publisher,d4b3d91a-b507-4a7f-8177-771e47f2bb99,722,1618080306.15942
message,publisher,d4b3d91a-b507-4a7f-8177-771e47f2bb99,723,1618080306.160086
message,publisher,d4b3d91a-b507-4a7f-8177-771e47f2bb99,724,1618080306.1607606
message,publisher,d4b3d91a-b507-4a7f-8177-771e47f2bb99,725,1618080306.1614685
message,publisher,d4b3d91a-b507-4a7f-8177-771e47f2bb99,726,1618080306.1623225
message,publisher,d4b3d91a-b507-4a7f-8177-771e47f2bb99,727,1618080306.1630445
message,publisher,d4b3d91a-b507-4a7f-8177-771e47f2bb99,728,1618080306.1637495
message,publisher,d4b3d91a-b507-4a7f-8177-771e47f2bb99,729,1618080306.1644282
message,publisher,d4b3d91a-b507-4a7f-8177-771e47f2bb99,730,1618080306.16512
message,publisher,d4b3d91a-b507-4a7f-8177-771e47f2bb99,731,1618080306.1658807
message,publisher,d4b3d91a-b507-4a7f-8177-771e47f2bb99,732,1618080306.166618
message,publisher,d4b3d91a-b507-4a7f-8177-771e47f2bb99,733,1618080306.167284
message,publisher,d4b3d91a-b507-4a7f-8177-771e47f2bb99,734,1618080306.1680045
message,publisher,d4b3d91a-b507-4a7f-8177-771e47f2bb99,735,1618080306.1689792
message,publisher,d4b3d91a-b507-4a7f-8177-771e47f2bb99,736,1618080306.1698084
message,publisher,d4b3d91a-b507-4a7f-8177-771e47f2bb99,737,1618080306.170563
message,publisher,d4b3d91a-b507-4a7f-8177-771e47f2bb99,738,1618080306.1713595
message,publisher,d4b3d91a-b507-4a7f-8177-771e47f2bb99,739,1618080306.1720793
message,publisher,d4b3d91a-b507-4a7f-8177-771e47f2bb99,740,1618080306.172829
message,publisher,d4b3d91a-b507-4a7f-8177-771e47f2bb99,741,1618080306.1735902
message,publisher,d4b3d91a-b507-4a7f-8177-771e47f2bb99,742,1618080306.1745167
message,publisher,d4b3d91a-b507-4a7f-8177-771e47f2bb99,743,1618080306.1753237
message,publisher,d4b3d91a-b507-4a7f-8177-771e47f2bb99,744,1618080306.1761696
message,publisher,d4b3d91a-b507-4a7f-8177-771e47f2bb99,745,1618080306.1770422
message,publisher,d4b3d91a-b507-4a7f-8177-771e47f2bb99,746,1618080306.177904
message,publisher,d4b3d91a-b507-4a7f-8177-771e47f2bb99,747,1618080306.1786847
message,publisher,d4b3d91a-b507-4a7f-8177-771e47f2bb99,748,1618080306.1794765
message,publisher,d4b3d91a-b507-4a7f-8177-771e47f2bb99,749,1618080306.1802373
message,publisher,d4b3d91a-b507-4a7f-8177-771e47f2bb99,750,1618080306.1810272
message,publisher,d4b3d91a-b507-4a7f-8177-771e47f2bb99,751,1618080306.181768
message,publisher,d4b3d91a-b507-4a7f-8177-771e47f2bb99,752,1618080306.182592
message,publisher,d4b3d91a-b507-4a7f-8177-771e47f2bb99,753,1618080306.1834817
message,publisher,d4b3d91a-b507-4a7f-8177-771e47f2bb99,754,1618080306.1845
message,publisher,d4b3d91a-b507-4a7f-8177-771e47f2bb99,755,1618080306.1853862
message,publisher,d4b3d91a-b507-4a7f-8177-771e47f2bb99,756,1618080306.1863246
message,publisher,d4b3d91a-b507-4a7f-8177-771e47f2bb99,757,1618080306.1871474
message,publisher,d4b3d91a-b507-4a7f-8177-771e47f2bb99,758,1618080306.1879969
message,publisher,d4b3d91a-b507-4a7f-8177-771e47f2bb99,759,1618080306.1887536
message,publisher,d4b3d91a-b507-4a7f-8177-771e47f2bb99,760,1618080306.1895475
message,publisher,d4b3d91a-b507-4a7f-8177-771e47f2bb99,761,1618080306.190375
message,publisher,d4b3d91a-b507-4a7f-8177-771e47f2bb99,762,1618080306.1911798
message,publisher,d4b3d91a-b507-4a7f-8177-771e47f2bb99,763,1618080306.191909
message,publisher,d4b3d91a-b507-4a7f-8177-771e47f2bb99,764,1618080306.1927793
message,publisher,d4b3d91a-b507-4a7f-8177-771e47f2bb99,765,1618080306.193664
message,publisher,d4b3d91a-b507-4a7f-8177-771e47f2bb99,766,1618080306.1946309
message,publisher,d4b3d91a-b507-4a7f-8177-771e47f2bb99,767,1618080306.195564
message,publisher,d4b3d91a-b507-4a7f-8177-771e47f2bb99,768,1618080306.1964016
message,publisher,d4b3d91a-b507-4a7f-8177-771e47f2bb99,769,1618080306.1972458
message,publisher,d4b3d91a-b507-4a7f-8177-771e47f2bb99,770,1618080306.1980884
message,publisher,d4b3d91a-b507-4a7f-8177-771e47f2bb99,771,1618080306.198845
message,publisher,d4b3d91a-b507-4a7f-8177-771e47f2bb99,772,1618080306.199636
message,publisher,d4b3d91a-b507-4a7f-8177-771e47f2bb99,773,1618080306.2004414
message,publisher,d4b3d91a-b507-4a7f-8177-771e47f2bb99,774,1618080306.201119
message,publisher,d4b3d91a-b507-4a7f-8177-771e47f2bb99,775,1618080306.2019253
message,publisher,d4b3d91a-b507-4a7f-8177-771e47f2bb99,776,1618080306.2027922
message,publisher,d4b3d91a-b507-4a7f-8177-771e47f2bb99,777,1618080306.2035952
message,publisher,d4b3d91a-b507-4a7f-8177-771e47f2bb99,778,1618080306.2042897
message,publisher,d4b3d91a-b507-4a7f-8177-771e47f2bb99,779,1618080306.2050211
message,publisher,d4b3d91a-b507-4a7f-8177-771e47f2bb99,780,1618080306.2058275
message,publisher,d4b3d91a-b507-4a7f-8177-771e47f2bb99,781,1618080306.2066424
message,publisher,d4b3d91a-b507-4a7f-8177-771e47f2bb99,782,1618080306.2074857
message,publisher,d4b3d91a-b507-4a7f-8177-771e47f2bb99,783,1618080306.2083423
message,publisher,d4b3d91a-b507-4a7f-8177-771e47f2bb99,784,1618080306.2091467
message,publisher,d4b3d91a-b507-4a7f-8177-771e47f2bb99,785,1618080306.2100177
message,publisher,d4b3d91a-b507-4a7f-8177-771e47f2bb99,786,1618080306.2107494
message,publisher,d4b3d91a-b507-4a7f-8177-771e47f2bb99,787,1618080306.2114224
message,publisher,d4b3d91a-b507-4a7f-8177-771e47f2bb99,788,1618080306.2120728
message,publisher,d4b3d91a-b507-4a7f-8177-771e47f2bb99,789,1618080306.2129781
message,publisher,d4b3d91a-b507-4a7f-8177-771e47f2bb99,790,1618080306.2138636
message,publisher,d4b3d91a-b507-4a7f-8177-771e47f2bb99,791,1618080306.2146935
message,publisher,d4b3d91a-b507-4a7f-8177-771e47f2bb99,792,1618080306.2155106
message,publisher,d4b3d91a-b507-4a7f-8177-771e47f2bb99,793,1618080306.2161918
message,publisher,d4b3d91a-b507-4a7f-8177-771e47f2bb99,794,1618080306.2168407
message,publisher,d4b3d91a-b507-4a7f-8177-771e47f2bb99,795,1618080306.2176213
message,publisher,d4b3d91a-b507-4a7f-8177-771e47f2bb99,796,1618080306.2184842
message,publisher,d4b3d91a-b507-4a7f-8177-771e47f2bb99,797,1618080306.2193036
message,publisher,d4b3d91a-b507-4a7f-8177-771e47f2bb99,798,1618080306.2200458
message,publisher,d4b3d91a-b507-4a7f-8177-771e47f2bb99,799,1618080306.2208712
message,publisher,d4b3d91a-b507-4a7f-8177-771e47f2bb99,800,1618080306.2217047
message,publisher,d4b3d91a-b507-4a7f-8177-771e47f2bb99,801,1618080306.2224798
message,publisher,d4b3d91a-b507-4a7f-8177-771e47f2bb99,802,1618080306.2232003
message,publisher,d4b3d91a-b507-4a7f-8177-771e47f2bb99,803,1618080306.2239442
message,publisher,d4b3d91a-b507-4a7f-8177-771e47f2bb99,804,1618080306.2248209
message,publisher,d4b3d91a-b507-4a7f-8177-771e47f2bb99,805,1618080306.225641
message,publisher,d4b3d91a-b507-4a7f-8177-771e47f2bb99,806,1618080306.22642
message,publisher,d4b3d91a-b507-4a7f-8177-771e47f2bb99,807,1618080306.2271504
message,publisher,d4b3d91a-b507-4a7f-8177-771e47f2bb99,808,1618080306.227896
message,publisher,d4b3d91a-b507-4a7f-8177-771e47f2bb99,809,1618080306.2287476
message,publisher,d4b3d91a-b507-4a7f-8177-771e47f2bb99,810,1618080306.2295353
message,publisher,d4b3d91a-b507-4a7f-8177-771e47f2bb99,811,1618080306.2303772
message,publisher,d4b3d91a-b507-4a7f-8177-771e47f2bb99,812,1618080306.231185
message,publisher,d4b3d91a-b507-4a7f-8177-771e47f2bb99,813,1618080306.2319963
message,publisher,d4b3d91a-b507-4a7f-8177-771e47f2bb99,814,1618080306.232804
message,publisher,d4b3d91a-b507-4a7f-8177-771e47f2bb99,815,1618080306.2335806
message,publisher,d4b3d91a-b507-4a7f-8177-771e47f2bb99,816,1618080306.2343965
message,publisher,d4b3d91a-b507-4a7f-8177-771e47f2bb99,817,1618080306.2351646
message,publisher,d4b3d91a-b507-4a7f-8177-771e47f2bb99,818,1618080306.235936
message,publisher,d4b3d91a-b507-4a7f-8177-771e47f2bb99,819,1618080306.236899
message,publisher,d4b3d91a-b507-4a7f-8177-771e47f2bb99,820,1618080306.2376802
message,publisher,d4b3d91a-b507-4a7f-8177-771e47f2bb99,821,1618080306.238476
message,publisher,d4b3d91a-b507-4a7f-8177-771e47f2bb99,822,1618080306.239194
message,publisher,d4b3d91a-b507-4a7f-8177-771e47f2bb99,823,1618080306.2399354
message,publisher,d4b3d91a-b507-4a7f-8177-771e47f2bb99,824,1618080306.240644
message,publisher,d4b3d91a-b507-4a7f-8177-771e47f2bb99,825,1618080306.2413802
message,publisher,d4b3d91a-b507-4a7f-8177-771e47f2bb99,826,1618080306.2421384
message,publisher,d4b3d91a-b507-4a7f-8177-771e47f2bb99,827,1618080306.2428703
message,publisher,d4b3d91a-b507-4a7f-8177-771e47f2bb99,828,1618080306.243517
message,publisher,d4b3d91a-b507-4a7f-8177-771e47f2bb99,829,1618080306.2441607
message,publisher,d4b3d91a-b507-4a7f-8177-771e47f2bb99,830,1618080306.2449486
message,publisher,d4b3d91a-b507-4a7f-8177-771e47f2bb99,831,1618080306.245827
message,publisher,d4b3d91a-b507-4a7f-8177-771e47f2bb99,832,1618080306.2465737
message,publisher,d4b3d91a-b507-4a7f-8177-771e47f2bb99,833,1618080306.24731
message,publisher,d4b3d91a-b507-4a7f-8177-771e47f2bb99,834,1618080306.248022
message,publisher,d4b3d91a-b507-4a7f-8177-771e47f2bb99,835,1618080306.2488575
message,publisher,d4b3d91a-b507-4a7f-8177-771e47f2bb99,836,1618080306.2496767
message,publisher,d4b3d91a-b507-4a7f-8177-771e47f2bb99,837,1618080306.2504773
message,publisher,d4b3d91a-b507-4a7f-8177-771e47f2bb99,838,1618080306.2513044
message,publisher,d4b3d91a-b507-4a7f-8177-771e47f2bb99,839,1618080306.2520416
message,publisher,d4b3d91a-b507-4a7f-8177-771e47f2bb99,840,1618080306.252773
message,publisher,d4b3d91a-b507-4a7f-8177-771e47f2bb99,841,1618080306.2535856
message,publisher,d4b3d91a-b507-4a7f-8177-771e47f2bb99,842,1618080306.2543836
message,publisher,d4b3d91a-b507-4a7f-8177-771e47f2bb99,843,1618080306.2551823
message,publisher,d4b3d91a-b507-4a7f-8177-771e47f2bb99,844,1618080306.2560296
message,publisher,d4b3d91a-b507-4a7f-8177-771e47f2bb99,845,1618080306.2568767
message,publisher,d4b3d91a-b507-4a7f-8177-771e47f2bb99,846,1618080306.257669
message,publisher,d4b3d91a-b507-4a7f-8177-771e47f2bb99,847,1618080306.258382
message,publisher,d4b3d91a-b507-4a7f-8177-771e47f2bb99,848,1618080306.2592037
message,publisher,d4b3d91a-b507-4a7f-8177-771e47f2bb99,849,1618080306.2600021
message,publisher,d4b3d91a-b507-4a7f-8177-771e47f2bb99,850,1618080306.2607818
message,publisher,d4b3d91a-b507-4a7f-8177-771e47f2bb99,851,1618080306.2616148
message,publisher,d4b3d91a-b507-4a7f-8177-771e47f2bb99,852,1618080306.262381
message,publisher,d4b3d91a-b507-4a7f-8177-771e47f2bb99,853,1618080306.263238
message,publisher,d4b3d91a-b507-4a7f-8177-771e47f2bb99,854,1618080306.263997
message,publisher,d4b3d91a-b507-4a7f-8177-771e47f2bb99,855,1618080306.2647858
message,publisher,d4b3d91a-b507-4a7f-8177-771e47f2bb99,856,1618080306.2654672
message,publisher,d4b3d91a-b507-4a7f-8177-771e47f2bb99,857,1618080306.266204
message,publisher,d4b3d91a-b507-4a7f-8177-771e47f2bb99,858,1618080306.267033
message,publisher,d4b3d91a-b507-4a7f-8177-771e47f2bb99,859,1618080306.2677908
message,publisher,d4b3d91a-b507-4a7f-8177-771e47f2bb99,860,1618080306.2685564
message,publisher,d4b3d91a-b507-4a7f-8177-771e47f2bb99,861,1618080306.2692888
message,publisher,d4b3d91a-b507-4a7f-8177-771e47f2bb99,862,1618080306.2699687
message,publisher,d4b3d91a-b507-4a7f-8177-771e47f2bb99,863,1618080306.2707005
message,publisher,d4b3d91a-b507-4a7f-8177-771e47f2bb99,864,1618080306.271452
message,publisher,d4b3d91a-b507-4a7f-8177-771e47f2bb99,865,1618080306.2722132
message,publisher,d4b3d91a-b507-4a7f-8177-771e47f2bb99,866,1618080306.2728934
message,publisher,d4b3d91a-b507-4a7f-8177-771e47f2bb99,867,1618080306.2736073
message,publisher,d4b3d91a-b507-4a7f-8177-771e47f2bb99,868,1618080306.274462
message,publisher,d4b3d91a-b507-4a7f-8177-771e47f2bb99,869,1618080306.2752955
message,publisher,d4b3d91a-b507-4a7f-8177-771e47f2bb99,870,1618080306.2760963
message,publisher,d4b3d91a-b507-4a7f-8177-771e47f2bb99,871,1618080306.2768557
message,publisher,d4b3d91a-b507-4a7f-8177-771e47f2bb99,872,1618080306.2775815
message,publisher,d4b3d91a-b507-4a7f-8177-771e47f2bb99,873,1618080306.2783055
message,publisher,d4b3d91a-b507-4a7f-8177-771e47f2bb99,874,1618080306.279032
message,publisher,d4b3d91a-b507-4a7f-8177-771e47f2bb99,875,1618080306.2797647
message,publisher,d4b3d91a-b507-4a7f-8177-771e47f2bb99,876,1618080306.2804406
message,publisher,d4b3d91a-b507-4a7f-8177-771e47f2bb99,877,1618080306.2811723
message,publisher,d4b3d91a-b507-4a7f-8177-771e47f2bb99,878,1618080306.2819083
message,publisher,d4b3d91a-b507-4a7f-8177-771e47f2bb99,879,1618080306.2826934
message,publisher,d4b3d91a-b507-4a7f-8177-771e47f2bb99,880,1618080306.2834957
message,publisher,d4b3d91a-b507-4a7f-8177-771e47f2bb99,881,1618080306.284241
message,publisher,d4b3d91a-b507-4a7f-8177-771e47f2bb99,882,1618080306.2850056
message,publisher,d4b3d91a-b507-4a7f-8177-771e47f2bb99,883,1618080306.2857876
message,publisher,d4b3d91a-b507-4a7f-8177-771e47f2bb99,884,1618080306.2864854
message,publisher,d4b3d91a-b507-4a7f-8177-771e47f2bb99,885,1618080306.28724
message,publisher,d4b3d91a-b507-4a7f-8177-771e47f2bb99,886,1618080306.2880223
message,publisher,d4b3d91a-b507-4a7f-8177-771e47f2bb99,887,1618080306.288832
message,publisher,d4b3d91a-b507-4a7f-8177-771e47f2bb99,888,1618080306.2895904
message,publisher,d4b3d91a-b507-4a7f-8177-771e47f2bb99,889,1618080306.2903464
message,publisher,d4b3d91a-b507-4a7f-8177-771e47f2bb99,890,1618080306.2910135
message,publisher,d4b3d91a-b507-4a7f-8177-771e47f2bb99,891,1618080306.2917857
message,publisher,d4b3d91a-b507-4a7f-8177-771e47f2bb99,892,1618080306.2925105
message,publisher,d4b3d91a-b507-4a7f-8177-771e47f2bb99,893,1618080306.2931905
message,publisher,d4b3d91a-b507-4a7f-8177-771e47f2bb99,894,1618080306.2938833
message,publisher,d4b3d91a-b507-4a7f-8177-771e47f2bb99,895,1618080306.2945435
message,publisher,d4b3d91a-b507-4a7f-8177-771e47f2bb99,896,1618080306.295228
message,publisher,d4b3d91a-b507-4a7f-8177-771e47f2bb99,897,1618080306.2959301
message,publisher,d4b3d91a-b507-4a7f-8177-771e47f2bb99,898,1618080306.2965822
message,publisher,d4b3d91a-b507-4a7f-8177-771e47f2bb99,899,1618080306.2971892
message,publisher,d4b3d91a-b507-4a7f-8177-771e47f2bb99,900,1618080306.2979214
message,publisher,d4b3d91a-b507-4a7f-8177-771e47f2bb99,901,1618080306.298627
message,publisher,d4b3d91a-b507-4a7f-8177-771e47f2bb99,902,1618080306.2992983
message,publisher,d4b3d91a-b507-4a7f-8177-771e47f2bb99,903,1618080306.3000195
message,publisher,d4b3d91a-b507-4a7f-8177-771e47f2bb99,904,1618080306.3009644
message,publisher,d4b3d91a-b507-4a7f-8177-771e47f2bb99,905,1618080306.3018224
message,publisher,d4b3d91a-b507-4a7f-8177-771e47f2bb99,906,1618080306.3025706
message,publisher,d4b3d91a-b507-4a7f-8177-771e47f2bb99,907,1618080306.3032804
message,publisher,d4b3d91a-b507-4a7f-8177-771e47f2bb99,908,1618080306.3039696
message,publisher,d4b3d91a-b507-4a7f-8177-771e47f2bb99,909,1618080306.3047912
message,publisher,d4b3d91a-b507-4a7f-8177-771e47f2bb99,910,1618080306.3055966
message,publisher,d4b3d91a-b507-4a7f-8177-771e47f2bb99,911,1618080306.3063912
message,publisher,d4b3d91a-b507-4a7f-8177-771e47f2bb99,912,1618080306.3070743
message,publisher,d4b3d91a-b507-4a7f-8177-771e47f2bb99,913,1618080306.3077567
message,publisher,d4b3d91a-b507-4a7f-8177-771e47f2bb99,914,1618080306.3084133
message,publisher,d4b3d91a-b507-4a7f-8177-771e47f2bb99,915,1618080306.30909
message,publisher,d4b3d91a-b507-4a7f-8177-771e47f2bb99,916,1618080306.3099062
message,publisher,d4b3d91a-b507-4a7f-8177-771e47f2bb99,917,1618080306.310627
message,publisher,d4b3d91a-b507-4a7f-8177-771e47f2bb99,918,1618080306.3112707
message,publisher,d4b3d91a-b507-4a7f-8177-771e47f2bb99,919,1618080306.3119898
message,publisher,d4b3d91a-b507-4a7f-8177-771e47f2bb99,920,1618080306.312896
message,publisher,d4b3d91a-b507-4a7f-8177-771e47f2bb99,921,1618080306.3137724
message,publisher,d4b3d91a-b507-4a7f-8177-771e47f2bb99,922,1618080306.3145487
message,publisher,d4b3d91a-b507-4a7f-8177-771e47f2bb99,923,1618080306.3152993
message,publisher,d4b3d91a-b507-4a7f-8177-771e47f2bb99,924,1618080306.315958
message,publisher,d4b3d91a-b507-4a7f-8177-771e47f2bb99,925,1618080306.3166118
message,publisher,d4b3d91a-b507-4a7f-8177-771e47f2bb99,926,1618080306.3172388
message,publisher,d4b3d91a-b507-4a7f-8177-771e47f2bb99,927,1618080306.3179727
message,publisher,d4b3d91a-b507-4a7f-8177-771e47f2bb99,928,1618080306.3186705
message,publisher,d4b3d91a-b507-4a7f-8177-771e47f2bb99,929,1618080306.3194342
message,publisher,d4b3d91a-b507-4a7f-8177-771e47f2bb99,930,1618080306.320223
message,publisher,d4b3d91a-b507-4a7f-8177-771e47f2bb99,931,1618080306.3209128
message,publisher,d4b3d91a-b507-4a7f-8177-771e47f2bb99,932,1618080306.3216362
message,publisher,d4b3d91a-b507-4a7f-8177-771e47f2bb99,933,1618080306.3222635
message,publisher,d4b3d91a-b507-4a7f-8177-771e47f2bb99,934,1618080306.3229375
message,publisher,d4b3d91a-b507-4a7f-8177-771e47f2bb99,935,1618080306.3236177
message,publisher,d4b3d91a-b507-4a7f-8177-771e47f2bb99,936,1618080306.3244991
message,publisher,d4b3d91a-b507-4a7f-8177-771e47f2bb99,937,1618080306.3251443
message,publisher,d4b3d91a-b507-4a7f-8177-771e47f2bb99,938,1618080306.3258312
message,publisher,d4b3d91a-b507-4a7f-8177-771e47f2bb99,939,1618080306.3264444
message,publisher,d4b3d91a-b507-4a7f-8177-771e47f2bb99,940,1618080306.3272176
message,publisher,d4b3d91a-b507-4a7f-8177-771e47f2bb99,941,1618080306.3279877
message,publisher,d4b3d91a-b507-4a7f-8177-771e47f2bb99,942,1618080306.3287673
message,publisher,d4b3d91a-b507-4a7f-8177-771e47f2bb99,943,1618080306.329727
message,publisher,d4b3d91a-b507-4a7f-8177-771e47f2bb99,944,1618080306.3307066
message,publisher,d4b3d91a-b507-4a7f-8177-771e47f2bb99,945,1618080306.3315763
message,publisher,d4b3d91a-b507-4a7f-8177-771e47f2bb99,946,1618080306.3323884
message,publisher,d4b3d91a-b507-4a7f-8177-771e47f2bb99,947,1618080306.3332763
message,publisher,d4b3d91a-b507-4a7f-8177-771e47f2bb99,948,1618080306.3341079
message,publisher,d4b3d91a-b507-4a7f-8177-771e47f2bb99,949,1618080306.3349776
message,publisher,d4b3d91a-b507-4a7f-8177-771e47f2bb99,950,1618080306.3359578
message,publisher,d4b3d91a-b507-4a7f-8177-771e47f2bb99,951,1618080306.33695
message,publisher,d4b3d91a-b507-4a7f-8177-771e47f2bb99,952,1618080306.3378754
message,publisher,d4b3d91a-b507-4a7f-8177-771e47f2bb99,953,1618080306.3387973
message,publisher,d4b3d91a-b507-4a7f-8177-771e47f2bb99,954,1618080306.3397954
message,publisher,d4b3d91a-b507-4a7f-8177-771e47f2bb99,955,1618080306.340658
message,publisher,d4b3d91a-b507-4a7f-8177-771e47f2bb99,956,1618080306.3415685
message,publisher,d4b3d91a-b507-4a7f-8177-771e47f2bb99,957,1618080306.3424675
message,publisher,d4b3d91a-b507-4a7f-8177-771e47f2bb99,958,1618080306.3432755
message,publisher,d4b3d91a-b507-4a7f-8177-771e47f2bb99,959,1618080306.3441687
message,publisher,d4b3d91a-b507-4a7f-8177-771e47f2bb99,960,1618080306.345192
message,publisher,d4b3d91a-b507-4a7f-8177-771e47f2bb99,961,1618080306.346149
message,publisher,d4b3d91a-b507-4a7f-8177-771e47f2bb99,962,1618080306.3471186
message,publisher,d4b3d91a-b507-4a7f-8177-771e47f2bb99,963,1618080306.3480654
message,publisher,d4b3d91a-b507-4a7f-8177-771e47f2bb99,964,1618080306.3490548
message,publisher,d4b3d91a-b507-4a7f-8177-771e47f2bb99,965,1618080306.349903
message,publisher,d4b3d91a-b507-4a7f-8177-771e47f2bb99,966,1618080306.350747
message,publisher,d4b3d91a-b507-4a7f-8177-771e47f2bb99,967,1618080306.351628
message,publisher,d4b3d91a-b507-4a7f-8177-771e47f2bb99,968,1618080306.352428
message,publisher,d4b3d91a-b507-4a7f-8177-771e47f2bb99,969,1618080306.3532984
message,publisher,d4b3d91a-b507-4a7f-8177-771e47f2bb99,970,1618080306.354222
message,publisher,d4b3d91a-b507-4a7f-8177-771e47f2bb99,971,1618080306.3552113
message,publisher,d4b3d91a-b507-4a7f-8177-771e47f2bb99,972,1618080306.3560765
message,publisher,d4b3d91a-b507-4a7f-8177-771e47f2bb99,973,1618080306.3570101
message,publisher,d4b3d91a-b507-4a7f-8177-771e47f2bb99,974,1618080306.3579292
message,publisher,d4b3d91a-b507-4a7f-8177-771e47f2bb99,975,1618080306.3587973
message,publisher,d4b3d91a-b507-4a7f-8177-771e47f2bb99,976,1618080306.359757
message,publisher,d4b3d91a-b507-4a7f-8177-771e47f2bb99,977,1618080306.360624
message,publisher,d4b3d91a-b507-4a7f-8177-771e47f2bb99,978,1618080306.3615623
message,publisher,d4b3d91a-b507-4a7f-8177-771e47f2bb99,979,1618080306.3624218
message,publisher,d4b3d91a-b507-4a7f-8177-771e47f2bb99,980,1618080306.3632023
message,publisher,d4b3d91a-b507-4a7f-8177-771e47f2bb99,981,1618080306.363979
message,publisher,d4b3d91a-b507-4a7f-8177-771e47f2bb99,982,1618080306.3647935
message,publisher,d4b3d91a-b507-4a7f-8177-771e47f2bb99,983,1618080306.365577
message,publisher,d4b3d91a-b507-4a7f-8177-771e47f2bb99,984,1618080306.3663874
message,publisher,d4b3d91a-b507-4a7f-8177-771e47f2bb99,985,1618080306.367254
message,publisher,d4b3d91a-b507-4a7f-8177-771e47f2bb99,986,1618080306.3680794
message,publisher,d4b3d91a-b507-4a7f-8177-771e47f2bb99,987,1618080306.3690364
message,publisher,d4b3d91a-b507-4a7f-8177-771e47f2bb99,988,1618080306.3698845
message,publisher,d4b3d91a-b507-4a7f-8177-771e47f2bb99,989,1618080306.370683
message,publisher,d4b3d91a-b507-4a7f-8177-771e47f2bb99,990,1618080306.3714452
message,publisher,d4b3d91a-b507-4a7f-8177-771e47f2bb99,991,1618080306.3722596
message,publisher,d4b3d91a-b507-4a7f-8177-771e47f2bb99,992,1618080306.3731012
message,publisher,d4b3d91a-b507-4a7f-8177-771e47f2bb99,993,1618080306.3738635
message,publisher,d4b3d91a-b507-4a7f-8177-771e47f2bb99,994,1618080306.3746026
message,publisher,d4b3d91a-b507-4a7f-8177-771e47f2bb99,995,1618080306.375366
message,publisher,d4b3d91a-b507-4a7f-8177-771e47f2bb99,996,1618080306.3761842
message,publisher,d4b3d91a-b507-4a7f-8177-771e47f2bb99,997,1618080306.3771412
message,publisher,d4b3d91a-b507-4a7f-8177-771e47f2bb99,998,1618080306.3780897
message,publisher,d4b3d91a-b507-4a7f-8177-771e47f2bb99,999,1618080306.3791714
