1619416092657,1619416093278
1619416092657,1619416093283
1619416092657,1619416093288
1619416092657,1619416093289
1619416092657,1619416093289
1619416092657,1619416093289
1619416092657,1619416093289
1619416092657,1619416093289
1619416092657,1619416093289
1619416092657,1619416093290
1619416092657,1619416093290
1619416092657,1619416093290
1619416092657,1619416093290
1619416092657,1619416093290
1619416092657,1619416093290
1619416092657,1619416093290
1619416092657,1619416093290
1619416092657,1619416093290
1619416092657,1619416093290
1619416092657,1619416093291
1619416092657,1619416093291
1619416092657,1619416093291
1619416092657,1619416093291
1619416092657,1619416093291
1619416092657,1619416093291
1619416092657,1619416093291
1619416092657,1619416093291
1619416092657,1619416093292
1619416092657,1619416093292
1619416092657,1619416093293
1619416092657,1619416093293
1619416092657,1619416093293
1619416092657,1619416093293
1619416092657,1619416093293
1619416092657,1619416093293
1619416092657,1619416093294
1619416092657,1619416093294
1619416092658,1619416093294
1619416092658,1619416093294
1619416092658,1619416093294
1619416092658,1619416093294
1619416092658,1619416093294
1619416092658,1619416093294
1619416092658,1619416093294
1619416092658,1619416093295
1619416092658,1619416093295
1619416092658,1619416093295
1619416092658,1619416093296
1619416092658,1619416093296
1619416092658,1619416093296
1619416092658,1619416093297
1619416092658,1619416093297
1619416092658,1619416093297
1619416092658,1619416093297
1619416092658,1619416093297
1619416092658,1619416093298
1619416092658,1619416093298
1619416092658,1619416093298
1619416092658,1619416093298
1619416092658,1619416093298
1619416092658,1619416093298
1619416092658,1619416093298
1619416092658,1619416093298
1619416092658,1619416093299
1619416092658,1619416093303
1619416092658,1619416093304
1619416092658,1619416093305
1619416092658,1619416093305
1619416092658,1619416093306
1619416092658,1619416093306
1619416092658,1619416093306
1619416092658,1619416093307
1619416092658,1619416093307
1619416092658,1619416093307
1619416092658,1619416093308
1619416092658,1619416093308
1619416092658,1619416093308
1619416092658,1619416093308
1619416092658,1619416093308
1619416092658,1619416093308
1619416092658,1619416093308
1619416092658,1619416093308
1619416092658,1619416093308
1619416092658,1619416093309
1619416092658,1619416093309
1619416092658,1619416093311
1619416092658,1619416093312
1619416092658,1619416093312
1619416092658,1619416093312
1619416092658,1619416093312
1619416092658,1619416093312
1619416092658,1619416093312
1619416092658,1619416093312
1619416092658,1619416093312
1619416092658,1619416093312
1619416092658,1619416093312
1619416092658,1619416093313
1619416092658,1619416093313
1619416092658,1619416093314
1619416092658,1619416093314
1619416092658,1619416093314
1619416092658,1619416093315
1619416092658,1619416093315
1619416092658,1619416093315
1619416092658,1619416093315
1619416092658,1619416093315
1619416092658,1619416093316
1619416092658,1619416093317
1619416092658,1619416093318
1619416092658,1619416093318
1619416092658,1619416093318
1619416092658,1619416093318
1619416092658,1619416093318
1619416092658,1619416093318
1619416092658,1619416093318
1619416092658,1619416093318
1619416092658,1619416093318
1619416092658,1619416093318
1619416092658,1619416093318
1619416092658,1619416093318
1619416092658,1619416093318
1619416092658,1619416093319
1619416092658,1619416093319
1619416092658,1619416093319
1619416092658,1619416093319
1619416092658,1619416093319
1619416092658,1619416093319
1619416092658,1619416093320
1619416092658,1619416093320
1619416092658,1619416093320
1619416092658,1619416093320
1619416092658,1619416093320
1619416092658,1619416093393
1619416092658,1619416093396
1619416092658,1619416093397
1619416092658,1619416093397
1619416092658,1619416093397
1619416092658,1619416093397
1619416092658,1619416093397
1619416092658,1619416093397
1619416092658,1619416093397
1619416092658,1619416093398
1619416092658,1619416093398
1619416092658,1619416093398
1619416092658,1619416093399
1619416092658,1619416093400
1619416092658,1619416093400
1619416092658,1619416093400
1619416092658,1619416093400
1619416092658,1619416093400
1619416092658,1619416093400
1619416092658,1619416093400
1619416092658,1619416093400
1619416092658,1619416093401
1619416092658,1619416093401
1619416092658,1619416093401
1619416092658,1619416093401
1619416092658,1619416093402
1619416092658,1619416093402
1619416092658,1619416093402
1619416092658,1619416093402
1619416092658,1619416093402
1619416092658,1619416093402
1619416092658,1619416093403
1619416092658,1619416093405
1619416092658,1619416093405
1619416092658,1619416093405
1619416092658,1619416093410
1619416092658,1619416093412
1619416092658,1619416093412
1619416092658,1619416093412
1619416092658,1619416093413
1619416092658,1619416093413
1619416092658,1619416093413
1619416092658,1619416093413
1619416092658,1619416093413
1619416092658,1619416093413
1619416092658,1619416093413
1619416092658,1619416093413
1619416092658,1619416093413
1619416092658,1619416093413
1619416092658,1619416093413
1619416092658,1619416093417
1619416092658,1619416093421
1619416092658,1619416093421
1619416092658,1619416093422
1619416092658,1619416093423
1619416092658,1619416093423
1619416092658,1619416093426
1619416092658,1619416093426
1619416092658,1619416093426
1619416092658,1619416093427
1619416092658,1619416093427
1619416092658,1619416093427
1619416092658,1619416093427
1619416092658,1619416093427
1619416092658,1619416093427
1619416092658,1619416093427
1619416092658,1619416093427
1619416092658,1619416093427
1619416092658,1619416093428
1619416092658,1619416093429
1619416092658,1619416093430
1619416092658,1619416093430
1619416092658,1619416093431
1619416092658,1619416093431
1619416092658,1619416093431
1619416092658,1619416093431
1619416092658,1619416093432
1619416092658,1619416093432
1619416092658,1619416093432
1619416092658,1619416093432
1619416092658,1619416093433
1619416092658,1619416093433
1619416092658,1619416093435
1619416092658,1619416093436
1619416092658,1619416093436
1619416092658,1619416093436
1619416092658,1619416093437
1619416092658,1619416093437
1619416092658,1619416093437
1619416092658,1619416093437
1619416092658,1619416093437
1619416092658,1619416093437
1619416092658,1619416093438
1619416092658,1619416093438
1619416092658,1619416093438
1619416092658,1619416093438
1619416092658,1619416093438
1619416092658,1619416093438
1619416092658,1619416093438
1619416092658,1619416093438
1619416092658,1619416093438
1619416092658,1619416093438
1619416092658,1619416093439
1619416092658,1619416093439
1619416092658,1619416093439
1619416092658,1619416093440
1619416092658,1619416093440
1619416092658,1619416093440
1619416092658,1619416093440
1619416092658,1619416093440
1619416092658,1619416093441
1619416092658,1619416093441
1619416092658,1619416093441
1619416092658,1619416093442
1619416092658,1619416093442
1619416092658,1619416093442
1619416092658,1619416093442
1619416092658,1619416093442
1619416092658,1619416093442
1619416092658,1619416093443
1619416092658,1619416093463
1619416092658,1619416093467
1619416092658,1619416093467
1619416092658,1619416093467
1619416092658,1619416093467
1619416092658,1619416093467
1619416092658,1619416093467
1619416092658,1619416093467
1619416092658,1619416093467
1619416092658,1619416093468
1619416092658,1619416093468
1619416092658,1619416093468
1619416092658,1619416093468
1619416092658,1619416093468
1619416092658,1619416093468
1619416092658,1619416093468
1619416092658,1619416093468
1619416092658,1619416093468
1619416092658,1619416093468
1619416092658,1619416093468
1619416092658,1619416093468
1619416092658,1619416093468
1619416092658,1619416093468
1619416092658,1619416093469
1619416092658,1619416093469
1619416092658,1619416093469
1619416092658,1619416093470
1619416092658,1619416093470
1619416092658,1619416093470
1619416092658,1619416093471
1619416092658,1619416093471
1619416092658,1619416093471
1619416092658,1619416093471
1619416092658,1619416093471
1619416092658,1619416093471
1619416092658,1619416093471
1619416092658,1619416093471
1619416092658,1619416093471
1619416092658,1619416093484
1619416092658,1619416093488
1619416092658,1619416093489
1619416092658,1619416093489
1619416092658,1619416093489
1619416092658,1619416093489
1619416092658,1619416093489
1619416092658,1619416093489
1619416092658,1619416093490
1619416092658,1619416093490
1619416092658,1619416093490
1619416092658,1619416093490
1619416092658,1619416093490
1619416092658,1619416093490
1619416092658,1619416093490
1619416092658,1619416093490
1619416092658,1619416093490
1619416092658,1619416093490
1619416092658,1619416093492
1619416092658,1619416093516
1619416092658,1619416093516
1619416092658,1619416093516
1619416092658,1619416093516
1619416092658,1619416093517
1619416092658,1619416093517
1619416092658,1619416093517
1619416092658,1619416093517
1619416092658,1619416093517
1619416092658,1619416093517
1619416092658,1619416093517
1619416092658,1619416093521
1619416092658,1619416093522
1619416092658,1619416093530
1619416092658,1619416093591
1619416092658,1619416093591
1619416092658,1619416093591
1619416092658,1619416093591
1619416092658,1619416093591
1619416092658,1619416093591
1619416092658,1619416093591
1619416092658,1619416093592
1619416092658,1619416093592
1619416092658,1619416093592
1619416092658,1619416093592
1619416092658,1619416093592
1619416092658,1619416093592
1619416092658,1619416093592
1619416092658,1619416093592
1619416092658,1619416093592
1619416092658,1619416093592
1619416092658,1619416093592
1619416092658,1619416093592
1619416092658,1619416093592
1619416092658,1619416093592
1619416092658,1619416093592
1619416092658,1619416093593
1619416092658,1619416093593
1619416092658,1619416093593
1619416092658,1619416093593
1619416092658,1619416093594
1619416092658,1619416093595
1619416092658,1619416093596
1619416092658,1619416093596
1619416092658,1619416093596
1619416092658,1619416093596
1619416092658,1619416093596
1619416092658,1619416093596
1619416092658,1619416093596
1619416092658,1619416093596
1619416092658,1619416093596
1619416092658,1619416093596
1619416092658,1619416093597
1619416092658,1619416093597
1619416092658,1619416093597
1619416092658,1619416093597
1619416092658,1619416093597
1619416092658,1619416093597
1619416092658,1619416093597
1619416092658,1619416093597
1619416092658,1619416093597
1619416092658,1619416093597
1619416092658,1619416093597
1619416092658,1619416093597
1619416092658,1619416093597
1619416092658,1619416093598
1619416092658,1619416093598
1619416092658,1619416093598
1619416092658,1619416093598
1619416092658,1619416093598
1619416092658,1619416093598
1619416092658,1619416093598
1619416092658,1619416093598
1619416092658,1619416093598
1619416092658,1619416093611
1619416092658,1619416093632
1619416092658,1619416093632
1619416092658,1619416093632
1619416092658,1619416093632
1619416092658,1619416093632
1619416092658,1619416093632
1619416092658,1619416093632
1619416092658,1619416093632
1619416092658,1619416093633
1619416092658,1619416093633
1619416092658,1619416093633
1619416092658,1619416093633
1619416092658,1619416093633
1619416092658,1619416093633
1619416092658,1619416093633
1619416092658,1619416093633
1619416092658,1619416093633
1619416092658,1619416093633
1619416092658,1619416093633
1619416092658,1619416093633
1619416092658,1619416093633
1619416092658,1619416093633
1619416092658,1619416093633
1619416092658,1619416093633
1619416092658,1619416093634
1619416092658,1619416093634
1619416092658,1619416093634
1619416092658,1619416093634
1619416092658,1619416093634
1619416092658,1619416093634
1619416092658,1619416093634
1619416092658,1619416093634
1619416092658,1619416093634
1619416092658,1619416093634
1619416092658,1619416093634
1619416092658,1619416093640
1619416092658,1619416093642
1619416092658,1619416093643
1619416092658,1619416093643
1619416092658,1619416093644
1619416092658,1619416093644
1619416092658,1619416093644
1619416092658,1619416093644
1619416092658,1619416093644
1619416092658,1619416093644
1619416092658,1619416093644
1619416092658,1619416093645
1619416092658,1619416093649
1619416092658,1619416093650
1619416092658,1619416093650
1619416092658,1619416093651
1619416092658,1619416093651
1619416092658,1619416093651
1619416092658,1619416093655
1619416092658,1619416093655
1619416092658,1619416093660
1619416092658,1619416093662
1619416092658,1619416093663
1619416092658,1619416093663
1619416092658,1619416093664
1619416092658,1619416093664
1619416092658,1619416093664
1619416092658,1619416093664
1619416092658,1619416093664
1619416092658,1619416093664
1619416092658,1619416093664
1619416092658,1619416093664
1619416092658,1619416093664
1619416092658,1619416093664
1619416092658,1619416093664
1619416092658,1619416093664
1619416092658,1619416093665
1619416092658,1619416093665
1619416092658,1619416093665
1619416092658,1619416093665
1619416092658,1619416093665
1619416092658,1619416093665
1619416092658,1619416093665
1619416092658,1619416093666
1619416092658,1619416093666
1619416092658,1619416093666
1619416092658,1619416093666
1619416092658,1619416093666
1619416092658,1619416093666
1619416092658,1619416093666
1619416092658,1619416093666
1619416092658,1619416093666
1619416092658,1619416093666
1619416092658,1619416093666
1619416092658,1619416093667
1619416092658,1619416093667
1619416092658,1619416093670
1619416092658,1619416093680
1619416092658,1619416093680
1619416092658,1619416093680
1619416092658,1619416093680
1619416092658,1619416093680
1619416092658,1619416093683
1619416092658,1619416093683
1619416092658,1619416093684
1619416092658,1619416093691
1619416092658,1619416093697
1619416092658,1619416093698
1619416092658,1619416093698
1619416092658,1619416093698
1619416092658,1619416093698
1619416092658,1619416093698
1619416092658,1619416093698
1619416092658,1619416093698
1619416092658,1619416093698
1619416092658,1619416093698
1619416092658,1619416093698
1619416092658,1619416093698
1619416092658,1619416093698
1619416092658,1619416093698
1619416092658,1619416093698
1619416092658,1619416093698
1619416092658,1619416093699
1619416092658,1619416093699
1619416092658,1619416093702
1619416092659,1619416093707
1619416092659,1619416093707
1619416092658,1619416093707
1619416092659,1619416093707
1619416092659,1619416093707
1619416092659,1619416093708
1619416092659,1619416093708
1619416092659,1619416093733
1619416092659,1619416093752
1619416092659,1619416093755
1619416092659,1619416093755
1619416092659,1619416093755
1619416092659,1619416093756
1619416092659,1619416093756
1619416092659,1619416093756
1619416092659,1619416093756
1619416092659,1619416093757
1619416092659,1619416093757
1619416092659,1619416093757
1619416092659,1619416093757
1619416092659,1619416093757
1619416092659,1619416093757
1619416092659,1619416093758
1619416092659,1619416093758
1619416092659,1619416093758
1619416092659,1619416093758
1619416092659,1619416093758
1619416092659,1619416093758
1619416092659,1619416093758
1619416092659,1619416093758
1619416092659,1619416093758
1619416092659,1619416093759
1619416092659,1619416093759
1619416092659,1619416093759
1619416092659,1619416093759
1619416092659,1619416093759
1619416092659,1619416093759
1619416092659,1619416093759
1619416092659,1619416093759
1619416092659,1619416093759
1619416092659,1619416093759
1619416092659,1619416093759
1619416092659,1619416093759
1619416092659,1619416093759
1619416092659,1619416093759
1619416092659,1619416093760
1619416092659,1619416093760
1619416092659,1619416093760
1619416092659,1619416093760
1619416092659,1619416093760
1619416092659,1619416093760
1619416092659,1619416093760
1619416092659,1619416093760
1619416092659,1619416093760
1619416092659,1619416093760
1619416092659,1619416093760
1619416092659,1619416093760
1619416092659,1619416093760
1619416092659,1619416093760
1619416092659,1619416093760
1619416092659,1619416093760
1619416092659,1619416093760
1619416092659,1619416093761
1619416092659,1619416093761
1619416092659,1619416093761
1619416092659,1619416093761
1619416092659,1619416093761
1619416092659,1619416093761
1619416092659,1619416093761
1619416092659,1619416093784
1619416092659,1619416093786
1619416092659,1619416093787
1619416092659,1619416093787
1619416092659,1619416093787
1619416092659,1619416093787
1619416092659,1619416093787
1619416092659,1619416093787
1619416092659,1619416093787
1619416092659,1619416093787
1619416092659,1619416093787
1619416092659,1619416093787
1619416092659,1619416093787
1619416092659,1619416093787
1619416092659,1619416093787
1619416092659,1619416093787
1619416092659,1619416093787
1619416092659,1619416093787
1619416092659,1619416093788
1619416092659,1619416093788
1619416092659,1619416093788
1619416092659,1619416093788
1619416092659,1619416093788
1619416092659,1619416093788
1619416092659,1619416093788
1619416092659,1619416093788
1619416092659,1619416093796
1619416092659,1619416093799
1619416092659,1619416093799
1619416092659,1619416093800
1619416092659,1619416093800
1619416092659,1619416093800
1619416092659,1619416093800
1619416092659,1619416093800
1619416092659,1619416093800
1619416092659,1619416093800
1619416092659,1619416093800
1619416092659,1619416093800
1619416092659,1619416093800
1619416092659,1619416093800
1619416092659,1619416093800
1619416092659,1619416093800
1619416092659,1619416093800
1619416092659,1619416093800
1619416092659,1619416093800
1619416092659,1619416093800
1619416092659,1619416093801
1619416092659,1619416093801
1619416092659,1619416093801
1619416092659,1619416093801
1619416092659,1619416093801
1619416092659,1619416093801
1619416092659,1619416093801
1619416092659,1619416093801
1619416092659,1619416093801
1619416092659,1619416093801
1619416092659,1619416093801
1619416092659,1619416093801
1619416092659,1619416093801
1619416092659,1619416093801
1619416092659,1619416093801
1619416092659,1619416093801
1619416092659,1619416093802
1619416092659,1619416093802
1619416092659,1619416093802
1619416092659,1619416093802
1619416092659,1619416093810
1619416092659,1619416093816
1619416092659,1619416093818
1619416092659,1619416093821
1619416092659,1619416093822
1619416092659,1619416093822
1619416092659,1619416093823
1619416092659,1619416093823
1619416092659,1619416093823
1619416092659,1619416093823
1619416092659,1619416093823
1619416092659,1619416093823
1619416092659,1619416093823
1619416092659,1619416093823
1619416092659,1619416093823
1619416092659,1619416093823
1619416092659,1619416093823
1619416092659,1619416093823
1619416092659,1619416093824
1619416092659,1619416093824
1619416092659,1619416093824
1619416092659,1619416093824
1619416092659,1619416093824
1619416092659,1619416093824
1619416092659,1619416093824
1619416092659,1619416093824
1619416092659,1619416093824
1619416092659,1619416093824
1619416092659,1619416093824
1619416092659,1619416093824
1619416092659,1619416093824
1619416092659,1619416093824
1619416092659,1619416093824
1619416092659,1619416093825
1619416092659,1619416093825
1619416092659,1619416093825
1619416092659,1619416093825
1619416092659,1619416093825
1619416092659,1619416093825
1619416092659,1619416093825
1619416092659,1619416093825
1619416092659,1619416093825
1619416092659,1619416093825
1619416092659,1619416093825
1619416092659,1619416093825
1619416092659,1619416093825
1619416092659,1619416093825
1619416092659,1619416093825
1619416092659,1619416093825
1619416092659,1619416093825
1619416092659,1619416093826
1619416092659,1619416093826
1619416092659,1619416093826
1619416092659,1619416093826
1619416092659,1619416093826
1619416092659,1619416093826
1619416092659,1619416093826
1619416092659,1619416093826
1619416092659,1619416093826
1619416092659,1619416093826
1619416092659,1619416093826
1619416092659,1619416093826
1619416092659,1619416093826
1619416092659,1619416093826
1619416092659,1619416093826
1619416092659,1619416093827
1619416092659,1619416093827
1619416092659,1619416093827
1619416092659,1619416093827
1619416092659,1619416093827
1619416092659,1619416093827
1619416092659,1619416093827
1619416092659,1619416093827
1619416092659,1619416093827
1619416092659,1619416093827
1619416092659,1619416093827
1619416092659,1619416093827
1619416092659,1619416093828
1619416092659,1619416093828
1619416092659,1619416093828
1619416092659,1619416093829
1619416092659,1619416093829
1619416092659,1619416093829
1619416092659,1619416093829
1619416092659,1619416093829
1619416092659,1619416093829
1619416092659,1619416093830
1619416092659,1619416093830
1619416092659,1619416093830
1619416092659,1619416093830
1619416092659,1619416093830
1619416092659,1619416093830
1619416092659,1619416093830
1619416092659,1619416093830
1619416092659,1619416093830
1619416092659,1619416093831
1619416092659,1619416093831
1619416092659,1619416093831
1619416092659,1619416093831
1619416092659,1619416093831
1619416092659,1619416093831
1619416092659,1619416093831
1619416092659,1619416093831
1619416092659,1619416093831
1619416092659,1619416093831
1619416092659,1619416093831
1619416092659,1619416093831
1619416092659,1619416093831
1619416092659,1619416093832
1619416092659,1619416093832
1619416092659,1619416093832
1619416092659,1619416093832
1619416092659,1619416093832
1619416092659,1619416093832
1619416092659,1619416093832
1619416092659,1619416093832
1619416092659,1619416093832
1619416092659,1619416093858
1619416092659,1619416093858
1619416092659,1619416093858
1619416092659,1619416093858
1619416092659,1619416093858
1619416092659,1619416093858
1619416092659,1619416093858
1619416092659,1619416093858
1619416092659,1619416093858
1619416092659,1619416093858
1619416092659,1619416093858
1619416092659,1619416093859
1619416092659,1619416093859
1619416092659,1619416093859
1619416092659,1619416093859
1619416092659,1619416093859
1619416092659,1619416093859
1619416092659,1619416093859
1619416092659,1619416093859
1619416092659,1619416093859
1619416092659,1619416093859
1619416092659,1619416093859
1619416092659,1619416093859
1619416092659,1619416093859
1619416092659,1619416093859
1619416092659,1619416093859
1619416092659,1619416093859
1619416092659,1619416093859
1619416092659,1619416093859
1619416092659,1619416093860
1619416092659,1619416093860
1619416092659,1619416093860
1619416092659,1619416093860
1619416092659,1619416093860
1619416092659,1619416093860
1619416092659,1619416093860
1619416092659,1619416093860
1619416092659,1619416093860
1619416092659,1619416093860
1619416092659,1619416093860
1619416092659,1619416093860
1619416092659,1619416093860
1619416092659,1619416093860
1619416092659,1619416093860
1619416092659,1619416093860
1619416092659,1619416093861
1619416092659,1619416093861
1619416092659,1619416093861
1619416092659,1619416093861
1619416092659,1619416093861
1619416092659,1619416093861
1619416092659,1619416093861
1619416092659,1619416093861
1619416092659,1619416093861
1619416092659,1619416093861
1619416092659,1619416093861
1619416092659,1619416093861
1619416092659,1619416093861
1619416092659,1619416093861
1619416092659,1619416093861
1619416092659,1619416093861
1619416092659,1619416093862
1619416092659,1619416093862
1619416092659,1619416093862
1619416092659,1619416093862
1619416092659,1619416093862
1619416092659,1619416093862
1619416092659,1619416093862
1619416092659,1619416093862
1619416092659,1619416093862
1619416092659,1619416093862
1619416092659,1619416093862
1619416092659,1619416093862
1619416092659,1619416093862
1619416092659,1619416093862
1619416092659,1619416093863
1619416092659,1619416093863
1619416092659,1619416093863
1619416092659,1619416093863
1619416092659,1619416093863
1619416092659,1619416093863
1619416092659,1619416093863
1619416092659,1619416093863
1619416092659,1619416093863
1619416092659,1619416093863
1619416092659,1619416093865
1619416092659,1619416093867
1619416092659,1619416093868
1619416092659,1619416093868
1619416092659,1619416093868
1619416092659,1619416093868
1619416092659,1619416093868
1619416092659,1619416093868
1619416092659,1619416093868
1619416092659,1619416093868
1619416092659,1619416093868
1619416092659,1619416093869
1619416092659,1619416093869
1619416092659,1619416093869
1619416092659,1619416093869
1619416092659,1619416093869
1619416092659,1619416093869
1619416092659,1619416093869
1619416092659,1619416093869
1619416092659,1619416093869
1619416092659,1619416093869
1619416092659,1619416093869
1619416092659,1619416093869
1619416092659,1619416093869
1619416092659,1619416093869
1619416092659,1619416093869
1619416092659,1619416093869
1619416092659,1619416093869
1619416092659,1619416093870
1619416092659,1619416093870
1619416092659,1619416093870
1619416092659,1619416093870
1619416092659,1619416093870
1619416092659,1619416093870
1619416092659,1619416093870
1619416092659,1619416093870
1619416092659,1619416093870
1619416092659,1619416093870
1619416092659,1619416093870
1619416092659,1619416093870
1619416092659,1619416093870
1619416092659,1619416093870
1619416092659,1619416093870
1619416092659,1619416093870
1619416092659,1619416093870
1619416092659,1619416093871
1619416092659,1619416093871
1619416092659,1619416093871
1619416092659,1619416093871
1619416092659,1619416093871
1619416092659,1619416093871
1619416092659,1619416093871
1619416092659,1619416093871
1619416092659,1619416093871
1619416092659,1619416093871
1619416092659,1619416093871
1619416092659,1619416093871
1619416092659,1619416093871
1619416092659,1619416093871
1619416092659,1619416093871
1619416092659,1619416093871
1619416092659,1619416093871
1619416092659,1619416093871
1619416092659,1619416093872
1619416092659,1619416093872
1619416092659,1619416093872
1619416092659,1619416093872
1619416092659,1619416093872
1619416092659,1619416093872
1619416092659,1619416093872
1619416092659,1619416093872
1619416092659,1619416093872
1619416092659,1619416093872
1619416092659,1619416093872
1619416092659,1619416093872
1619416092659,1619416093872
1619416092659,1619416093872
1619416092659,1619416093872
1619416092659,1619416093872
1619416092659,1619416093872
1619416092659,1619416093872
1619416092659,1619416093873
1619416092659,1619416093873
1619416092659,1619416093873
1619416092659,1619416093873
1619416092659,1619416093873
1619416092659,1619416093873
1619416092659,1619416093873
1619416092659,1619416093873
1619416092659,1619416093873
1619416092659,1619416093873
1619416092659,1619416093873
1619416092659,1619416093873
1619416092659,1619416093873
1619416092659,1619416093873
1619416092659,1619416093873
1619416092659,1619416093873
1619416092659,1619416093873
1619416092659,1619416093873
1619416092659,1619416093874
1619416092659,1619416093874
1619416092659,1619416093874
1619416092659,1619416093874
1619416092659,1619416093874
1619416092659,1619416093874
1619416092659,1619416093874
1619416092659,1619416093874
1619416092659,1619416093874
1619416092659,1619416093874
1619416092659,1619416093874
1619416092659,1619416093874
1619416092659,1619416093874
1619416092659,1619416093874
1619416092659,1619416093874
1619416092659,1619416093874
1619416092659,1619416093874
1619416092659,1619416093874
1619416092659,1619416093875
1619416092659,1619416093875
1619416092659,1619416093875
1619416092659,1619416093875
1619416092659,1619416093875
1619416092659,1619416093875
1619416092659,1619416093875
1619416092659,1619416093875
1619416092659,1619416093875
1619416092659,1619416093875
1619416092659,1619416093875
1619416092659,1619416093875
1619416092659,1619416093875
1619416092659,1619416093875
1619416092659,1619416093875
1619416092659,1619416093875
1619416092659,1619416093875
1619416092659,1619416093875
1619416092659,1619416093876
1619416092659,1619416093876
1619416092659,1619416093876
1619416092659,1619416093876
1619416092659,1619416093876
1619416092659,1619416093876
1619416092659,1619416093876
1619416092659,1619416093876
1619416092659,1619416093876
1619416092659,1619416093876
1619416092659,1619416093876
1619416092659,1619416093876
1619416092659,1619416093876
1619416092659,1619416093876
1619416092659,1619416093876
1619416092659,1619416093876
1619416092659,1619416093876
1619416092659,1619416093876
1619416092659,1619416093877
1619416092659,1619416093877
1619416092659,1619416093877
1619416092659,1619416093877
1619416092659,1619416093877
1619416092659,1619416093877
1619416097642,1619416097723
1619416097642,1619416097741
1619416097642,1619416097741
1619416097642,1619416097741
1619416097642,1619416097742
1619416097642,1619416097742
1619416097642,1619416097742
1619416097642,1619416097742
1619416097642,1619416097742
1619416097642,1619416097742
1619416097642,1619416097742
1619416097642,1619416097743
1619416097642,1619416097743
1619416097642,1619416097743
1619416097642,1619416097743
1619416097642,1619416097744
1619416097642,1619416097744
1619416097642,1619416097744
1619416097642,1619416097744
1619416097642,1619416097745
1619416097642,1619416097752
1619416097642,1619416097753
1619416097642,1619416097753
1619416097642,1619416097753
1619416097642,1619416097753
1619416097642,1619416097753
1619416097642,1619416097753
1619416097642,1619416097753
1619416097642,1619416097753
1619416097642,1619416097754
1619416097642,1619416097754
1619416097642,1619416097754
1619416097642,1619416097754
1619416097642,1619416097754
1619416097642,1619416097754
1619416097642,1619416097754
1619416097642,1619416097754
1619416097642,1619416097754
1619416097642,1619416097754
1619416097642,1619416097754
1619416097642,1619416097754
1619416097642,1619416097754
1619416097642,1619416097754
1619416097642,1619416097755
1619416097642,1619416097755
1619416097642,1619416097755
1619416097642,1619416097755
1619416097642,1619416097755
1619416097642,1619416097755
1619416097642,1619416097755
1619416097642,1619416097755
1619416097642,1619416097755
1619416097642,1619416097755
1619416097642,1619416097755
1619416097642,1619416097755
1619416097642,1619416097755
1619416097642,1619416097756
1619416097642,1619416097756
1619416097642,1619416097756
1619416097642,1619416097756
1619416097642,1619416097756
1619416097642,1619416097759
1619416097642,1619416097763
1619416097642,1619416097764
1619416097642,1619416097765
1619416097642,1619416097765
1619416097642,1619416097765
1619416097642,1619416097765
1619416097642,1619416097765
1619416097642,1619416097765
1619416097642,1619416097765
1619416097642,1619416097765
1619416097642,1619416097765
1619416097642,1619416097765
1619416097642,1619416097765
1619416097642,1619416097766
1619416097642,1619416097766
1619416097642,1619416097766
1619416097642,1619416097766
1619416097642,1619416097766
1619416097642,1619416097766
1619416097642,1619416097766
1619416097642,1619416097766
1619416097642,1619416097766
1619416097642,1619416097766
1619416097642,1619416097766
1619416097642,1619416097766
1619416097642,1619416097766
1619416097642,1619416097766
1619416097642,1619416097766
1619416097642,1619416097766
1619416097642,1619416097766
1619416097642,1619416097766
1619416097642,1619416097767
1619416097642,1619416097767
1619416097642,1619416097767
1619416097642,1619416097767
1619416097642,1619416097767
1619416097642,1619416097767
1619416097642,1619416097767
1619416097642,1619416097767
1619416097642,1619416097767
1619416097642,1619416097767
1619416097642,1619416097767
1619416097642,1619416097767
1619416097642,1619416097767
1619416097642,1619416097767
1619416097642,1619416097768
1619416097642,1619416097768
1619416097642,1619416097768
1619416097642,1619416097768
1619416097642,1619416097768
1619416097642,1619416097768
1619416097642,1619416097768
1619416097642,1619416097768
1619416097642,1619416097768
1619416097642,1619416097768
1619416097642,1619416097768
1619416097642,1619416097768
1619416097642,1619416097769
1619416097642,1619416097769
1619416097642,1619416097769
1619416097642,1619416097769
1619416097642,1619416097769
1619416097642,1619416097769
1619416097642,1619416097769
1619416097642,1619416097769
1619416097642,1619416097769
1619416097642,1619416097769
1619416097642,1619416097769
1619416097642,1619416097769
1619416097642,1619416097769
1619416097642,1619416097769
1619416097642,1619416097769
1619416097642,1619416097770
1619416097642,1619416097770
1619416097642,1619416097770
1619416097642,1619416097770
1619416097642,1619416097770
1619416097642,1619416097770
1619416097642,1619416097770
1619416097642,1619416097770
1619416097642,1619416097770
1619416097642,1619416097770
1619416097642,1619416097770
1619416097642,1619416097770
1619416097642,1619416097770
1619416097642,1619416097770
1619416097642,1619416097770
1619416097642,1619416097771
1619416097642,1619416097771
1619416097642,1619416097771
1619416097642,1619416097771
1619416097642,1619416097771
1619416097642,1619416097771
1619416097642,1619416097771
1619416097642,1619416097771
1619416097642,1619416097771
1619416097642,1619416097771
1619416097642,1619416097771
1619416097642,1619416097771
1619416097642,1619416097771
1619416097642,1619416097772
1619416097642,1619416097772
1619416097642,1619416097772
1619416097642,1619416097772
1619416097642,1619416097772
1619416097642,1619416097772
1619416097642,1619416097772
1619416097642,1619416097772
1619416097642,1619416097772
1619416097642,1619416097772
1619416097642,1619416097772
1619416097642,1619416097772
1619416097642,1619416097772
1619416097642,1619416097772
1619416097642,1619416097772
1619416097642,1619416097772
1619416097642,1619416097773
1619416097642,1619416097773
1619416097642,1619416097773
1619416097642,1619416097773
1619416097642,1619416097773
1619416097642,1619416097773
1619416097642,1619416097773
1619416097642,1619416097774
1619416097642,1619416097774
1619416097642,1619416097774
1619416097642,1619416097774
1619416097642,1619416097774
1619416097642,1619416097774
1619416097642,1619416097774
1619416097642,1619416097775
1619416097642,1619416097775
1619416097642,1619416097775
1619416097642,1619416097775
1619416097642,1619416097775
1619416097642,1619416097775
1619416097642,1619416097775
1619416097642,1619416097776
1619416097642,1619416097776
1619416097642,1619416097776
1619416097642,1619416097776
1619416097642,1619416097776
1619416097642,1619416097776
1619416097642,1619416097776
1619416097642,1619416097776
1619416097642,1619416097776
1619416097642,1619416097776
1619416097642,1619416097777
1619416097642,1619416097777
1619416097642,1619416097777
1619416097642,1619416097777
1619416097642,1619416097777
1619416097642,1619416097777
1619416097642,1619416097777
1619416097642,1619416097777
1619416097642,1619416097777
1619416097642,1619416097777
1619416097642,1619416097777
1619416097642,1619416097777
1619416097642,1619416097777
1619416097642,1619416097777
1619416097642,1619416097777
1619416097642,1619416097777
1619416097642,1619416097778
1619416097642,1619416097778
1619416097642,1619416097778
1619416097642,1619416097778
1619416097642,1619416097778
1619416097642,1619416097778
1619416097642,1619416097778
1619416097642,1619416097778
1619416097642,1619416097778
1619416097642,1619416097778
1619416097642,1619416097778
1619416097642,1619416097778
1619416097642,1619416097778
1619416097642,1619416097778
1619416097642,1619416097779
1619416097642,1619416097779
1619416097642,1619416097779
1619416097642,1619416097779
1619416097642,1619416097779
1619416097642,1619416097779
1619416097642,1619416097779
1619416097642,1619416097779
1619416097642,1619416097779
1619416097642,1619416097779
1619416097642,1619416097779
1619416097642,1619416097779
1619416097642,1619416097780
1619416097642,1619416097780
1619416097642,1619416097780
1619416097642,1619416097780
1619416097642,1619416097780
1619416097642,1619416097780
1619416097642,1619416097780
1619416097642,1619416097780
1619416097642,1619416097780
1619416097642,1619416097780
1619416097642,1619416097780
1619416097642,1619416097780
1619416097642,1619416097780
1619416097642,1619416097780
1619416097642,1619416097781
1619416097642,1619416097781
1619416097642,1619416097781
1619416097642,1619416097781
1619416097642,1619416097781
1619416097642,1619416097781
1619416097642,1619416097781
1619416097642,1619416097781
1619416097642,1619416097781
1619416097642,1619416097781
1619416097642,1619416097781
1619416097642,1619416097781
1619416097642,1619416097781
1619416097642,1619416097781
1619416097642,1619416097781
1619416097642,1619416097781
1619416097642,1619416097782
1619416097642,1619416097782
1619416097642,1619416097782
1619416097642,1619416097782
1619416097642,1619416097782
1619416097642,1619416097782
1619416097642,1619416097782
1619416097642,1619416097783
1619416097642,1619416097784
1619416097642,1619416097784
1619416097642,1619416097784
1619416097642,1619416097784
1619416097642,1619416097784
1619416097642,1619416097784
1619416097642,1619416097784
1619416097642,1619416097784
1619416097642,1619416097785
1619416097642,1619416097785
1619416097642,1619416097785
1619416097642,1619416097785
1619416097642,1619416097785
1619416097642,1619416097785
1619416097642,1619416097785
1619416097642,1619416097785
1619416097642,1619416097785
1619416097642,1619416097785
1619416097642,1619416097785
1619416097642,1619416097785
1619416097642,1619416097785
1619416097642,1619416097785
1619416097642,1619416097786
1619416097642,1619416097786
1619416097642,1619416097786
1619416097642,1619416097786
1619416097642,1619416097786
1619416097642,1619416097786
1619416097642,1619416097786
1619416097642,1619416097786
1619416097642,1619416097786
1619416097642,1619416097786
1619416097642,1619416097786
1619416097642,1619416097786
1619416097642,1619416097786
1619416097642,1619416097786
1619416097642,1619416097786
1619416097642,1619416097786
1619416097642,1619416097787
1619416097642,1619416097787
1619416097642,1619416097787
1619416097642,1619416097787
1619416097642,1619416097787
1619416097642,1619416097787
1619416097642,1619416097787
1619416097642,1619416097787
1619416097642,1619416097787
1619416097642,1619416097787
1619416097642,1619416097787
1619416097642,1619416097787
1619416097642,1619416097787
1619416097642,1619416097787
1619416097642,1619416097787
1619416097642,1619416097787
1619416097642,1619416097787
1619416097642,1619416097788
1619416097642,1619416097788
1619416097642,1619416097788
1619416097642,1619416097788
1619416097642,1619416097788
1619416097642,1619416097788
1619416097642,1619416097788
1619416097642,1619416097788
1619416097642,1619416097788
1619416097642,1619416097788
1619416097642,1619416097788
1619416097642,1619416097788
1619416097642,1619416097788
1619416097642,1619416097788
1619416097642,1619416097789
1619416097642,1619416097790
1619416097642,1619416097790
1619416097642,1619416097790
1619416097642,1619416097790
1619416097642,1619416097790
1619416097642,1619416097790
1619416097642,1619416097790
1619416097642,1619416097790
1619416097642,1619416097790
1619416097642,1619416097790
1619416097642,1619416097790
1619416097642,1619416097790
1619416097642,1619416097790
1619416097642,1619416097790
1619416097642,1619416097790
1619416097642,1619416097791
1619416097642,1619416097791
1619416097642,1619416097791
1619416097642,1619416097791
1619416097642,1619416097791
1619416097642,1619416097791
1619416097642,1619416097791
1619416097642,1619416097791
1619416097642,1619416097791
1619416097642,1619416097791
1619416097642,1619416097792
1619416097642,1619416097792
1619416097642,1619416097792
1619416097642,1619416097792
1619416097642,1619416097792
1619416097642,1619416097792
1619416097642,1619416097792
1619416097642,1619416097792
1619416097642,1619416097792
1619416097642,1619416097792
1619416097642,1619416097792
1619416097642,1619416097793
1619416097642,1619416097793
1619416097642,1619416097793
1619416097642,1619416097793
1619416097642,1619416097793
1619416097642,1619416097793
1619416097642,1619416097793
1619416097642,1619416097793
1619416097642,1619416097793
1619416097642,1619416097793
1619416097642,1619416097793
1619416097642,1619416097793
1619416097642,1619416097794
1619416097642,1619416097794
1619416097642,1619416097794
1619416097642,1619416097794
1619416097642,1619416097794
1619416097642,1619416097794
1619416097642,1619416097794
1619416097642,1619416097794
1619416097642,1619416097794
1619416097642,1619416097794
1619416097642,1619416097794
1619416097642,1619416097794
1619416097642,1619416097794
1619416097642,1619416097794
1619416097642,1619416097795
1619416097642,1619416097795
1619416097642,1619416097795
1619416097642,1619416097795
1619416097642,1619416097795
1619416097642,1619416097795
1619416097642,1619416097795
1619416097642,1619416097795
1619416097642,1619416097795
1619416097642,1619416097795
1619416097642,1619416097795
1619416097642,1619416097795
1619416097642,1619416097795
1619416097642,1619416097795
1619416097642,1619416097795
1619416097642,1619416097795
1619416097642,1619416097795
1619416097642,1619416097796
1619416097642,1619416097796
1619416097642,1619416097796
1619416097642,1619416097796
1619416097642,1619416097796
1619416097642,1619416097796
1619416097642,1619416097796
1619416097642,1619416097796
1619416097642,1619416097796
1619416097642,1619416097796
1619416097642,1619416097796
1619416097642,1619416097796
1619416097642,1619416097796
1619416097642,1619416097796
1619416097642,1619416097796
1619416097642,1619416097796
1619416097642,1619416097796
1619416097642,1619416097796
1619416097642,1619416097797
1619416097642,1619416097797
1619416097642,1619416097797
1619416097642,1619416097797
1619416097642,1619416097797
1619416097642,1619416097797
1619416097642,1619416097797
1619416097642,1619416097806
1619416097642,1619416097807
1619416097642,1619416097809
1619416097642,1619416097809
1619416097642,1619416097810
1619416097642,1619416097810
1619416097642,1619416097810
1619416097642,1619416097810
1619416097642,1619416097810
1619416097642,1619416097810
1619416097642,1619416097810
1619416097642,1619416097810
1619416097642,1619416097810
1619416097642,1619416097810
1619416097642,1619416097810
1619416097642,1619416097811
1619416097642,1619416097811
1619416097642,1619416097811
1619416097642,1619416097811
1619416097642,1619416097811
1619416097642,1619416097811
1619416097642,1619416097811
1619416097642,1619416097811
1619416097642,1619416097811
1619416097642,1619416097811
1619416097642,1619416097811
1619416097642,1619416097811
1619416097642,1619416097812
1619416097642,1619416097812
1619416097642,1619416097812
1619416097642,1619416097812
1619416097642,1619416097812
1619416097642,1619416097812
1619416097642,1619416097812
1619416097642,1619416097812
1619416097642,1619416097812
1619416097642,1619416097812
1619416097642,1619416097812
1619416097642,1619416097812
1619416097642,1619416097812
1619416097642,1619416097812
1619416097642,1619416097812
1619416097642,1619416097813
1619416097642,1619416097813
1619416097642,1619416097813
1619416097642,1619416097813
1619416097642,1619416097813
1619416097642,1619416097813
1619416097642,1619416097813
1619416097642,1619416097813
1619416097642,1619416097813
1619416097642,1619416097813
1619416097642,1619416097813
1619416097642,1619416097813
1619416097642,1619416097814
1619416097642,1619416097814
1619416097642,1619416097814
1619416097642,1619416097814
1619416097642,1619416097814
1619416097642,1619416097814
1619416097642,1619416097814
1619416097642,1619416097814
1619416097642,1619416097814
1619416097642,1619416097814
1619416097642,1619416097814
1619416097642,1619416097814
1619416097642,1619416097818
1619416097642,1619416097818
1619416097642,1619416097820
1619416097642,1619416097820
1619416097642,1619416097820
1619416097642,1619416097820
1619416097642,1619416097821
1619416097642,1619416097821
1619416097642,1619416097821
1619416097642,1619416097821
1619416097642,1619416097821
1619416097642,1619416097821
1619416097642,1619416097821
1619416097642,1619416097821
1619416097642,1619416097822
1619416097642,1619416097822
1619416097642,1619416097822
1619416097642,1619416097822
1619416097642,1619416097822
1619416097642,1619416097822
1619416097642,1619416097822
1619416097642,1619416097822
1619416097643,1619416097822
1619416097642,1619416097822
1619416097643,1619416097822
1619416097643,1619416097823
1619416097643,1619416097823
1619416097643,1619416097823
1619416097643,1619416097823
1619416097643,1619416097823
1619416097643,1619416097823
1619416097643,1619416097823
1619416097643,1619416097823
1619416097643,1619416097823
1619416097643,1619416097823
1619416097643,1619416097823
1619416097643,1619416097823
1619416097643,1619416097823
1619416097643,1619416097824
1619416097643,1619416097824
1619416097643,1619416097824
1619416097643,1619416097824
1619416097643,1619416097824
1619416097643,1619416097824
1619416097643,1619416097824
1619416097643,1619416097824
1619416097643,1619416097824
1619416097643,1619416097824
1619416097643,1619416097824
1619416097643,1619416097824
1619416097643,1619416097825
1619416097643,1619416097825
1619416097643,1619416097825
1619416097643,1619416097825
1619416097643,1619416097825
1619416097643,1619416097825
1619416097643,1619416097825
1619416097643,1619416097825
1619416097643,1619416097825
1619416097643,1619416097825
1619416097643,1619416097825
1619416097643,1619416097825
1619416097643,1619416097825
1619416097643,1619416097825
1619416097643,1619416097825
1619416097643,1619416097825
1619416097643,1619416097826
1619416097643,1619416097826
1619416097643,1619416097826
1619416097643,1619416097826
1619416097643,1619416097826
1619416097643,1619416097826
1619416097643,1619416097826
1619416097643,1619416097826
1619416097643,1619416097826
1619416097643,1619416097826
1619416097643,1619416097826
1619416097643,1619416097826
1619416097643,1619416097826
1619416097643,1619416097827
1619416097643,1619416097827
1619416097643,1619416097827
1619416097643,1619416097827
1619416097643,1619416097827
1619416097643,1619416097827
1619416097643,1619416097827
1619416097643,1619416097827
1619416097643,1619416097827
1619416097643,1619416097827
1619416097643,1619416097827
1619416097643,1619416097827
1619416097643,1619416097828
1619416097643,1619416097828
1619416097643,1619416097828
1619416097643,1619416097828
1619416097643,1619416097828
1619416097643,1619416097828
1619416097643,1619416097828
1619416097643,1619416097828
1619416097643,1619416097828
1619416097643,1619416097828
1619416097643,1619416097828
1619416097643,1619416097828
1619416097643,1619416097828
1619416097643,1619416097828
1619416097643,1619416097829
1619416097643,1619416097829
1619416097643,1619416097829
1619416097643,1619416097829
1619416097643,1619416097829
1619416097643,1619416097829
1619416097643,1619416097829
1619416097643,1619416097829
1619416097643,1619416097829
1619416097643,1619416097829
1619416097643,1619416097829
1619416097643,1619416097829
1619416097643,1619416097829
1619416097643,1619416097829
1619416097643,1619416097829
1619416097643,1619416097829
1619416097643,1619416097829
1619416097643,1619416097829
1619416097643,1619416097830
1619416097643,1619416097830
1619416097643,1619416097830
1619416097643,1619416097830
1619416097643,1619416097830
1619416097643,1619416097830
1619416097643,1619416097830
1619416097643,1619416097830
1619416097643,1619416097830
1619416097643,1619416097830
1619416097643,1619416097830
1619416097643,1619416097830
1619416097643,1619416097830
1619416097643,1619416097830
1619416097643,1619416097830
1619416097643,1619416097830
1619416097643,1619416097830
1619416097643,1619416097830
1619416097643,1619416097831
1619416097643,1619416097831
1619416097643,1619416097831
1619416097643,1619416097831
1619416097643,1619416097831
1619416097643,1619416097831
1619416097643,1619416097831
1619416097643,1619416097831
1619416097643,1619416097831
1619416097643,1619416097831
1619416097643,1619416097831
1619416097643,1619416097832
1619416097643,1619416097833
1619416097643,1619416097833
1619416097643,1619416097833
1619416097643,1619416097833
1619416097643,1619416097834
1619416097643,1619416097834
1619416097643,1619416097834
1619416097643,1619416097834
1619416097643,1619416097834
1619416097643,1619416097834
1619416097643,1619416097834
1619416097643,1619416097834
1619416097643,1619416097834
1619416097643,1619416097834
1619416097643,1619416097834
1619416097643,1619416097834
1619416097643,1619416097834
1619416097643,1619416097834
1619416097643,1619416097834
1619416097643,1619416097834
1619416097643,1619416097835
1619416097643,1619416097835
1619416097643,1619416097835
1619416097643,1619416097835
1619416097643,1619416097835
1619416097643,1619416097835
1619416097643,1619416097835
1619416097643,1619416097835
1619416097643,1619416097835
1619416097643,1619416097835
1619416097643,1619416097835
1619416097643,1619416097835
1619416097643,1619416097835
1619416097643,1619416097835
1619416097643,1619416097835
1619416097643,1619416097835
1619416097643,1619416097835
1619416097643,1619416097836
1619416097643,1619416097836
1619416097643,1619416097836
1619416097643,1619416097836
1619416097643,1619416097836
1619416097643,1619416097836
1619416097643,1619416097836
1619416097643,1619416097838
1619416097643,1619416097838
1619416097643,1619416097838
1619416097643,1619416097838
1619416097643,1619416097838
1619416097643,1619416097838
1619416097643,1619416097839
1619416097643,1619416097839
1619416097643,1619416097839
1619416097643,1619416097839
1619416097643,1619416097839
1619416097643,1619416097839
1619416097643,1619416097839
1619416097643,1619416097839
1619416097643,1619416097839
1619416097643,1619416097839
1619416097643,1619416097839
1619416097643,1619416097839
1619416097643,1619416097839
1619416097643,1619416097839
1619416097643,1619416097839
1619416097643,1619416097839
1619416097643,1619416097840
1619416097643,1619416097840
1619416097643,1619416097840
1619416097643,1619416097840
1619416097643,1619416097840
1619416097643,1619416097840
1619416097643,1619416097840
1619416097643,1619416097840
1619416097643,1619416097840
1619416097643,1619416097840
1619416097643,1619416097840
1619416097643,1619416097840
1619416097643,1619416097840
1619416097643,1619416097840
1619416097643,1619416097840
1619416097643,1619416097840
1619416097643,1619416097840
1619416097643,1619416097840
1619416097643,1619416097841
1619416097643,1619416097841
1619416097643,1619416097841
1619416097643,1619416097841
1619416097643,1619416097841
1619416097643,1619416097841
1619416097643,1619416097841
1619416097643,1619416097841
1619416097643,1619416097841
1619416097643,1619416097841
1619416097643,1619416097841
1619416097643,1619416097841
1619416097643,1619416097841
1619416097643,1619416097841
1619416097643,1619416097841
1619416097643,1619416097841
1619416097643,1619416097841
1619416097643,1619416097841
1619416097643,1619416097842
1619416097643,1619416097842
1619416097643,1619416097842
1619416097643,1619416097842
1619416097643,1619416097842
1619416097643,1619416097842
1619416097643,1619416097843
1619416097643,1619416097843
1619416097643,1619416097843
1619416097643,1619416097843
1619416097643,1619416097843
1619416097643,1619416097843
1619416097643,1619416097843
1619416097643,1619416097843
1619416097643,1619416097843
1619416097643,1619416097843
1619416097643,1619416097844
1619416097643,1619416097844
1619416097643,1619416097844
1619416097643,1619416097844
1619416097643,1619416097844
1619416097643,1619416097844
1619416097643,1619416097844
1619416097643,1619416097844
1619416097643,1619416097844
1619416097643,1619416097844
1619416097643,1619416097844
1619416097643,1619416097844
1619416097643,1619416097844
1619416097643,1619416097844
1619416097643,1619416097845
1619416097643,1619416097845
1619416097643,1619416097845
1619416097643,1619416097845
1619416097643,1619416097845
1619416097643,1619416097845
1619416097643,1619416097845
1619416097643,1619416097845
1619416097643,1619416097845
1619416097643,1619416097845
1619416097643,1619416097845
1619416097643,1619416097845
1619416097643,1619416097845
1619416097643,1619416097845
1619416097643,1619416097846
1619416097643,1619416097846
1619416097643,1619416097846
1619416097643,1619416097846
1619416097643,1619416097846
1619416097643,1619416097846
1619416097643,1619416097846
1619416097643,1619416097846
1619416097643,1619416097846
1619416097643,1619416097846
1619416097643,1619416097846
1619416097643,1619416097846
1619416097643,1619416097846
1619416097643,1619416097847
1619416097643,1619416097847
1619416097643,1619416097847
1619416097643,1619416097847
1619416097643,1619416097847
1619416097643,1619416097847
1619416097643,1619416097847
1619416097643,1619416097847
1619416097643,1619416097847
1619416097643,1619416097847
1619416097643,1619416097847
1619416097643,1619416097847
1619416097643,1619416097847
1619416097643,1619416097847
1619416097643,1619416097848
1619416097643,1619416097848
1619416097643,1619416097848
1619416097643,1619416097848
1619416097643,1619416097848
1619416097643,1619416097848
1619416097643,1619416097848
1619416097643,1619416097848
1619416097643,1619416097848
1619416097643,1619416097848
1619416097643,1619416097848
1619416097643,1619416097848
1619416097643,1619416097848
1619416097643,1619416097848
1619416097643,1619416097849
1619416097643,1619416097849
1619416097643,1619416097849
1619416097643,1619416097849
1619416097643,1619416097849
1619416097643,1619416097849
1619416097643,1619416097849
1619416097643,1619416097851
1619416097643,1619416097851
1619416097643,1619416097851
1619416097643,1619416097851
1619416097643,1619416097851
1619416097643,1619416097851
1619416097643,1619416097851
1619416097643,1619416097851
1619416097643,1619416097851
1619416097643,1619416097851
1619416097643,1619416097851
1619416097643,1619416097851
1619416097643,1619416097851
1619416097643,1619416097851
1619416097643,1619416097852
1619416097643,1619416097852
1619416097643,1619416097852
1619416097643,1619416097852
1619416097643,1619416097852
1619416097643,1619416097852
1619416097643,1619416097852
1619416097643,1619416097852
1619416097643,1619416097852
1619416097643,1619416097852
1619416097643,1619416097852
1619416097643,1619416097852
1619416097643,1619416097853
1619416097643,1619416097853
1619416097643,1619416097853
1619416097643,1619416097853
1619416097643,1619416097853
1619416097643,1619416097853
1619416097643,1619416097853
1619416097643,1619416097853
1619416097643,1619416097857
1619416097643,1619416097857
1619416097643,1619416097857
1619416097643,1619416097857
1619416097643,1619416097857
1619416097643,1619416097857
1619416097643,1619416097858
1619416097643,1619416097858
1619416097643,1619416097858
1619416097643,1619416097858
1619416097643,1619416097858
1619416097643,1619416097858
1619416097643,1619416097858
1619416097643,1619416097858
1619416097643,1619416097858
1619416097643,1619416097858
1619416097643,1619416097858
1619416097643,1619416097858
1619416097643,1619416097858
1619416097643,1619416097858
1619416097643,1619416097858
1619416097643,1619416097858
1619416097643,1619416097858
1619416097643,1619416097858
1619416097643,1619416097859
1619416097643,1619416097859
1619416097643,1619416097859
1619416097643,1619416097859
1619416097643,1619416097859
1619416097643,1619416097859
1619416097643,1619416097859
1619416097643,1619416097859
1619416097643,1619416097859
1619416097643,1619416097859
1619416097643,1619416097859
1619416097643,1619416097859
1619416097643,1619416097859
1619416097643,1619416097859
1619416097643,1619416097859
1619416097643,1619416097859
1619416097643,1619416097859
1619416097643,1619416097859
1619416097643,1619416097859
1619416097643,1619416097860
1619416097643,1619416097860
1619416097643,1619416097860
1619416097643,1619416097860
1619416097643,1619416097860
1619416097643,1619416097860
1619416097643,1619416097860
1619416097643,1619416097860
1619416097643,1619416097860
1619416097643,1619416097860
1619416097643,1619416097860
1619416097643,1619416097860
1619416097643,1619416097860
1619416097643,1619416097860
1619416097643,1619416097860
1619416097643,1619416097860
1619416097643,1619416097860
1619416097643,1619416097860
1619416097643,1619416097861
1619416097643,1619416097861
1619416097643,1619416097861
1619416097643,1619416097861
1619416097643,1619416097861
1619416097643,1619416097861
1619416097643,1619416097861
1619416097643,1619416097861
1619416097643,1619416097861
1619416097643,1619416097861
1619416097643,1619416097861
1619416097643,1619416097861
1619416097643,1619416097861
1619416097643,1619416097861
1619416097643,1619416097861
1619416097643,1619416097861
1619416097643,1619416097861
1619416097643,1619416097861
1619416097643,1619416097861
1619416097643,1619416097862
1619416097643,1619416097862
1619416097643,1619416097862
1619416097643,1619416097862
1619416097643,1619416097862
1619416097643,1619416097862
1619416097643,1619416097862
1619416097643,1619416097862
1619416097643,1619416097862
1619416097643,1619416097862
1619416102653,1619416102705
1619416102651,1619416102722
1619416102653,1619416102722
1619416102653,1619416102722
1619416102653,1619416102722
1619416102653,1619416102723
1619416102653,1619416102723
1619416102653,1619416102723
1619416102653,1619416102723
1619416102653,1619416102723
1619416102653,1619416102723
1619416102653,1619416102723
1619416102653,1619416102724
1619416102653,1619416102724
1619416102653,1619416102724
1619416102653,1619416102724
1619416102653,1619416102724
1619416102653,1619416102724
1619416102653,1619416102724
1619416102653,1619416102724
1619416102653,1619416102725
1619416102653,1619416102725
1619416102653,1619416102725
1619416102653,1619416102725
1619416102653,1619416102725
1619416102653,1619416102725
1619416102653,1619416102725
1619416102653,1619416102726
1619416102653,1619416102726
1619416102653,1619416102726
1619416102653,1619416102726
1619416102653,1619416102726
1619416102653,1619416102726
1619416102653,1619416102727
1619416102653,1619416102727
1619416102653,1619416102727
1619416102653,1619416102727
1619416102653,1619416102727
1619416102653,1619416102727
1619416102653,1619416102727
1619416102653,1619416102727
1619416102653,1619416102727
1619416102653,1619416102727
1619416102653,1619416102728
1619416102653,1619416102728
1619416102653,1619416102728
1619416102653,1619416102728
1619416102653,1619416102728
1619416102653,1619416102728
1619416102653,1619416102728
1619416102653,1619416102728
1619416102653,1619416102728
1619416102653,1619416102729
1619416102653,1619416102729
1619416102653,1619416102729
1619416102653,1619416102729
1619416102653,1619416102729
1619416102653,1619416102729
1619416102653,1619416102729
1619416102653,1619416102729
1619416102653,1619416102730
1619416102653,1619416102730
1619416102653,1619416102730
1619416102653,1619416102730
1619416102653,1619416102730
1619416102653,1619416102730
1619416102653,1619416102730
1619416102653,1619416102731
1619416102653,1619416102731
1619416102653,1619416102731
1619416102653,1619416102731
1619416102653,1619416102731
1619416102653,1619416102731
1619416102653,1619416102731
1619416102653,1619416102731
1619416102653,1619416102731
1619416102653,1619416102731
1619416102653,1619416102731
1619416102653,1619416102731
1619416102653,1619416102731
1619416102653,1619416102732
1619416102653,1619416102732
1619416102653,1619416102732
1619416102653,1619416102732
1619416102653,1619416102732
1619416102653,1619416102732
1619416102653,1619416102732
1619416102653,1619416102732
1619416102653,1619416102732
1619416102653,1619416102732
1619416102653,1619416102732
1619416102653,1619416102732
1619416102653,1619416102733
1619416102653,1619416102733
1619416102653,1619416102733
1619416102653,1619416102733
1619416102653,1619416102733
1619416102653,1619416102733
1619416102653,1619416102733
1619416102653,1619416102733
1619416102653,1619416102733
1619416102653,1619416102733
1619416102653,1619416102733
1619416102653,1619416102733
1619416102653,1619416102733
1619416102653,1619416102734
1619416102653,1619416102734
1619416102653,1619416102734
1619416102653,1619416102734
1619416102653,1619416102734
1619416102653,1619416102734
1619416102653,1619416102734
1619416102653,1619416102734
1619416102653,1619416102734
1619416102653,1619416102734
1619416102653,1619416102734
1619416102653,1619416102734
1619416102653,1619416102734
1619416102653,1619416102734
1619416102653,1619416102734
1619416102653,1619416102735
1619416102653,1619416102735
1619416102653,1619416102735
1619416102653,1619416102735
1619416102653,1619416102735
1619416102653,1619416102735
1619416102653,1619416102735
1619416102653,1619416102735
1619416102653,1619416102735
1619416102653,1619416102735
1619416102653,1619416102735
1619416102653,1619416102735
1619416102653,1619416102735
1619416102653,1619416102736
1619416102653,1619416102736
1619416102653,1619416102736
1619416102653,1619416102736
1619416102653,1619416102736
1619416102653,1619416102736
1619416102653,1619416102736
1619416102653,1619416102736
1619416102653,1619416102736
1619416102653,1619416102736
1619416102653,1619416102737
1619416102653,1619416102737
1619416102653,1619416102737
1619416102653,1619416102737
1619416102653,1619416102737
1619416102653,1619416102737
1619416102653,1619416102737
1619416102653,1619416102737
1619416102653,1619416102737
1619416102653,1619416102738
1619416102653,1619416102738
1619416102653,1619416102738
1619416102653,1619416102738
1619416102653,1619416102738
1619416102653,1619416102738
1619416102653,1619416102738
1619416102653,1619416102738
1619416102653,1619416102738
1619416102653,1619416102738
1619416102653,1619416102738
1619416102653,1619416102739
1619416102653,1619416102739
1619416102653,1619416102739
1619416102653,1619416102739
1619416102653,1619416102739
1619416102653,1619416102739
1619416102653,1619416102739
1619416102653,1619416102739
1619416102653,1619416102739
1619416102653,1619416102739
1619416102653,1619416102739
1619416102653,1619416102739
1619416102653,1619416102739
1619416102653,1619416102739
1619416102653,1619416102739
1619416102653,1619416102740
1619416102653,1619416102740
1619416102653,1619416102740
1619416102653,1619416102740
1619416102653,1619416102740
1619416102653,1619416102740
1619416102653,1619416102740
1619416102653,1619416102740
1619416102653,1619416102740
1619416102653,1619416102740
1619416102653,1619416102740
1619416102653,1619416102740
1619416102653,1619416102740
1619416102653,1619416102741
1619416102653,1619416102741
1619416102653,1619416102741
1619416102653,1619416102741
1619416102653,1619416102741
1619416102653,1619416102741
1619416102653,1619416102741
1619416102653,1619416102741
1619416102653,1619416102741
1619416102653,1619416102741
1619416102653,1619416102741
1619416102653,1619416102741
1619416102653,1619416102741
1619416102653,1619416102741
1619416102653,1619416102742
1619416102653,1619416102742
1619416102653,1619416102742
1619416102653,1619416102742
1619416102653,1619416102742
1619416102653,1619416102742
1619416102653,1619416102742
1619416102653,1619416102742
1619416102653,1619416102742
1619416102653,1619416102742
1619416102653,1619416102742
1619416102653,1619416102743
1619416102653,1619416102743
1619416102653,1619416102743
1619416102653,1619416102743
1619416102653,1619416102743
1619416102653,1619416102743
1619416102653,1619416102743
1619416102653,1619416102743
1619416102653,1619416102743
1619416102653,1619416102743
1619416102653,1619416102743
1619416102653,1619416102743
1619416102653,1619416102743
1619416102653,1619416102743
1619416102653,1619416102744
1619416102653,1619416102744
1619416102653,1619416102744
1619416102653,1619416102744
1619416102653,1619416102744
1619416102653,1619416102744
1619416102653,1619416102744
1619416102653,1619416102744
1619416102653,1619416102744
1619416102653,1619416102744
1619416102653,1619416102744
1619416102653,1619416102744
1619416102653,1619416102744
1619416102653,1619416102744
1619416102653,1619416102745
1619416102653,1619416102745
1619416102653,1619416102745
1619416102653,1619416102745
1619416102653,1619416102745
1619416102653,1619416102745
1619416102653,1619416102745
1619416102653,1619416102745
1619416102653,1619416102745
1619416102653,1619416102745
1619416102653,1619416102745
1619416102653,1619416102745
1619416102653,1619416102745
1619416102653,1619416102745
1619416102653,1619416102746
1619416102653,1619416102746
1619416102653,1619416102746
1619416102653,1619416102746
1619416102653,1619416102746
1619416102653,1619416102746
1619416102653,1619416102746
1619416102653,1619416102746
1619416102653,1619416102746
1619416102653,1619416102746
1619416102653,1619416102746
1619416102653,1619416102746
1619416102653,1619416102746
1619416102653,1619416102746
1619416102653,1619416102747
1619416102653,1619416102747
1619416102653,1619416102747
1619416102653,1619416102747
1619416102653,1619416102747
1619416102653,1619416102747
1619416102653,1619416102747
1619416102653,1619416102747
1619416102653,1619416102747
1619416102653,1619416102747
1619416102653,1619416102747
1619416102653,1619416102747
1619416102653,1619416102747
1619416102653,1619416102747
1619416102653,1619416102748
1619416102653,1619416102748
1619416102653,1619416102748
1619416102653,1619416102748
1619416102653,1619416102748
1619416102653,1619416102748
1619416102653,1619416102748
1619416102653,1619416102748
1619416102653,1619416102748
1619416102653,1619416102748
1619416102653,1619416102748
1619416102653,1619416102748
1619416102653,1619416102748
1619416102653,1619416102749
1619416102653,1619416102749
1619416102653,1619416102749
1619416102653,1619416102749
1619416102653,1619416102749
1619416102653,1619416102749
1619416102653,1619416102749
1619416102653,1619416102749
1619416102653,1619416102749
1619416102653,1619416102749
1619416102653,1619416102749
1619416102653,1619416102749
1619416102653,1619416102749
1619416102653,1619416102750
1619416102653,1619416102750
1619416102653,1619416102750
1619416102653,1619416102750
1619416102653,1619416102750
1619416102653,1619416102750
1619416102653,1619416102750
1619416102653,1619416102750
1619416102653,1619416102750
1619416102653,1619416102750
1619416102653,1619416102750
1619416102653,1619416102750
1619416102653,1619416102750
1619416102653,1619416102751
1619416102653,1619416102751
1619416102653,1619416102751
1619416102653,1619416102751
1619416102653,1619416102751
1619416102653,1619416102751
1619416102653,1619416102751
1619416102653,1619416102751
1619416102653,1619416102751
1619416102653,1619416102751
1619416102653,1619416102751
1619416102653,1619416102751
1619416102653,1619416102751
1619416102653,1619416102751
1619416102653,1619416102751
1619416102653,1619416102752
1619416102653,1619416102752
1619416102653,1619416102752
1619416102653,1619416102752
1619416102653,1619416102752
1619416102653,1619416102752
1619416102653,1619416102752
1619416102653,1619416102752
1619416102653,1619416102752
1619416102653,1619416102752
1619416102653,1619416102752
1619416102653,1619416102752
1619416102653,1619416102752
1619416102653,1619416102752
1619416102653,1619416102753
1619416102653,1619416102753
1619416102653,1619416102753
1619416102653,1619416102753
1619416102653,1619416102753
1619416102653,1619416102753
1619416102653,1619416102753
1619416102653,1619416102753
1619416102653,1619416102753
1619416102653,1619416102753
1619416102653,1619416102753
1619416102653,1619416102753
1619416102653,1619416102753
1619416102653,1619416102754
1619416102653,1619416102754
1619416102653,1619416102754
1619416102653,1619416102754
1619416102653,1619416102754
1619416102653,1619416102754
1619416102653,1619416102754
1619416102653,1619416102754
1619416102653,1619416102754
1619416102653,1619416102754
1619416102653,1619416102755
1619416102653,1619416102755
1619416102653,1619416102755
1619416102653,1619416102755
1619416102653,1619416102755
1619416102653,1619416102755
1619416102653,1619416102755
1619416102653,1619416102755
1619416102653,1619416102755
1619416102653,1619416102755
1619416102653,1619416102755
1619416102653,1619416102755
1619416102653,1619416102756
1619416102653,1619416102756
1619416102653,1619416102756
1619416102653,1619416102756
1619416102653,1619416102756
1619416102653,1619416102756
1619416102653,1619416102756
1619416102653,1619416102756
1619416102653,1619416102756
1619416102653,1619416102763
1619416102653,1619416102763
1619416102653,1619416102763
1619416102653,1619416102763
1619416102653,1619416102763
1619416102653,1619416102764
1619416102653,1619416102764
1619416102653,1619416102764
1619416102653,1619416102764
1619416102653,1619416102764
1619416102653,1619416102764
1619416102653,1619416102764
1619416102653,1619416102764
1619416102653,1619416102764
1619416102653,1619416102765
1619416102653,1619416102765
1619416102653,1619416102765
1619416102653,1619416102765
1619416102653,1619416102765
1619416102653,1619416102765
1619416102653,1619416102765
1619416102653,1619416102765
1619416102653,1619416102765
1619416102653,1619416102765
1619416102653,1619416102765
1619416102653,1619416102766
1619416102653,1619416102766
1619416102653,1619416102766
1619416102653,1619416102766
1619416102653,1619416102766
1619416102653,1619416102766
1619416102653,1619416102766
1619416102653,1619416102766
1619416102653,1619416102766
1619416102653,1619416102766
1619416102653,1619416102766
1619416102653,1619416102766
1619416102653,1619416102766
1619416102653,1619416102767
1619416102653,1619416102767
1619416102653,1619416102767
1619416102653,1619416102767
1619416102653,1619416102767
1619416102653,1619416102767
1619416102653,1619416102767
1619416102653,1619416102767
1619416102653,1619416102767
1619416102653,1619416102767
1619416102653,1619416102767
1619416102653,1619416102767
1619416102653,1619416102767
1619416102653,1619416102768
1619416102653,1619416102768
1619416102653,1619416102768
1619416102653,1619416102768
1619416102653,1619416102768
1619416102653,1619416102768
1619416102653,1619416102768
1619416102653,1619416102768
1619416102653,1619416102768
1619416102653,1619416102768
1619416102653,1619416102768
1619416102653,1619416102768
1619416102653,1619416102768
1619416102653,1619416102769
1619416102653,1619416102770
1619416102653,1619416102770
1619416102653,1619416102770
1619416102653,1619416102770
1619416102653,1619416102770
1619416102653,1619416102770
1619416102653,1619416102770
1619416102653,1619416102770
1619416102653,1619416102770
1619416102653,1619416102771
1619416102653,1619416102771
1619416102653,1619416102771
1619416102653,1619416102771
1619416102653,1619416102771
1619416102653,1619416102771
1619416102653,1619416102771
1619416102653,1619416102772
1619416102653,1619416102772
1619416102653,1619416102772
1619416102653,1619416102772
1619416102653,1619416102772
1619416102653,1619416102772
1619416102653,1619416102773
1619416102653,1619416102773
1619416102653,1619416102773
1619416102653,1619416102773
1619416102653,1619416102773
1619416102653,1619416102773
1619416102653,1619416102773
1619416102653,1619416102773
1619416102653,1619416102773
1619416102653,1619416102773
1619416102653,1619416102773
1619416102653,1619416102773
1619416102653,1619416102773
1619416102653,1619416102774
1619416102653,1619416102774
1619416102653,1619416102774
1619416102653,1619416102774
1619416102653,1619416102774
1619416102653,1619416102774
1619416102653,1619416102774
1619416102653,1619416102774
1619416102653,1619416102774
1619416102653,1619416102774
1619416102653,1619416102774
1619416102653,1619416102774
1619416102653,1619416102774
1619416102653,1619416102774
1619416102653,1619416102775
1619416102653,1619416102775
1619416102653,1619416102775
1619416102653,1619416102775
1619416102653,1619416102775
1619416102653,1619416102775
1619416102653,1619416102775
1619416102653,1619416102775
1619416102653,1619416102775
1619416102653,1619416102775
1619416102653,1619416102775
1619416102653,1619416102775
1619416102653,1619416102776
1619416102653,1619416102776
1619416102653,1619416102776
1619416102653,1619416102776
1619416102653,1619416102776
1619416102653,1619416102776
1619416102653,1619416102776
1619416102653,1619416102776
1619416102653,1619416102776
1619416102653,1619416102776
1619416102653,1619416102776
1619416102653,1619416102776
1619416102653,1619416102777
1619416102653,1619416102777
1619416102653,1619416102777
1619416102653,1619416102777
1619416102653,1619416102777
1619416102653,1619416102777
1619416102653,1619416102777
1619416102653,1619416102777
1619416102653,1619416102777
1619416102653,1619416102777
1619416102653,1619416102777
1619416102653,1619416102777
1619416102653,1619416102777
1619416102653,1619416102777
1619416102653,1619416102778
1619416102653,1619416102778
1619416102653,1619416102778
1619416102653,1619416102778
1619416102653,1619416102778
1619416102653,1619416102778
1619416102653,1619416102778
1619416102653,1619416102778
1619416102653,1619416102778
1619416102653,1619416102778
1619416102653,1619416102778
1619416102653,1619416102779
1619416102653,1619416102779
1619416102653,1619416102779
1619416102653,1619416102779
1619416102653,1619416102779
1619416102653,1619416102779
1619416102653,1619416102779
1619416102653,1619416102779
1619416102653,1619416102779
1619416102653,1619416102779
1619416102653,1619416102779
1619416102653,1619416102779
1619416102653,1619416102780
1619416102653,1619416102780
1619416102653,1619416102780
1619416102653,1619416102780
1619416102653,1619416102780
1619416102653,1619416102780
1619416102653,1619416102780
1619416102653,1619416102780
1619416102653,1619416102780
1619416102653,1619416102780
1619416102653,1619416102780
1619416102653,1619416102780
1619416102653,1619416102780
1619416102653,1619416102781
1619416102653,1619416102781
1619416102653,1619416102781
1619416102653,1619416102781
1619416102653,1619416102781
1619416102653,1619416102781
1619416102653,1619416102781
1619416102653,1619416102782
1619416102653,1619416102782
1619416102653,1619416102782
1619416102653,1619416102782
1619416102653,1619416102782
1619416102653,1619416102782
1619416102653,1619416102782
1619416102653,1619416102782
1619416102653,1619416102783
1619416102653,1619416102783
1619416102653,1619416102783
1619416102653,1619416102783
1619416102653,1619416102783
1619416102653,1619416102783
1619416102653,1619416102783
1619416102653,1619416102783
1619416102653,1619416102783
1619416102653,1619416102783
1619416102653,1619416102783
1619416102653,1619416102783
1619416102653,1619416102783
1619416102653,1619416102783
1619416102653,1619416102783
1619416102653,1619416102783
1619416102653,1619416102783
1619416102653,1619416102784
1619416102653,1619416102784
1619416102653,1619416102784
1619416102653,1619416102784
1619416102653,1619416102784
1619416102653,1619416102784
1619416102653,1619416102784
1619416102653,1619416102784
1619416102653,1619416102784
1619416102653,1619416102784
1619416102653,1619416102784
1619416102653,1619416102784
1619416102653,1619416102784
1619416102653,1619416102784
1619416102653,1619416102784
1619416102653,1619416102784
1619416102653,1619416102784
1619416102653,1619416102785
1619416102653,1619416102785
1619416102653,1619416102785
1619416102653,1619416102785
1619416102653,1619416102785
1619416102653,1619416102785
1619416102653,1619416102785
1619416102653,1619416102785
1619416102653,1619416102785
1619416102653,1619416102785
1619416102653,1619416102785
1619416102653,1619416102785
1619416102653,1619416102785
1619416102653,1619416102785
1619416102653,1619416102785
1619416102653,1619416102786
1619416102653,1619416102786
1619416102653,1619416102786
1619416102653,1619416102786
1619416102653,1619416102786
1619416102653,1619416102786
1619416102653,1619416102786
1619416102653,1619416102786
1619416102653,1619416102786
1619416102653,1619416102786
1619416102653,1619416102786
1619416102653,1619416102786
1619416102653,1619416102786
1619416102653,1619416102786
1619416102653,1619416102787
1619416102653,1619416102787
1619416102653,1619416102787
1619416102653,1619416102787
1619416102653,1619416102787
1619416102653,1619416102787
1619416102653,1619416102787
1619416102653,1619416102787
1619416102653,1619416102787
1619416102653,1619416102787
1619416102653,1619416102787
1619416102653,1619416102787
1619416102653,1619416102787
1619416102653,1619416102787
1619416102653,1619416102788
1619416102653,1619416102788
1619416102653,1619416102788
1619416102653,1619416102788
1619416102653,1619416102788
1619416102653,1619416102788
1619416102653,1619416102788
1619416102653,1619416102788
1619416102653,1619416102788
1619416102653,1619416102788
1619416102653,1619416102788
1619416102653,1619416102789
1619416102653,1619416102789
1619416102653,1619416102789
1619416102653,1619416102789
1619416102653,1619416102789
1619416102653,1619416102789
1619416102653,1619416102789
1619416102653,1619416102789
1619416102653,1619416102789
1619416102653,1619416102789
1619416102653,1619416102789
1619416102653,1619416102789
1619416102653,1619416102789
1619416102653,1619416102789
1619416102653,1619416102789
1619416102653,1619416102789
1619416102653,1619416102791
1619416102653,1619416102791
1619416102653,1619416102792
1619416102653,1619416102792
1619416102653,1619416102792
1619416102653,1619416102792
1619416102653,1619416102792
1619416102653,1619416102792
1619416102653,1619416102792
1619416102653,1619416102792
1619416102653,1619416102792
1619416102653,1619416102792
1619416102653,1619416102792
1619416102653,1619416102792
1619416102653,1619416102792
1619416102653,1619416102792
1619416102653,1619416102792
1619416102653,1619416102792
1619416102653,1619416102793
1619416102653,1619416102793
1619416102653,1619416102793
1619416102653,1619416102793
1619416102653,1619416102793
1619416102653,1619416102793
1619416102653,1619416102793
1619416102653,1619416102793
1619416102653,1619416102793
1619416102653,1619416102793
1619416102653,1619416102793
1619416102653,1619416102793
1619416102653,1619416102793
1619416102653,1619416102793
1619416102653,1619416102793
1619416102653,1619416102793
1619416102653,1619416102793
1619416102653,1619416102793
1619416102653,1619416102794
1619416102653,1619416102794
1619416102653,1619416102794
1619416102653,1619416102794
1619416102653,1619416102794
1619416102653,1619416102800
1619416102653,1619416102800
1619416102653,1619416102801
1619416102653,1619416102801
1619416102653,1619416102801
1619416102653,1619416102801
1619416102653,1619416102801
1619416102653,1619416102803
1619416102653,1619416102803
1619416102653,1619416102803
1619416102653,1619416102804
1619416102653,1619416102804
1619416102653,1619416102804
1619416102653,1619416102804
1619416102653,1619416102804
1619416102653,1619416102804
1619416102653,1619416102804
1619416102653,1619416102804
1619416102653,1619416102804
1619416102653,1619416102805
1619416102653,1619416102805
1619416102653,1619416102805
1619416102653,1619416102805
1619416102653,1619416102805
1619416102653,1619416102805
1619416102653,1619416102805
1619416102653,1619416102812
1619416102653,1619416102812
1619416102653,1619416102812
1619416102653,1619416102813
1619416102653,1619416102813
1619416102653,1619416102813
1619416102653,1619416102813
1619416102653,1619416102813
1619416102653,1619416102813
1619416102653,1619416102813
1619416102653,1619416102813
1619416102653,1619416102813
1619416102653,1619416102813
1619416102653,1619416102813
1619416102653,1619416102813
1619416102653,1619416102813
1619416102653,1619416102813
1619416102653,1619416102813
1619416102653,1619416102813
1619416102653,1619416102813
1619416102653,1619416102813
1619416102653,1619416102814
1619416102653,1619416102814
1619416102653,1619416102814
1619416102653,1619416102814
1619416102653,1619416102814
1619416102653,1619416102814
1619416102653,1619416102814
1619416102653,1619416102814
1619416102653,1619416102814
1619416102653,1619416102814
1619416102653,1619416102814
1619416102653,1619416102814
1619416102653,1619416102814
1619416102653,1619416102814
1619416102653,1619416102814
1619416102653,1619416102814
1619416102653,1619416102814
1619416102653,1619416102815
1619416102653,1619416102815
1619416102653,1619416102815
1619416102653,1619416102815
1619416102653,1619416102815
1619416102653,1619416102815
1619416102653,1619416102815
1619416102653,1619416102815
1619416102653,1619416102815
1619416102653,1619416102815
1619416102653,1619416102815
1619416102653,1619416102815
1619416102653,1619416102815
1619416102653,1619416102815
1619416102653,1619416102815
1619416102653,1619416102815
1619416102653,1619416102815
1619416102653,1619416102815
1619416102653,1619416102816
1619416102653,1619416102816
1619416102653,1619416102816
1619416102653,1619416102816
1619416102653,1619416102816
1619416102653,1619416102816
1619416102653,1619416102816
1619416102653,1619416102816
1619416102653,1619416102816
1619416102653,1619416102816
1619416102653,1619416102817
1619416102653,1619416102817
1619416102653,1619416102817
1619416102653,1619416102817
1619416102653,1619416102817
1619416102653,1619416102817
1619416102653,1619416102817
1619416102653,1619416102817
1619416102653,1619416102817
1619416102653,1619416102817
1619416102653,1619416102817
1619416102653,1619416102817
1619416102653,1619416102817
1619416102653,1619416102817
1619416102653,1619416102817
1619416102653,1619416102817
1619416102653,1619416102817
1619416102653,1619416102818
1619416102653,1619416102818
1619416102653,1619416102818
1619416102653,1619416102818
1619416102653,1619416102818
1619416102653,1619416102818
1619416102653,1619416102818
1619416102653,1619416102818
1619416102653,1619416102818
1619416102653,1619416102818
1619416102653,1619416102818
1619416102653,1619416102818
1619416102653,1619416102818
1619416102653,1619416102818
1619416102653,1619416102818
1619416102653,1619416102818
1619416102653,1619416102819
1619416102653,1619416102819
1619416102653,1619416102819
1619416102653,1619416102820
1619416102653,1619416102820
1619416102653,1619416102820
1619416102653,1619416102820
1619416102653,1619416102820
1619416102653,1619416102820
1619416102653,1619416102820
1619416102653,1619416102820
1619416102653,1619416102820
1619416102653,1619416102820
1619416102653,1619416102820
1619416102653,1619416102820
1619416102653,1619416102820
1619416102653,1619416102820
1619416102653,1619416102820
1619416102653,1619416102821
1619416102653,1619416102821
1619416102653,1619416102821
1619416102653,1619416102821
1619416102653,1619416102821
1619416102653,1619416102821
1619416102653,1619416102821
1619416102653,1619416102821
1619416102653,1619416102821
1619416102653,1619416102821
1619416102653,1619416102821
1619416102653,1619416102821
1619416102653,1619416102821
1619416102653,1619416102821
1619416102653,1619416102821
1619416102653,1619416102821
1619416102653,1619416102821
1619416102653,1619416102822
1619416102653,1619416102822
1619416102653,1619416102822
1619416102653,1619416102822
1619416102653,1619416102822
1619416102653,1619416102822
1619416102653,1619416102822
1619416102653,1619416102822
1619416102653,1619416102822
1619416102653,1619416102822
1619416102653,1619416102822
1619416102653,1619416102822
1619416102653,1619416102822
1619416102653,1619416102822
1619416102653,1619416102822
1619416102653,1619416102822
1619416102653,1619416102822
1619416102653,1619416102823
1619416102653,1619416102823
1619416102653,1619416102823
1619416102653,1619416102823
1619416102653,1619416102823
1619416102653,1619416102823
1619416102653,1619416102823
1619416102653,1619416102823
1619416102653,1619416102823
1619416102653,1619416102823
1619416102653,1619416102823
1619416102653,1619416102823
1619416102653,1619416102823
1619416102653,1619416102823
1619416102653,1619416102823
1619416102653,1619416102823
1619416102653,1619416102823
1619416102653,1619416102823
1619416102653,1619416102824
1619416102653,1619416102824
1619416102653,1619416102824
1619416102653,1619416102824
1619416102653,1619416102824
1619416102653,1619416102824
1619416102653,1619416102824
1619416102653,1619416102824
1619416102653,1619416102824
1619416102653,1619416102824
1619416102653,1619416102824
1619416102653,1619416102824
1619416102653,1619416102824
1619416102653,1619416102824
1619416102653,1619416102824
1619416102653,1619416102824
1619416102653,1619416102824
1619416102653,1619416102824
1619416102653,1619416102825
1619416102653,1619416102825
1619416102653,1619416102825
1619416102653,1619416102825
1619416102653,1619416102825
1619416102653,1619416102825
1619416102653,1619416102825
1619416102653,1619416102825
1619416102653,1619416102825
1619416102653,1619416102825
1619416102653,1619416102825
1619416102653,1619416102825
1619416102653,1619416102825
1619416102653,1619416102825
1619416102653,1619416102825
1619416102653,1619416102825
1619416102653,1619416102825
1619416102653,1619416102825
1619416102653,1619416102826
1619416102653,1619416102826
1619416102653,1619416102826
1619416102653,1619416102826
1619416102653,1619416102826
1619416102653,1619416102826
1619416102653,1619416102826
1619416102653,1619416102826
1619416102653,1619416102826
1619416102653,1619416102826
1619416102653,1619416102826
1619416102653,1619416102826
1619416102653,1619416102826
1619416102653,1619416102826
1619416102653,1619416102826
1619416102653,1619416102827
1619416102653,1619416102827
1619416102653,1619416102827
1619416102653,1619416102827
1619416102653,1619416102827
1619416102653,1619416102827
1619416102653,1619416102827
1619416102653,1619416102827
