Label Identifying Reader Id,Writer Message timestamp,Read Start Timestamp,Read Finish Timestamp
reader2,06:30:27.397408,06:30:27.397650,06:30:27.398115
reader2,06:30:27.400158,06:30:27.400360,06:30:27.400770
reader2,06:30:27.400902,06:30:27.401225,06:30:27.401638
reader2,06:30:27.401718,06:30:27.402094,06:30:27.402471
reader2,06:30:27.402709,06:30:27.402929,06:30:27.403353
reader2,06:30:27.403411,06:30:27.403790,06:30:27.404209
reader2,06:30:27.404169,06:30:27.404649,06:30:27.405048
reader2,06:30:27.405166,06:30:27.405473,06:30:27.405854
reader2,06:30:27.406015,06:30:27.406287,06:30:27.406684
reader2,06:30:27.406849,06:30:27.407135,06:30:27.407553
reader2,06:30:27.407674,06:30:27.408122,06:30:27.408508
reader2,06:30:27.408628,06:30:27.408938,06:30:27.409345
reader2,06:30:27.409546,06:30:27.409809,06:30:27.410228
reader2,06:30:27.410039,06:30:27.410693,06:30:27.411066
reader2,06:30:27.411370,06:30:27.411589,06:30:27.411987
reader2,06:30:27.411892,06:30:27.412455,06:30:27.412840
reader2,06:30:27.413194,06:30:27.413431,06:30:27.413893
reader2,06:30:27.414136,06:30:27.414408,06:30:27.414801
reader2,06:30:27.415016,06:30:27.415236,06:30:27.415669
reader2,06:30:27.415796,06:30:27.416119,06:30:27.416516
reader2,06:30:27.416777,06:30:27.416964,06:30:27.417384
reader2,06:30:27.417410,06:30:27.417819,06:30:27.418226
reader2,06:30:27.418369,06:30:27.418667,06:30:27.419072
reader2,06:30:27.419354,06:30:27.419575,06:30:27.419976
reader2,06:30:27.420149,06:30:27.420411,06:30:27.420793
reader2,06:30:27.421032,06:30:27.421234,06:30:27.421637
reader2,06:30:27.421910,06:30:27.422111,06:30:27.422508
reader2,06:30:27.422772,06:30:27.422949,06:30:27.423386
reader2,06:30:27.423569,06:30:27.423814,06:30:27.424197
reader2,06:30:27.424371,06:30:27.424666,06:30:27.425070
reader2,06:30:27.425295,06:30:27.425565,06:30:27.425963
reader2,06:30:27.426160,06:30:27.426455,06:30:27.426921
reader2,06:30:27.427115,06:30:27.427396,06:30:27.427821
reader2,06:30:27.427934,06:30:27.428266,06:30:27.428660
reader2,06:30:27.428870,06:30:27.429091,06:30:27.429492
reader2,06:30:27.429689,06:30:27.429951,06:30:27.430410
reader2,06:30:27.430569,06:30:27.430860,06:30:27.431254
reader2,06:30:27.431260,06:30:27.431687,06:30:27.432088
reader2,06:30:27.432164,06:30:27.432542,06:30:27.432938
reader2,06:30:27.433212,06:30:27.433401,06:30:27.433837
reader2,06:30:27.433955,06:30:27.434278,06:30:27.434686
reader2,06:30:27.434856,06:30:27.435128,06:30:27.435532
reader2,06:30:27.435734,06:30:27.435992,06:30:27.436428
reader2,06:30:27.436629,06:30:27.436879,06:30:27.437271
reader2,06:30:27.437367,06:30:27.437701,06:30:27.438114
reader2,06:30:27.438283,06:30:27.438574,06:30:27.438976
reader2,06:30:27.439169,06:30:27.439436,06:30:27.439804
reader2,06:30:27.440009,06:30:27.440236,06:30:27.440640
reader2,06:30:27.440786,06:30:27.441067,06:30:27.441446
reader2,06:30:27.441676,06:30:27.441852,06:30:27.442273
reader2,06:30:27.442461,06:30:27.442695,06:30:27.443082
reader2,06:30:27.443192,06:30:27.443500,06:30:27.443881
reader2,06:30:27.444049,06:30:27.444297,06:30:27.444684
reader2,06:30:27.444888,06:30:27.445103,06:30:27.445479
reader2,06:30:27.445364,06:30:27.445887,06:30:27.446500
reader2,06:30:27.446747,06:30:27.446927,06:30:27.447334
reader2,06:30:27.447461,06:30:27.447737,06:30:27.448100
reader2,06:30:27.448358,06:30:27.448539,06:30:27.448935
reader2,06:30:27.449073,06:30:27.449361,06:30:27.449739
reader2,06:30:27.449989,06:30:27.450198,06:30:27.450586
reader2,06:30:27.450828,06:30:27.451035,06:30:27.451430
reader2,06:30:27.451548,06:30:27.451851,06:30:27.452294
reader2,06:30:27.452430,06:30:27.452711,06:30:27.453135
reader2,06:30:27.454504,06:30:27.454779,06:30:27.455248
reader2,06:30:27.455445,06:30:27.455686,06:30:27.456186
reader2,06:30:27.456324,06:30:27.456626,06:30:27.457019
reader2,06:30:27.457312,06:30:27.457549,06:30:27.458036
reader2,06:30:27.458283,06:30:27.458560,06:30:27.458983
reader2,06:30:27.459399,06:30:27.459472,06:30:27.460062
reader2,06:30:27.460247,06:30:27.460508,06:30:27.460925
reader2,06:30:27.461194,06:30:27.461418,06:30:27.461847
reader2,06:30:27.462179,06:30:27.462323,06:30:27.462791
reader2,06:30:27.463110,06:30:27.463306,06:30:27.463829
reader2,06:30:27.463964,06:30:27.464334,06:30:27.464793
reader2,06:30:27.464895,06:30:27.465265,06:30:27.465675
reader2,06:30:27.466004,06:30:27.466188,06:30:27.466646
reader2,06:30:27.466980,06:30:27.467152,06:30:27.467581
reader2,06:30:27.468008,06:30:27.468230,06:30:27.468674
reader2,06:30:27.468861,06:30:27.469145,06:30:27.469559
reader2,06:30:27.469829,06:30:27.470025,06:30:27.470431
reader2,06:30:27.470667,06:30:27.470873,06:30:27.471297
reader2,06:30:27.471483,06:30:27.471754,06:30:27.472206
reader2,06:30:27.472574,06:30:27.472865,06:30:27.473337
reader2,06:30:27.473537,06:30:27.473819,06:30:27.474303
reader2,06:30:27.474501,06:30:27.474794,06:30:27.475251
reader2,06:30:27.475533,06:30:27.475784,06:30:27.476238
reader2,06:30:27.476549,06:30:27.476731,06:30:27.477187
reader2,06:30:27.477397,06:30:27.477679,06:30:27.478187
reader2,06:30:27.478440,06:30:27.478774,06:30:27.479217
reader2,06:30:27.479331,06:30:27.479673,06:30:27.480093
reader2,06:30:27.480235,06:30:27.480534,06:30:27.480950
reader2,06:30:27.484262,06:30:27.481416,06:30:27.485051
reader2,06:30:27.485299,06:30:27.485558,06:30:27.486081
reader2,06:30:27.486442,06:30:27.486652,06:30:27.487153
reader2,06:30:27.487416,06:30:27.487655,06:30:27.488091
reader2,06:30:27.488365,06:30:27.488586,06:30:27.489041
reader2,06:30:27.489364,06:30:27.489542,06:30:27.490072
reader2,06:30:27.490389,06:30:27.490650,06:30:27.491124
reader2,06:30:27.491357,06:30:27.491613,06:30:27.492037
reader2,06:30:27.492316,06:30:27.492542,06:30:27.493069
reader2,06:30:27.493223,06:30:27.493551,06:30:27.493998
reader2,06:30:27.494268,06:30:27.494540,06:30:27.494999
reader2,06:30:27.495228,06:30:27.495447,06:30:27.495882
reader2,06:30:27.496090,06:30:27.496347,06:30:27.496749
reader2,06:30:27.496854,06:30:27.497214,06:30:27.497607
reader2,06:30:27.497845,06:30:27.498085,06:30:27.498518
reader2,06:30:27.498686,06:30:27.499011,06:30:27.499437
reader2,06:30:27.499757,06:30:27.499951,06:30:27.500400
reader2,06:30:27.500660,06:30:27.500913,06:30:27.501344
reader2,06:30:27.501538,06:30:27.501868,06:30:27.502328
reader2,06:30:27.502733,06:30:27.502881,06:30:27.503361
reader2,06:30:27.503497,06:30:27.503844,06:30:27.504274
reader2,06:30:27.504542,06:30:27.504735,06:30:27.505137
reader2,06:30:27.505353,06:30:27.505585,06:30:27.506031
reader2,06:30:27.506163,06:30:27.506468,06:30:27.506928
reader2,06:30:27.507165,06:30:27.507449,06:30:27.507881
reader2,06:30:27.508065,06:30:27.508338,06:30:27.508751
reader2,06:30:27.509041,06:30:27.509255,06:30:27.509670
reader2,06:30:27.509787,06:30:27.510103,06:30:27.510508
reader2,06:30:27.510750,06:30:27.510987,06:30:27.511389
reader2,06:30:27.511576,06:30:27.511860,06:30:27.512240
reader2,06:30:27.512286,06:30:27.512692,06:30:27.513082
reader2,06:30:27.513223,06:30:27.513515,06:30:27.513918
reader2,06:30:27.514138,06:30:27.514388,06:30:27.514775
reader2,06:30:27.514912,06:30:27.515236,06:30:27.515631
reader2,06:30:27.515789,06:30:27.516078,06:30:27.516492
reader2,06:30:27.516633,06:30:27.516959,06:30:27.517348
reader2,06:30:27.517525,06:30:27.517814,06:30:27.518228
reader2,06:30:27.518530,06:30:27.518706,06:30:27.519141
reader2,06:30:27.519378,06:30:27.519577,06:30:27.520032
reader2,06:30:27.520167,06:30:27.520452,06:30:27.520846
reader2,06:30:27.520978,06:30:27.521308,06:30:27.521714
reader2,06:30:27.521950,06:30:27.522205,06:30:27.522600
reader2,06:30:27.522807,06:30:27.523055,06:30:27.523448
reader2,06:30:27.523782,06:30:27.523907,06:30:27.524405
reader2,06:30:27.524670,06:30:27.524886,06:30:27.525308
reader2,06:30:27.525442,06:30:27.525743,06:30:27.526148
reader2,06:30:27.526418,06:30:27.526631,06:30:27.527029
reader2,06:30:27.527310,06:30:27.527513,06:30:27.527944
reader2,06:30:27.528026,06:30:27.528399,06:30:27.528799
reader2,06:30:27.528954,06:30:27.529240,06:30:27.529616
reader2,06:30:27.529843,06:30:27.530072,06:30:27.530490
reader2,06:30:27.530748,06:30:27.530933,06:30:27.531375
reader2,06:30:27.531768,06:30:27.531936,06:30:27.532404
reader2,06:30:27.532631,06:30:27.532935,06:30:27.533356
reader2,06:30:27.533491,06:30:27.533818,06:30:27.534235
reader2,06:30:27.534453,06:30:27.534694,06:30:27.535436
reader2,06:30:27.534453,06:30:27.535971,06:30:27.536433
reader2,06:30:27.534453,06:30:27.536900,06:30:27.537314
reader2,06:30:27.534453,06:30:27.537754,06:30:27.538148
reader2,06:30:27.534453,06:30:27.538583,06:30:27.539001
reader2,06:30:27.534453,06:30:27.539426,06:30:27.539806
reader2,06:30:27.534453,06:30:27.540275,06:30:27.540736
reader2,06:30:27.534453,06:30:27.541208,06:30:27.541618
reader2,06:30:27.534453,06:30:27.542058,06:30:27.542451
reader2,06:30:27.542516,06:30:27.542870,06:30:27.543247
reader2,06:30:27.543303,06:30:27.543656,06:30:27.544030
reader2,06:30:27.544167,06:30:27.544466,06:30:27.544895
reader2,06:30:27.545178,06:30:27.545413,06:30:27.545819
reader2,06:30:27.545972,06:30:27.546281,06:30:27.546719
reader2,06:30:27.546997,06:30:27.547213,06:30:27.547656
reader2,06:30:27.547849,06:30:27.548123,06:30:27.548539
reader2,06:30:27.548697,06:30:27.548975,06:30:27.549367
reader2,06:30:27.549487,06:30:27.549804,06:30:27.550209
reader2,06:30:27.550443,06:30:27.550701,06:30:27.551139
reader2,06:30:27.551402,06:30:27.551593,06:30:27.552051
reader2,06:30:27.552210,06:30:27.552497,06:30:27.552936
reader2,06:30:27.553051,06:30:27.553402,06:30:27.553829
reader2,06:30:27.554097,06:30:27.554341,06:30:27.554753
reader2,06:30:27.555016,06:30:27.555311,06:30:27.555754
reader2,06:30:27.555837,06:30:27.556249,06:30:27.556671
reader2,06:30:27.556772,06:30:27.557145,06:30:27.557579
reader2,06:30:27.557870,06:30:27.558070,06:30:27.558486
reader2,06:30:27.558823,06:30:27.558993,06:30:27.559431
reader2,06:30:27.559633,06:30:27.559938,06:30:27.560356
reader2,06:30:27.560615,06:30:27.560841,06:30:27.561294
reader2,06:30:27.561521,06:30:27.561745,06:30:27.562189
reader2,06:30:27.562472,06:30:27.562746,06:30:27.563159
reader2,06:30:27.563329,06:30:27.563624,06:30:27.564026
reader2,06:30:27.564288,06:30:27.564495,06:30:27.564888
reader2,06:30:27.564995,06:30:27.565322,06:30:27.565714
reader2,06:30:27.565878,06:30:27.566161,06:30:27.566537
reader2,06:30:27.566637,06:30:27.566969,06:30:27.567358
reader2,06:30:27.567428,06:30:27.567850,06:30:27.568235
reader2,06:30:27.568313,06:30:27.568651,06:30:27.569053
reader2,06:30:27.569104,06:30:27.569496,06:30:27.569903
reader2,06:30:27.570110,06:30:27.570360,06:30:27.570757
reader2,06:30:27.571036,06:30:27.571266,06:30:27.571642
reader2,06:30:27.571792,06:30:27.572085,06:30:27.572482
reader2,06:30:27.572592,06:30:27.572907,06:30:27.573285
reader2,06:30:27.573549,06:30:27.573754,06:30:27.574212
reader2,06:30:27.574502,06:30:27.574671,06:30:27.575092
reader2,06:30:27.575457,06:30:27.575531,06:30:27.576081
reader2,06:30:27.576250,06:30:27.576537,06:30:27.576943
reader2,06:30:27.577044,06:30:27.577397,06:30:27.577804
reader2,06:30:27.577965,06:30:27.578263,06:30:27.578677
reader2,06:30:27.578783,06:30:27.579117,06:30:27.579513
reader2,06:30:27.579763,06:30:27.579952,06:30:27.580349
reader2,06:30:27.580496,06:30:27.580775,06:30:27.581203
reader2,06:30:27.581415,06:30:27.581656,06:30:27.582104
reader2,06:30:27.582302,06:30:27.582630,06:30:27.583088
reader2,06:30:27.583233,06:30:27.583535,06:30:27.583936
reader2,06:30:27.583901,06:30:27.584375,06:30:27.584760
reader2,06:30:27.584840,06:30:27.585217,06:30:27.585604
reader2,06:30:27.585860,06:30:27.586057,06:30:27.586482
reader2,06:30:27.589434,06:30:27.589848,06:30:27.590268
reader2,06:30:27.590525,06:30:27.590751,06:30:27.591190
reader2,06:30:27.591437,06:30:27.591852,06:30:27.592264
reader2,06:30:27.592423,06:30:27.592736,06:30:27.593181
reader2,06:30:27.593493,06:30:27.593685,06:30:27.594105
reader2,06:30:27.594341,06:30:27.594593,06:30:27.595008
reader2,06:30:27.595134,06:30:27.595523,06:30:27.595947
reader2,06:30:27.596256,06:30:27.596517,06:30:27.597001
reader2,06:30:27.597226,06:30:27.597449,06:30:27.597852
reader2,06:30:27.598110,06:30:27.598350,06:30:27.598751
reader2,06:30:27.599054,06:30:27.599248,06:30:27.599696
reader2,06:30:27.599760,06:30:27.600137,06:30:27.600521
reader2,06:30:27.600769,06:30:27.600994,06:30:27.601429
reader2,06:30:27.601746,06:30:27.601929,06:30:27.602393
reader2,06:30:27.602507,06:30:27.602881,06:30:27.603347
reader2,06:30:27.603518,06:30:27.603800,06:30:27.604219
reader2,06:30:27.604456,06:30:27.604670,06:30:27.605117
reader2,06:30:27.605330,06:30:27.605557,06:30:27.606028
reader2,06:30:27.606186,06:30:27.606487,06:30:27.606934
reader2,06:30:27.607146,06:30:27.607398,06:30:27.607810
reader2,06:30:27.607919,06:30:27.608270,06:30:27.608751
reader2,06:30:27.608951,06:30:27.609204,06:30:27.609627
reader2,06:30:27.609858,06:30:27.610108,06:30:27.610552
reader2,06:30:27.610772,06:30:27.611006,06:30:27.611414
reader2,06:30:27.611628,06:30:27.611851,06:30:27.612256
reader2,06:30:27.612530,06:30:27.612880,06:30:27.613299
reader2,06:30:27.613428,06:30:27.613765,06:30:27.614184
reader2,06:30:27.614310,06:30:27.614634,06:30:27.615036
reader2,06:30:27.615170,06:30:27.615455,06:30:27.615871
reader2,06:30:27.616052,06:30:27.616307,06:30:27.616701
reader2,06:30:27.616878,06:30:27.617172,06:30:27.617592
reader2,06:30:27.617839,06:30:27.618077,06:30:27.618483
reader2,06:30:27.618715,06:30:27.618985,06:30:27.619442
reader2,06:30:27.619747,06:30:27.619965,06:30:27.620414
reader2,06:30:27.620556,06:30:27.620870,06:30:27.621288
reader2,06:30:27.621415,06:30:27.621738,06:30:27.622136
reader2,06:30:27.622409,06:30:27.622617,06:30:27.623036
reader2,06:30:27.623283,06:30:27.623499,06:30:27.623924
reader2,06:30:27.624104,06:30:27.624384,06:30:27.624806
reader2,06:30:27.624949,06:30:27.625271,06:30:27.625668
reader2,06:30:27.625971,06:30:27.626172,06:30:27.626619
reader2,06:30:27.626836,06:30:27.627067,06:30:27.627521
reader2,06:30:27.627742,06:30:27.627995,06:30:27.628393
reader2,06:30:27.628449,06:30:27.628860,06:30:27.629261
reader2,06:30:27.629369,06:30:27.629714,06:30:27.630146
reader2,06:30:27.630318,06:30:27.630630,06:30:27.631005
reader2,06:30:27.631163,06:30:27.631458,06:30:27.631842
reader2,06:30:27.632066,06:30:27.632298,06:30:27.632698
reader2,06:30:27.632952,06:30:27.633192,06:30:27.633617
reader2,06:30:27.633775,06:30:27.634075,06:30:27.634470
reader2,06:30:27.634717,06:30:27.634928,06:30:27.635349
reader2,06:30:27.635612,06:30:27.635886,06:30:27.636324
reader2,06:30:27.636472,06:30:27.636782,06:30:27.637195
reader2,06:30:27.637339,06:30:27.637651,06:30:27.638071
reader2,06:30:27.638158,06:30:27.638586,06:30:27.638994
reader2,06:30:27.639269,06:30:27.639497,06:30:27.639904
reader2,06:30:27.640152,06:30:27.640396,06:30:27.640788
reader2,06:30:27.641052,06:30:27.641249,06:30:27.641660
reader2,06:30:27.641993,06:30:27.642136,06:30:27.642655
reader2,06:30:27.642874,06:30:27.643114,06:30:27.643559
reader2,06:30:27.643808,06:30:27.644010,06:30:27.644463
reader2,06:30:27.644491,06:30:27.644909,06:30:27.645320
reader2,06:30:27.645345,06:30:27.645763,06:30:27.646148
reader2,06:30:27.646441,06:30:27.646789,06:30:27.647201
reader2,06:30:27.647347,06:30:27.647660,06:30:27.648062
reader2,06:30:27.648331,06:30:27.648527,06:30:27.648967
reader2,06:30:27.649252,06:30:27.649437,06:30:27.649910
reader2,06:30:27.649896,06:30:27.650400,06:30:27.650804
reader2,06:30:27.650941,06:30:27.651266,06:30:27.651692
reader2,06:30:27.651840,06:30:27.652126,06:30:27.652519
reader2,06:30:27.652808,06:30:27.652993,06:30:27.653455
reader2,06:30:27.653513,06:30:27.653927,06:30:27.654354
reader2,06:30:27.654542,06:30:27.654791,06:30:27.655208
reader2,06:30:27.655447,06:30:27.655662,06:30:27.656063
reader2,06:30:27.656233,06:30:27.656507,06:30:27.656940
reader2,06:30:27.657105,06:30:27.657466,06:30:27.657899
reader2,06:30:27.658099,06:30:27.658397,06:30:27.658817
reader2,06:30:27.659060,06:30:27.659310,06:30:27.659717
reader2,06:30:27.660026,06:30:27.660232,06:30:27.660644
reader2,06:30:27.661004,06:30:27.661298,06:30:27.661735
reader2,06:30:27.661978,06:30:27.662223,06:30:27.662640
reader2,06:30:27.662788,06:30:27.663089,06:30:27.663516
reader2,06:30:27.663697,06:30:27.664098,06:30:27.664543
reader2,06:30:27.664812,06:30:27.665071,06:30:27.665503
reader2,06:30:27.665845,06:30:27.666060,06:30:27.666474
reader2,06:30:27.666679,06:30:27.666988,06:30:27.667442
reader2,06:30:27.667679,06:30:27.667927,06:30:27.668332
reader2,06:30:27.668564,06:30:27.668791,06:30:27.669191
reader2,06:30:27.669376,06:30:27.669649,06:30:27.670072
reader2,06:30:27.670245,06:30:27.670559,06:30:27.670964
reader2,06:30:27.671249,06:30:27.671466,06:30:27.671956
reader2,06:30:27.672271,06:30:27.672453,06:30:27.672884
reader2,06:30:27.673171,06:30:27.673338,06:30:27.673741
reader2,06:30:27.673938,06:30:27.674219,06:30:27.674671
reader2,06:30:27.674867,06:30:27.675188,06:30:27.675616
reader2,06:30:27.675880,06:30:27.676104,06:30:27.676563
reader2,06:30:27.676639,06:30:27.677030,06:30:27.677447
reader2,06:30:27.677621,06:30:27.677918,06:30:27.678378
reader2,06:30:27.678558,06:30:27.678823,06:30:27.679244
reader2,06:30:27.679396,06:30:27.679684,06:30:27.680112
reader2,06:30:27.680304,06:30:27.680565,06:30:27.680953
reader2,06:30:27.681149,06:30:27.681417,06:30:27.681833
reader2,06:30:27.681953,06:30:27.682311,06:30:27.682714
reader2,06:30:27.682866,06:30:27.683176,06:30:27.683574
reader2,06:30:27.683676,06:30:27.684022,06:30:27.684427
reader2,06:30:27.684618,06:30:27.684873,06:30:27.685279
reader2,06:30:27.685253,06:30:27.685708,06:30:27.686128
reader2,06:30:27.686277,06:30:27.686604,06:30:27.687013
reader2,06:30:27.687174,06:30:27.687497,06:30:27.687911
reader2,06:30:27.687949,06:30:27.688361,06:30:27.688757
reader2,06:30:27.689059,06:30:27.689283,06:30:27.689678
reader2,06:30:27.689891,06:30:27.690114,06:30:27.690540
reader2,06:30:27.690819,06:30:27.691038,06:30:27.691435
reader2,06:30:27.691587,06:30:27.691878,06:30:27.692332
reader2,06:30:27.692566,06:30:27.692851,06:30:27.693280
reader2,06:30:27.693618,06:30:27.693799,06:30:27.694250
reader2,06:30:27.694500,06:30:27.694725,06:30:27.695172
reader2,06:30:27.695369,06:30:27.695650,06:30:27.696062
reader2,06:30:27.696371,06:30:27.696556,06:30:27.697036
reader2,06:30:27.697282,06:30:27.697489,06:30:27.697887
reader2,06:30:27.698183,06:30:27.698360,06:30:27.698821
reader2,06:30:27.698976,06:30:27.699277,06:30:27.699709
reader2,06:30:27.699965,06:30:27.700199,06:30:27.700620
reader2,06:30:27.700804,06:30:27.701093,06:30:27.701492
reader2,06:30:27.701792,06:30:27.701965,06:30:27.702422
reader2,06:30:27.702694,06:30:27.702912,06:30:27.703378
reader2,06:30:27.703455,06:30:27.703818,06:30:27.704261
reader2,06:30:27.704547,06:30:27.704728,06:30:27.705190
reader2,06:30:27.705373,06:30:27.705681,06:30:27.706103
reader2,06:30:27.706343,06:30:27.706628,06:30:27.707041
reader2,06:30:27.707180,06:30:27.707506,06:30:27.707904
reader2,06:30:27.708044,06:30:27.708361,06:30:27.708764
reader2,06:30:27.709065,06:30:27.709258,06:30:27.709709
reader2,06:30:27.709885,06:30:27.710216,06:30:27.710649
reader2,06:30:27.710730,06:30:27.711123,06:30:27.711539
reader2,06:30:27.711835,06:30:27.711997,06:30:27.712476
reader2,06:30:27.712693,06:30:27.712930,06:30:27.713329
reader2,06:30:27.713501,06:30:27.713779,06:30:27.714190
reader2,06:30:27.714438,06:30:27.714654,06:30:27.715063
reader2,06:30:27.715231,06:30:27.715500,06:30:27.715895
reader2,06:30:27.715992,06:30:27.716331,06:30:27.716746
reader2,06:30:27.716818,06:30:27.717231,06:30:27.717614
reader2,06:30:27.718181,06:30:27.718211,06:30:27.718811
reader2,06:30:27.719087,06:30:27.719274,06:30:27.719674
reader2,06:30:27.719834,06:30:27.720118,06:30:27.720503
reader2,06:30:27.720744,06:30:27.720947,06:30:27.721340
reader2,06:30:27.721459,06:30:27.721788,06:30:27.722200
reader2,06:30:27.722390,06:30:27.722649,06:30:27.723051
reader2,06:30:27.723282,06:30:27.723506,06:30:27.723922
reader2,06:30:27.724054,06:30:27.724373,06:30:27.724758
reader2,06:30:27.724860,06:30:27.725196,06:30:27.725580
reader2,06:30:27.725754,06:30:27.726040,06:30:27.726423
reader2,06:30:27.726636,06:30:27.726874,06:30:27.727279
reader2,06:30:27.727538,06:30:27.727716,06:30:27.728176
reader2,06:30:27.728430,06:30:27.728687,06:30:27.729098
reader2,06:30:27.729302,06:30:27.729576,06:30:27.730030
reader2,06:30:27.730156,06:30:27.730478,06:30:27.730877
reader2,06:30:27.731247,06:30:27.731333,06:30:27.731946
reader2,06:30:27.731998,06:30:27.732404,06:30:27.732837
reader2,06:30:27.733019,06:30:27.733291,06:30:27.733740
reader2,06:30:27.733893,06:30:27.734284,06:30:27.734746
reader2,06:30:27.734989,06:30:27.735251,06:30:27.735745
reader2,06:30:27.735957,06:30:27.736290,06:30:27.736713
reader2,06:30:27.736974,06:30:27.737193,06:30:27.737671
reader2,06:30:27.738025,06:30:27.738347,06:30:27.738801
reader2,06:30:27.739403,06:30:27.739599,06:30:27.740100
reader2,06:30:27.740228,06:30:27.740527,06:30:27.740936
reader2,06:30:27.741231,06:30:27.741404,06:30:27.741839
reader2,06:30:27.741974,06:30:27.742314,06:30:27.742744
reader2,06:30:27.743067,06:30:27.743254,06:30:27.743668
reader2,06:30:27.743964,06:30:27.744139,06:30:27.744551
reader2,06:30:27.744836,06:30:27.745004,06:30:27.745432
reader2,06:30:27.745668,06:30:27.745879,06:30:27.746275
reader2,06:30:27.746388,06:30:27.746711,06:30:27.747167
reader2,06:30:27.747359,06:30:27.747645,06:30:27.748044
reader2,06:30:27.748208,06:30:27.748519,06:30:27.748909
reader2,06:30:27.749044,06:30:27.749373,06:30:27.749815
reader2,06:30:27.749983,06:30:27.750275,06:30:27.750699
reader2,06:30:27.750806,06:30:27.751150,06:30:27.751554
reader2,06:30:27.751689,06:30:27.752006,06:30:27.752401
reader2,06:30:27.752497,06:30:27.752867,06:30:27.753277
reader2,06:30:27.753536,06:30:27.753757,06:30:27.754185
reader2,06:30:27.754413,06:30:27.754656,06:30:27.755079
reader2,06:30:27.755071,06:30:27.755549,06:30:27.755970
reader2,06:30:27.756192,06:30:27.756456,06:30:27.756916
reader2,06:30:27.757224,06:30:27.757413,06:30:27.757928
reader2,06:30:27.758153,06:30:27.758436,06:30:27.758850
reader2,06:30:27.759036,06:30:27.759339,06:30:27.759801
reader2,06:30:27.760092,06:30:27.760283,06:30:27.760735
reader2,06:30:27.760921,06:30:27.761246,06:30:27.761672
reader2,06:30:27.761822,06:30:27.762143,06:30:27.762556
reader2,06:30:27.762769,06:30:27.763050,06:30:27.763461
reader2,06:30:27.763634,06:30:27.763889,06:30:27.764351
reader2,06:30:27.764515,06:30:27.764880,06:30:27.765297
reader2,06:30:27.765500,06:30:27.765755,06:30:27.766196
reader2,06:30:27.766425,06:30:27.766744,06:30:27.767174
reader2,06:30:27.767418,06:30:27.767645,06:30:27.768093
reader2,06:30:27.768351,06:30:27.768547,06:30:27.768960
reader2,06:30:27.769085,06:30:27.769409,06:30:27.769818
reader2,06:30:27.770090,06:30:27.770279,06:30:27.770731
reader2,06:30:27.770866,06:30:27.771215,06:30:27.771623
reader2,06:30:27.771939,06:30:27.772132,06:30:27.772576
reader2,06:30:27.772649,06:30:27.773045,06:30:27.773441
reader2,06:30:27.773723,06:30:27.773896,06:30:27.774339
reader2,06:30:27.774628,06:30:27.774810,06:30:27.775225
reader2,06:30:27.775402,06:30:27.775669,06:30:27.776059
reader2,06:30:27.776185,06:30:27.776500,06:30:27.776888
reader2,06:30:27.777046,06:30:27.777339,06:30:27.777733
reader2,06:30:27.777861,06:30:27.778189,06:30:27.778617
reader2,06:30:27.778773,06:30:27.779057,06:30:27.779452
reader2,06:30:27.779655,06:30:27.779899,06:30:27.780292
reader2,06:30:27.780535,06:30:27.780775,06:30:27.781208
reader2,06:30:27.781494,06:30:27.781647,06:30:27.782097
reader2,06:30:27.782188,06:30:27.782596,06:30:27.783040
reader2,06:30:27.783158,06:30:27.783493,06:30:27.783888
reader2,06:30:27.784022,06:30:27.784347,06:30:27.784746
reader2,06:30:27.784974,06:30:27.785202,06:30:27.785576
reader2,06:30:27.785871,06:30:27.786037,06:30:27.786471
reader2,06:30:27.786622,06:30:27.786918,06:30:27.787348
reader2,06:30:27.787614,06:30:27.787830,06:30:27.788291
reader2,06:30:27.788497,06:30:27.788776,06:30:27.789197
reader2,06:30:27.789212,06:30:27.789604,06:30:27.790030
reader2,06:30:27.790131,06:30:27.790456,06:30:27.790848
reader2,06:30:27.791025,06:30:27.791291,06:30:27.791684
reader2,06:30:27.791952,06:30:27.792117,06:30:27.792542
reader2,06:30:27.792674,06:30:27.792988,06:30:27.793425
reader2,06:30:27.793852,06:30:27.793955,06:30:27.794448
reader2,06:30:27.794638,06:30:27.794922,06:30:27.795319
reader2,06:30:27.795516,06:30:27.795763,06:30:27.796177
reader2,06:30:27.796291,06:30:27.796652,06:30:27.797050
reader2,06:30:27.797284,06:30:27.797512,06:30:27.797907
reader2,06:30:27.798174,06:30:27.798391,06:30:27.798798
reader2,06:30:27.799129,06:30:27.799290,06:30:27.799749
reader2,06:30:27.800001,06:30:27.800260,06:30:27.800681
reader2,06:30:27.800814,06:30:27.801106,06:30:27.801529
reader2,06:30:27.801877,06:30:27.802045,06:30:27.802455
reader2,06:30:27.802697,06:30:27.802911,06:30:27.803328
reader2,06:30:27.803449,06:30:27.803773,06:30:27.804174
reader2,06:30:27.804335,06:30:27.804625,06:30:27.805027
reader2,06:30:27.805207,06:30:27.805471,06:30:27.805880
reader2,06:30:27.806022,06:30:27.806335,06:30:27.806738
reader2,06:30:27.806835,06:30:27.807215,06:30:27.807616
reader2,06:30:27.807869,06:30:27.808112,06:30:27.808501
reader2,06:30:27.808653,06:30:27.808986,06:30:27.809391
reader2,06:30:27.809491,06:30:27.809835,06:30:27.810267
reader2,06:30:27.810602,06:30:27.810749,06:30:27.811248
reader2,06:30:27.811379,06:30:27.811723,06:30:27.812167
reader2,06:30:27.812516,06:30:27.812707,06:30:27.813335
reader2,06:30:27.813534,06:30:27.813821,06:30:27.814251
reader2,06:30:27.814425,06:30:27.814734,06:30:27.815185
reader2,06:30:27.815387,06:30:27.815658,06:30:27.816093
reader2,06:30:27.816365,06:30:27.816543,06:30:27.816955
reader2,06:30:27.817043,06:30:27.817418,06:30:27.817847
reader2,06:30:27.818050,06:30:27.818332,06:30:27.818745
reader2,06:30:27.818890,06:30:27.819194,06:30:27.819589
reader2,06:30:27.819893,06:30:27.820053,06:30:27.820474
reader2,06:30:27.820757,06:30:27.820923,06:30:27.821303
reader2,06:30:27.821385,06:30:27.821742,06:30:27.822171
reader2,06:30:27.822517,06:30:27.822681,06:30:27.823119
reader2,06:30:27.823356,06:30:27.823586,06:30:27.823999
reader2,06:30:27.824158,06:30:27.824457,06:30:27.824855
reader2,06:30:27.824991,06:30:27.825290,06:30:27.825680
reader2,06:30:27.825851,06:30:27.826145,06:30:27.826622
reader2,06:30:27.826768,06:30:27.827078,06:30:27.827482
reader2,06:30:27.827811,06:30:27.827999,06:30:27.828443
reader2,06:30:27.828687,06:30:27.828918,06:30:27.829317
reader2,06:30:27.829593,06:30:27.829765,06:30:27.830177
reader2,06:30:27.830584,06:30:27.830738,06:30:27.831191
reader2,06:30:27.831445,06:30:27.831648,06:30:27.832037
reader2,06:30:27.832286,06:30:27.832508,06:30:27.832931
reader2,06:30:27.833120,06:30:27.833426,06:30:27.833820
reader2,06:30:27.833960,06:30:27.834280,06:30:27.834697
reader2,06:30:27.834948,06:30:27.835171,06:30:27.835568
reader2,06:30:27.835802,06:30:27.836017,06:30:27.836412
reader2,06:30:27.836698,06:30:27.836910,06:30:27.837304
reader2,06:30:27.837583,06:30:27.837780,06:30:27.838172
reader2,06:30:27.838465,06:30:27.838616,06:30:27.839054
reader2,06:30:27.839324,06:30:27.839497,06:30:27.839903
reader2,06:30:27.840135,06:30:27.840335,06:30:27.840734
reader2,06:30:27.841000,06:30:27.841156,06:30:27.841545
reader2,06:30:27.841789,06:30:27.841967,06:30:27.842398
reader2,06:30:27.842601,06:30:27.842873,06:30:27.843271
reader2,06:30:27.843419,06:30:27.843748,06:30:27.844186
reader2,06:30:27.844422,06:30:27.844694,06:30:27.845130
reader2,06:30:27.845297,06:30:27.845593,06:30:27.846016
reader2,06:30:27.846172,06:30:27.846476,06:30:27.846890
reader2,06:30:27.847082,06:30:27.847350,06:30:27.847745
reader2,06:30:27.847947,06:30:27.848212,06:30:27.848615
reader2,06:30:27.848782,06:30:27.849051,06:30:27.849436
reader2,06:30:27.849551,06:30:27.849908,06:30:27.850370
reader2,06:30:27.850598,06:30:27.850898,06:30:27.851399
reader2,06:30:27.851614,06:30:27.851894,06:30:27.852317
reader2,06:30:27.852634,06:30:27.852778,06:30:27.853239
reader2,06:30:27.853447,06:30:27.853722,06:30:27.854127
reader2,06:30:27.854390,06:30:27.854615,06:30:27.855033
reader2,06:30:27.855243,06:30:27.855448,06:30:27.855839
reader2,06:30:27.856044,06:30:27.856287,06:30:27.856690
reader2,06:30:27.856732,06:30:27.857131,06:30:27.857503
reader2,06:30:27.857647,06:30:27.857955,06:30:27.858376
reader2,06:30:27.858608,06:30:27.858839,06:30:27.859233
reader2,06:30:27.859455,06:30:27.859665,06:30:27.860084
reader2,06:30:27.860275,06:30:27.860533,06:30:27.860930
reader2,06:30:27.861078,06:30:27.861415,06:30:27.861807
reader2,06:30:27.862100,06:30:27.862271,06:30:27.862689
reader2,06:30:27.862881,06:30:27.863131,06:30:27.863531
reader2,06:30:27.863774,06:30:27.863968,06:30:27.864391
reader2,06:30:27.864805,06:30:27.864845,06:30:27.865406
reader2,06:30:27.865584,06:30:27.865890,06:30:27.866381
reader2,06:30:27.866549,06:30:27.866848,06:30:27.867251
reader2,06:30:27.867493,06:30:27.867750,06:30:27.868277
reader2,06:30:27.868445,06:30:27.868733,06:30:27.869179
reader2,06:30:27.869542,06:30:27.869679,06:30:27.870121
reader2,06:30:27.870321,06:30:27.870571,06:30:27.870955
reader2,06:30:27.871302,06:30:27.871444,06:30:27.872076
reader2,06:30:27.872367,06:30:27.872531,06:30:27.872929
reader2,06:30:27.873098,06:30:27.873393,06:30:27.873797
reader2,06:30:27.873952,06:30:27.874239,06:30:27.874627
reader2,06:30:27.874738,06:30:27.875072,06:30:27.875437
reader2,06:30:27.875664,06:30:27.875869,06:30:27.876291
reader2,06:30:27.876582,06:30:27.876747,06:30:27.877181
reader2,06:30:27.877350,06:30:27.877609,06:30:27.878004
reader2,06:30:27.878214,06:30:27.878455,06:30:27.878833
reader2,06:30:27.878997,06:30:27.879286,06:30:27.879668
reader2,06:30:27.879893,06:30:27.880087,06:30:27.880493
reader2,06:30:27.880807,06:30:27.880910,06:30:27.881415
reader2,06:30:27.881766,06:30:27.881925,06:30:27.882370
reader2,06:30:27.882682,06:30:27.882837,06:30:27.883259
reader2,06:30:27.883513,06:30:27.883685,06:30:27.884062
reader2,06:30:27.884285,06:30:27.884538,06:30:27.884937
reader2,06:30:27.885194,06:30:27.885384,06:30:27.885788
reader2,06:30:27.885822,06:30:27.886238,06:30:27.886633
reader2,06:30:27.886771,06:30:27.887084,06:30:27.887455
reader2,06:30:27.887724,06:30:27.887920,06:30:27.888310
reader2,06:30:27.888577,06:30:27.888728,06:30:27.889230
reader2,06:30:27.889614,06:30:27.889763,06:30:27.890221
reader2,06:30:27.890418,06:30:27.890690,06:30:27.891098
reader2,06:30:27.891338,06:30:27.891565,06:30:27.892011
reader2,06:30:27.892190,06:30:27.892513,06:30:27.892951
reader2,06:30:27.893312,06:30:27.893462,06:30:27.893907
reader2,06:30:27.894209,06:30:27.894423,06:30:27.894824
reader2,06:30:27.894963,06:30:27.895303,06:30:27.895689
reader2,06:30:27.895872,06:30:27.896192,06:30:27.896605
reader2,06:30:27.896752,06:30:27.897070,06:30:27.897480
reader2,06:30:27.897819,06:30:27.897995,06:30:27.898463
reader2,06:30:27.898740,06:30:27.898926,06:30:27.899353
reader2,06:30:27.899588,06:30:27.899819,06:30:27.900226
reader2,06:30:27.900520,06:30:27.900706,06:30:27.901109
reader2,06:30:27.901323,06:30:27.901554,06:30:27.901949
reader2,06:30:27.902041,06:30:27.902404,06:30:27.902815
reader2,06:30:27.903098,06:30:27.903274,06:30:27.903713
reader2,06:30:27.903951,06:30:27.904190,06:30:27.904595
reader2,06:30:27.904696,06:30:27.905057,06:30:27.905449
reader2,06:30:27.905812,06:30:27.905909,06:30:27.906489
reader2,06:30:27.906931,06:30:27.906953,06:30:27.907565
reader2,06:30:27.907905,06:30:27.908067,06:30:27.908479
reader2,06:30:27.908599,06:30:27.908938,06:30:27.909338
reader2,06:30:27.909547,06:30:27.909780,06:30:27.910251
reader2,06:30:27.910238,06:30:27.910710,06:30:27.911106
reader2,06:30:27.911251,06:30:27.911561,06:30:27.911965
reader2,06:30:27.912303,06:30:27.912461,06:30:27.912913
reader2,06:30:27.913119,06:30:27.913400,06:30:27.913808
reader2,06:30:27.913992,06:30:27.914282,06:30:27.914696
reader2,06:30:27.914828,06:30:27.915133,06:30:27.915540
reader2,06:30:27.915850,06:30:27.916048,06:30:27.916535
reader2,06:30:27.916712,06:30:27.916978,06:30:27.917404
reader2,06:30:27.917589,06:30:27.917853,06:30:27.918266
reader2,06:30:27.918456,06:30:27.918719,06:30:27.919183
reader2,06:30:27.919534,06:30:27.919750,06:30:27.920173
reader2,06:30:27.920291,06:30:27.920656,06:30:27.921075
reader2,06:30:27.921339,06:30:27.921535,06:30:27.921958
reader2,06:30:27.922278,06:30:27.922545,06:30:27.922958
reader2,06:30:27.923063,06:30:27.923407,06:30:27.923810
reader2,06:30:27.924090,06:30:27.924281,06:30:27.924682
reader2,06:30:27.924896,06:30:27.925139,06:30:27.925563
reader2,06:30:27.925994,06:30:27.926039,06:30:27.926590
reader2,06:30:27.926751,06:30:27.927065,06:30:27.927520
reader2,06:30:27.927782,06:30:27.928033,06:30:27.928463
reader2,06:30:27.928625,06:30:27.928928,06:30:27.929375
reader2,06:30:27.929682,06:30:27.929847,06:30:27.930264
reader2,06:30:27.930743,06:30:27.930757,06:30:27.931330
reader2,06:30:27.931491,06:30:27.931798,06:30:27.932245
reader2,06:30:27.932424,06:30:27.932713,06:30:27.933198
reader2,06:30:27.933387,06:30:27.933678,06:30:27.934088
reader2,06:30:27.934403,06:30:27.934615,06:30:27.935044
reader2,06:30:27.935370,06:30:27.935520,06:30:27.935951
reader2,06:30:27.936167,06:30:27.936449,06:30:27.936853
reader2,06:30:27.936954,06:30:27.937293,06:30:27.937686
reader2,06:30:27.937942,06:30:27.938147,06:30:27.938586
reader2,06:30:27.938835,06:30:27.939093,06:30:27.939529
reader2,06:30:27.939819,06:30:27.939995,06:30:27.940400
reader2,06:30:27.940531,06:30:27.940845,06:30:27.941245
reader2,06:30:27.941476,06:30:27.941700,06:30:27.942106
reader2,06:30:27.942241,06:30:27.942548,06:30:27.942963
reader2,06:30:27.943156,06:30:27.943440,06:30:27.943877
reader2,06:30:27.944153,06:30:27.944322,06:30:27.944719
reader2,06:30:27.944963,06:30:27.945186,06:30:27.945566
reader2,06:30:27.945852,06:30:27.946023,06:30:27.946430
reader2,06:30:27.946731,06:30:27.946871,06:30:27.947303
reader2,06:30:27.947545,06:30:27.947755,06:30:27.948120
reader2,06:30:27.948396,06:30:27.948558,06:30:27.948993
reader2,06:30:27.949280,06:30:27.949448,06:30:27.949840
reader2,06:30:27.950100,06:30:27.950290,06:30:27.950706
reader2,06:30:27.950921,06:30:27.951170,06:30:27.951556
reader2,06:30:27.951756,06:30:27.951985,06:30:27.952409
reader2,06:30:27.952682,06:30:27.952872,06:30:27.953280
reader2,06:30:27.953561,06:30:27.953711,06:30:27.954165
reader2,06:30:27.954424,06:30:27.954653,06:30:27.955046
reader2,06:30:27.955006,06:30:27.955476,06:30:27.955921
reader2,06:30:27.955996,06:30:27.956399,06:30:27.956784
reader2,06:30:27.956984,06:30:27.957245,06:30:27.957618
reader2,06:30:27.957815,06:30:27.958062,06:30:27.958480
reader2,06:30:27.958609,06:30:27.958906,06:30:27.959354
reader2,06:30:27.959556,06:30:27.959795,06:30:27.960199
reader2,06:30:27.960401,06:30:27.960653,06:30:27.961070
reader2,06:30:27.961408,06:30:27.961531,06:30:27.962027
reader2,06:30:27.962249,06:30:27.962475,06:30:27.962929
reader2,06:30:27.963134,06:30:27.963460,06:30:27.963903
reader2,06:30:27.964153,06:30:27.964385,06:30:27.964828
reader2,06:30:27.965029,06:30:27.965297,06:30:27.965718
reader2,06:30:27.965958,06:30:27.966233,06:30:27.966654
reader2,06:30:27.966901,06:30:27.967159,06:30:27.967606
reader2,06:30:27.967843,06:30:27.968093,06:30:27.968508
reader2,06:30:27.968818,06:30:27.968966,06:30:27.969401
reader2,06:30:27.969694,06:30:27.969874,06:30:27.970290
reader2,06:30:27.970438,06:30:27.970727,06:30:27.971121
reader2,06:30:27.971318,06:30:27.971571,06:30:27.971970
reader2,06:30:27.972151,06:30:27.972432,06:30:27.972853
reader2,06:30:27.973107,06:30:27.973322,06:30:27.973699
reader2,06:30:27.973797,06:30:27.974165,06:30:27.974586
reader2,06:30:27.975210,06:30:27.975356,06:30:27.975778
reader2,06:30:27.975950,06:30:27.976238,06:30:27.976665
reader2,06:30:27.976890,06:30:27.977100,06:30:27.977494
reader2,06:30:27.977729,06:30:27.977938,06:30:27.978370
reader2,06:30:27.978620,06:30:27.978839,06:30:27.979251
reader2,06:30:27.979507,06:30:27.979695,06:30:27.980149
reader2,06:30:27.980369,06:30:27.980637,06:30:27.981069
reader2,06:30:27.981400,06:30:27.981580,06:30:27.982038
reader2,06:30:27.982179,06:30:27.982466,06:30:27.982919
reader2,06:30:27.983090,06:30:27.983383,06:30:27.983796
reader2,06:30:27.984005,06:30:27.984252,06:30:27.984643
reader2,06:30:27.984741,06:30:27.985067,06:30:27.985461
reader2,06:30:27.985728,06:30:27.985916,06:30:27.986352
reader2,06:30:27.986502,06:30:27.986796,06:30:27.987211
reader2,06:30:27.987300,06:30:27.987637,06:30:27.988056
reader2,06:30:27.988262,06:30:27.988483,06:30:27.988859
reader2,06:30:27.988792,06:30:27.989277,06:30:27.989648
reader2,06:30:27.989791,06:30:27.990085,06:30:27.990472
reader2,06:30:27.990761,06:30:27.991021,06:30:27.991406
reader2,06:30:27.991577,06:30:27.991828,06:30:27.992229
reader2,06:30:27.992352,06:30:27.992679,06:30:27.993079
reader2,06:30:27.993326,06:30:27.993520,06:30:27.993942
reader2,06:30:27.994200,06:30:27.994387,06:30:27.994805
reader2,06:30:27.995025,06:30:27.995224,06:30:27.995754
reader2,06:30:27.996032,06:30:27.996219,06:30:27.996638
reader2,06:30:27.996831,06:30:27.997076,06:30:27.997470
reader2,06:30:27.997705,06:30:27.997920,06:30:27.998350
reader2,06:30:27.998560,06:30:27.998790,06:30:27.999208
reader2,06:30:27.999339,06:30:27.999637,06:30:28.000051
reader2,06:30:28.000239,06:30:28.000520,06:30:28.000928
reader2,06:30:28.001001,06:30:28.001369,06:30:28.001750
reader2,06:30:28.001724,06:30:28.002197,06:30:28.002602
reader2,06:30:28.002867,06:30:28.003040,06:30:28.003453
reader2,06:30:28.003478,06:30:28.003878,06:30:28.004280
reader2,06:30:28.004380,06:30:28.004699,06:30:28.005123
reader2,06:30:28.005294,06:30:28.005576,06:30:28.006018
reader2,06:30:28.006227,06:30:28.006516,06:30:28.006923
reader2,06:30:28.007126,06:30:28.007362,06:30:28.007765
reader2,06:30:28.008024,06:30:28.008251,06:30:28.008650
reader2,06:30:28.008710,06:30:28.009105,06:30:28.009532
reader2,06:30:28.009993,06:30:28.010028,06:30:28.010587
reader2,06:30:28.010924,06:30:28.011180,06:30:28.011703
reader2,06:30:28.011960,06:30:28.012220,06:30:28.012618
reader2,06:30:28.012796,06:30:28.013071,06:30:28.013469
reader2,06:30:28.013761,06:30:28.013908,06:30:28.014348
reader2,06:30:28.014583,06:30:28.014850,06:30:28.015270
reader2,06:30:28.015542,06:30:28.015714,06:30:28.016190
reader2,06:30:28.016366,06:30:28.016646,06:30:28.017040
reader2,06:30:28.017261,06:30:28.017531,06:30:28.017947
reader2,06:30:28.018125,06:30:28.018425,06:30:28.018843
reader2,06:30:28.019155,06:30:28.019297,06:30:28.019742
reader2,06:30:28.019915,06:30:28.020197,06:30:28.020654
reader2,06:30:28.020937,06:30:28.021110,06:30:28.021521
reader2,06:30:28.021762,06:30:28.022022,06:30:28.022391
reader2,06:30:28.022624,06:30:28.022898,06:30:28.023297
reader2,06:30:28.023389,06:30:28.023734,06:30:28.024118
reader2,06:30:28.024331,06:30:28.024578,06:30:28.024964
reader2,06:30:28.025176,06:30:28.025412,06:30:28.025798
reader2,06:30:28.025872,06:30:28.026232,06:30:28.026635
reader2,06:30:28.026898,06:30:28.027101,06:30:28.027511
reader2,06:30:28.027768,06:30:28.027979,06:30:28.028394
reader2,06:30:28.028545,06:30:28.028841,06:30:28.029242
reader2,06:30:28.029456,06:30:28.029684,06:30:28.030095
reader2,06:30:28.030368,06:30:28.030604,06:30:28.031023
reader2,06:30:28.031415,06:30:28.031534,06:30:28.032017
reader2,06:30:28.032274,06:30:28.032516,06:30:28.032950
reader2,06:30:28.033129,06:30:28.033424,06:30:28.033837
reader2,06:30:28.034037,06:30:28.034305,06:30:28.034723
reader2,06:30:28.034932,06:30:28.035195,06:30:28.035580
reader2,06:30:28.036129,06:30:28.036118,06:30:28.036719
reader2,06:30:28.036925,06:30:28.037192,06:30:28.037595
reader2,06:30:28.037714,06:30:28.038080,06:30:28.038574
reader2,06:30:28.038623,06:30:28.039062,06:30:28.039467
reader2,06:30:28.039804,06:30:28.039968,06:30:28.040405
reader2,06:30:28.040503,06:30:28.040872,06:30:28.041301
reader2,06:30:28.041551,06:30:28.041760,06:30:28.042213
reader2,06:30:28.042455,06:30:28.042706,06:30:28.043190
reader2,06:30:28.043541,06:30:28.043701,06:30:28.044174
reader2,06:30:28.044364,06:30:28.044669,06:30:28.045161
reader2,06:30:28.045501,06:30:28.045663,06:30:28.046124
reader2,06:30:28.046394,06:30:28.046620,06:30:28.047173
reader2,06:30:28.047432,06:30:28.047686,06:30:28.048159
reader2,06:30:28.048419,06:30:28.048664,06:30:28.049147
reader2,06:30:28.049332,06:30:28.049658,06:30:28.050082
reader2,06:30:28.050461,06:30:28.050609,06:30:28.051074
reader2,06:30:28.051433,06:30:28.051657,06:30:28.052139
reader2,06:30:28.052459,06:30:28.052648,06:30:28.053138
reader2,06:30:28.053540,06:30:28.053686,06:30:28.054183
reader2,06:30:28.054456,06:30:28.054669,06:30:28.055104
reader2,06:30:28.055455,06:30:28.055610,06:30:28.056040
reader2,06:30:28.056109,06:30:28.056514,06:30:28.056927
reader2,06:30:28.056992,06:30:28.057391,06:30:28.057795
reader2,06:30:28.058090,06:30:28.058353,06:30:28.058763
reader2,06:30:28.058917,06:30:28.059228,06:30:28.059625
reader2,06:30:28.059755,06:30:28.060072,06:30:28.060494
reader2,06:30:28.060410,06:30:28.060974,06:30:28.061390
reader2,06:30:28.061642,06:30:28.061849,06:30:28.062293
reader2,06:30:28.062482,06:30:28.062739,06:30:28.063212
reader2,06:30:28.063485,06:30:28.063664,06:30:28.064111
reader2,06:30:28.064328,06:30:28.064566,06:30:28.064990
reader2,06:30:28.065128,06:30:28.065451,06:30:28.065884
reader2,06:30:28.066215,06:30:28.066375,06:30:28.066803
reader2,06:30:28.067155,06:30:28.067284,06:30:28.067761
reader2,06:30:28.067889,06:30:28.068247,06:30:28.068654
reader2,06:30:28.068880,06:30:28.069121,06:30:28.069539
reader2,06:30:28.069880,06:30:28.070056,06:30:28.070515
reader2,06:30:28.070602,06:30:28.070995,06:30:28.071428
reader2,06:30:28.071556,06:30:28.071908,06:30:28.072331
reader2,06:30:28.072560,06:30:28.072802,06:30:28.073240
reader2,06:30:28.073379,06:30:28.073715,06:30:28.074170
reader2,06:30:28.074431,06:30:28.074654,06:30:28.075197
reader2,06:30:28.075402,06:30:28.075666,06:30:28.076091
reader2,06:30:28.076355,06:30:28.076593,06:30:28.077034
reader2,06:30:28.077383,06:30:28.077524,06:30:28.077970
reader2,06:30:28.078224,06:30:28.078484,06:30:28.078925
reader2,06:30:28.079268,06:30:28.079410,06:30:28.079926
reader2,06:30:28.080129,06:30:28.080434,06:30:28.080849
reader2,06:30:28.080984,06:30:28.081313,06:30:28.081722
reader2,06:30:28.082003,06:30:28.082248,06:30:28.082694
reader2,06:30:28.082994,06:30:28.083196,06:30:28.083621
reader2,06:30:28.083732,06:30:28.084102,06:30:28.084506
reader2,06:30:28.084762,06:30:28.084977,06:30:28.085439
reader2,06:30:28.085686,06:30:28.086005,06:30:28.086435
reader2,06:30:28.086555,06:30:28.086905,06:30:28.087334
reader2,06:30:28.087333,06:30:28.087810,06:30:28.088202
reader2,06:30:28.088411,06:30:28.088641,06:30:28.089062
reader2,06:30:28.089225,06:30:28.089543,06:30:28.089929
reader2,06:30:28.090137,06:30:28.090419,06:30:28.090813
reader2,06:30:28.091126,06:30:28.091317,06:30:28.091759
reader2,06:30:28.091935,06:30:28.092232,06:30:28.092664
reader2,06:30:28.092781,06:30:28.093125,06:30:28.093525
reader2,06:30:28.093729,06:30:28.094039,06:30:28.094437
reader2,06:30:28.094694,06:30:28.094892,06:30:28.095334
reader2,06:30:28.095444,06:30:28.095827,06:30:28.096237
reader2,06:30:28.096500,06:30:28.096684,06:30:28.097088
reader2,06:30:28.097107,06:30:28.097541,06:30:28.097939
reader2,06:30:28.098188,06:30:28.098407,06:30:28.098817
reader2,06:30:28.099030,06:30:28.099245,06:30:28.099622
reader2,06:30:28.099823,06:30:28.100069,06:30:28.100460
reader2,06:30:28.100616,06:30:28.100867,06:30:28.101243
reader2,06:30:28.101276,06:30:28.101691,06:30:28.102072
reader2,06:30:28.102108,06:30:28.102502,06:30:28.102892
reader2,06:30:28.102997,06:30:28.103323,06:30:28.103696
reader2,06:30:28.103795,06:30:28.104111,06:30:28.104497
reader2,06:30:28.104670,06:30:28.104904,06:30:28.105304
reader2,06:30:28.105414,06:30:28.105751,06:30:28.106215
reader2,06:30:28.106358,06:30:28.106670,06:30:28.107045
reader2,06:30:28.107316,06:30:28.107498,06:30:28.107894
reader2,06:30:28.108000,06:30:28.108333,06:30:28.108747
reader2,06:30:28.108934,06:30:28.109255,06:30:28.109644
reader2,06:30:28.109837,06:30:28.110096,06:30:28.110466
reader2,06:30:28.110550,06:30:28.110941,06:30:28.111367
reader2,06:30:28.111623,06:30:28.111813,06:30:28.112241
reader2,06:30:28.112491,06:30:28.112688,06:30:28.113076
reader2,06:30:28.113185,06:30:28.113497,06:30:28.113871
reader2,06:30:28.113882,06:30:28.114320,06:30:28.114712
reader2,06:30:28.114961,06:30:28.115205,06:30:28.115624
reader2,06:30:28.115942,06:30:28.116168,06:30:28.116545
reader2,06:30:28.116769,06:30:28.117009,06:30:28.117419
reader2,06:30:28.117493,06:30:28.117853,06:30:28.118255
reader2,06:30:28.118435,06:30:28.118691,06:30:28.119107
reader2,06:30:28.119199,06:30:28.119547,06:30:28.119949
reader2,06:30:28.120096,06:30:28.120408,06:30:28.120860
reader2,06:30:28.120933,06:30:28.121295,06:30:28.121704
reader2,06:30:28.121893,06:30:28.122201,06:30:28.122623
reader2,06:30:28.122847,06:30:28.123061,06:30:28.123456
reader2,06:30:28.123617,06:30:28.123898,06:30:28.124288
reader2,06:30:28.124423,06:30:28.124750,06:30:28.125170
reader2,06:30:28.125407,06:30:28.125665,06:30:28.126059
reader2,06:30:28.126224,06:30:28.126485,06:30:28.126875
reader2,06:30:28.127029,06:30:28.127334,06:30:28.127712
reader2,06:30:28.127959,06:30:28.128161,06:30:28.128552
reader2,06:30:28.128746,06:30:28.128981,06:30:28.129421
reader2,06:30:28.129491,06:30:28.129869,06:30:28.130281
reader2,06:30:28.130425,06:30:28.130706,06:30:28.131071
reader2,06:30:28.131082,06:30:28.131489,06:30:28.131849
reader2,06:30:28.131816,06:30:28.132261,06:30:28.132612
reader2,06:30:28.132675,06:30:28.133039,06:30:28.133423
reader2,06:30:28.133688,06:30:28.133927,06:30:28.134343
reader2,06:30:28.134478,06:30:28.134758,06:30:28.135173
reader2,06:30:28.135305,06:30:28.135703,06:30:28.136119
reader2,06:30:28.136174,06:30:28.136567,06:30:28.136937
reader2,06:30:28.137050,06:30:28.137368,06:30:28.137724
reader2,06:30:28.138100,06:30:28.138151,06:30:28.138687
reader2,06:30:28.138656,06:30:28.139118,06:30:28.139556
reader2,06:30:28.139767,06:30:28.140061,06:30:28.140492
reader2,06:30:28.140777,06:30:28.140964,06:30:28.141381
reader2,06:30:28.141626,06:30:28.141834,06:30:28.142250
reader2,06:30:28.142362,06:30:28.142693,06:30:28.143130
reader2,06:30:28.143280,06:30:28.143589,06:30:28.144011
reader2,06:30:28.144150,06:30:28.144460,06:30:28.144872
reader2,06:30:28.145115,06:30:28.145337,06:30:28.145745
reader2,06:30:28.145746,06:30:28.146188,06:30:28.146583
reader2,06:30:28.146653,06:30:28.147011,06:30:28.147373
reader2,06:30:28.147520,06:30:28.147785,06:30:28.148158
reader2,06:30:28.148303,06:30:28.148594,06:30:28.148995
reader2,06:30:28.149255,06:30:28.149481,06:30:28.149859
reader2,06:30:28.149922,06:30:28.150292,06:30:28.150680
reader2,06:30:28.150855,06:30:28.151130,06:30:28.151529
reader2,06:30:28.151682,06:30:28.151954,06:30:28.152373
reader2,06:30:28.152542,06:30:28.152819,06:30:28.153257
reader2,06:30:28.153486,06:30:28.153704,06:30:28.154119
reader2,06:30:28.154386,06:30:28.154671,06:30:28.155124
reader2,06:30:28.155383,06:30:28.155591,06:30:28.156027
reader2,06:30:28.156231,06:30:28.156653,06:30:28.157069
reader2,06:30:28.157206,06:30:28.157507,06:30:28.157937
reader2,06:30:28.158162,06:30:28.158428,06:30:28.158827
reader2,06:30:28.159050,06:30:28.159260,06:30:28.159686
reader2,06:30:28.159837,06:30:28.160116,06:30:28.160487
reader2,06:30:28.160619,06:30:28.160901,06:30:28.161307
reader2,06:30:28.161474,06:30:28.161899,06:30:28.162313
reader2,06:30:28.162579,06:30:28.162781,06:30:28.163193
reader2,06:30:28.163381,06:30:28.163644,06:30:28.164057
reader2,06:30:28.164193,06:30:28.164521,06:30:28.164894
reader2,06:30:28.165115,06:30:28.165319,06:30:28.165692
reader2,06:30:28.165846,06:30:28.166121,06:30:28.166490
reader2,06:30:28.166737,06:30:28.166940,06:30:28.167326
reader2,06:30:28.167436,06:30:28.167768,06:30:28.168173
reader2,06:30:28.168436,06:30:28.168614,06:30:28.169019
reader2,06:30:28.169239,06:30:28.169445,06:30:28.169826
reader2,06:30:28.170088,06:30:28.170279,06:30:28.170690
reader2,06:30:28.170849,06:30:28.171131,06:30:28.171503
reader2,06:30:28.171816,06:30:28.171979,06:30:28.172433
reader2,06:30:28.172563,06:30:28.172866,06:30:28.173267
reader2,06:30:28.173362,06:30:28.173699,06:30:28.174107
reader2,06:30:28.174355,06:30:28.174596,06:30:28.175122
reader2,06:30:28.175389,06:30:28.175573,06:30:28.175994
reader2,06:30:28.176160,06:30:28.176437,06:30:28.176837
reader2,06:30:28.177073,06:30:28.177267,06:30:28.177660
reader2,06:30:28.177915,06:30:28.178187,06:30:28.178597
reader2,06:30:28.178803,06:30:28.179064,06:30:28.179468
reader2,06:30:28.179724,06:30:28.179947,06:30:28.180391
reader2,06:30:28.180580,06:30:28.180821,06:30:28.181239
reader2,06:30:28.181404,06:30:28.181690,06:30:28.182114
reader2,06:30:28.182365,06:30:28.182606,06:30:28.183018
reader2,06:30:28.183190,06:30:28.183497,06:30:28.183895
reader2,06:30:28.184054,06:30:28.184356,06:30:28.184761
reader2,06:30:28.185008,06:30:28.185218,06:30:28.185667
reader2,06:30:28.185954,06:30:28.186196,06:30:28.186623
reader2,06:30:28.186835,06:30:28.187137,06:30:28.187544
reader2,06:30:28.187815,06:30:28.187992,06:30:28.188427
reader2,06:30:28.188642,06:30:28.188866,06:30:28.189285
reader2,06:30:28.189436,06:30:28.189725,06:30:28.190111
reader2,06:30:28.190514,06:30:28.190703,06:30:28.191112
reader2,06:30:28.191464,06:30:28.191540,06:30:28.192104
reader2,06:30:28.192236,06:30:28.192545,06:30:28.192933
reader2,06:30:28.193079,06:30:28.193350,06:30:28.193763
reader2,06:30:28.193748,06:30:28.194223,06:30:28.194686
reader2,06:30:28.194964,06:30:28.195192,06:30:28.195576
reader2,06:30:28.195591,06:30:28.196037,06:30:28.196425
reader2,06:30:28.196605,06:30:28.196848,06:30:28.197235
reader2,06:30:28.197316,06:30:28.197665,06:30:28.198109
reader2,06:30:28.198307,06:30:28.198599,06:30:28.198985
reader2,06:30:28.199212,06:30:28.199473,06:30:28.199862
reader2,06:30:28.200068,06:30:28.200320,06:30:28.200734
reader2,06:30:28.200865,06:30:28.201191,06:30:28.201593
reader2,06:30:28.201616,06:30:28.202041,06:30:28.202441
reader2,06:30:28.202519,06:30:28.202867,06:30:28.203267
reader2,06:30:28.203516,06:30:28.203742,06:30:28.204151
reader2,06:30:28.204333,06:30:28.204673,06:30:28.205067
reader2,06:30:28.205347,06:30:28.205520,06:30:28.205948
reader2,06:30:28.206121,06:30:28.206412,06:30:28.206802
reader2,06:30:28.207111,06:30:28.207322,06:30:28.207749
reader2,06:30:28.208017,06:30:28.208246,06:30:28.208732
reader2,06:30:28.208990,06:30:28.209200,06:30:28.209598
reader2,06:30:28.209801,06:30:28.210078,06:30:28.210482
reader2,06:30:28.210649,06:30:28.210927,06:30:28.211329
reader2,06:30:28.211580,06:30:28.211762,06:30:28.212185
reader2,06:30:28.212294,06:30:28.212622,06:30:28.212998
reader2,06:30:28.213121,06:30:28.213434,06:30:28.213818
reader2,06:30:28.214113,06:30:28.214270,06:30:28.214711
reader2,06:30:28.214922,06:30:28.215179,06:30:28.215600
reader2,06:30:28.215663,06:30:28.216076,06:30:28.216482
reader2,06:30:28.216585,06:30:28.216928,06:30:28.217356
reader2,06:30:28.217733,06:30:28.217873,06:30:28.218474
reader2,06:30:28.218704,06:30:28.218958,06:30:28.219376
reader2,06:30:28.219525,06:30:28.219809,06:30:28.220219
reader2,06:30:28.220540,06:30:28.220749,06:30:28.221201
reader2,06:30:28.221352,06:30:28.221639,06:30:28.222072
reader2,06:30:28.222262,06:30:28.222514,06:30:28.222925
reader2,06:30:28.223166,06:30:28.223384,06:30:28.223777
reader2,06:30:28.223970,06:30:28.224227,06:30:28.224607
reader2,06:30:28.224798,06:30:28.225064,06:30:28.225473
reader2,06:30:28.225589,06:30:28.225931,06:30:28.226428
reader2,06:30:28.226755,06:30:28.226956,06:30:28.227420
reader2,06:30:28.227618,06:30:28.227867,06:30:28.228283
reader2,06:30:28.228399,06:30:28.228704,06:30:28.229109
reader2,06:30:28.229240,06:30:28.229564,06:30:28.229944
reader2,06:30:28.230240,06:30:28.230427,06:30:28.230833
reader2,06:30:28.231094,06:30:28.231317,06:30:28.231754
reader2,06:30:28.231915,06:30:28.232211,06:30:28.232591
reader2,06:30:28.232683,06:30:28.233031,06:30:28.233452
reader2,06:30:28.233603,06:30:28.233887,06:30:28.234296
reader2,06:30:28.234600,06:30:28.234787,06:30:28.235300
reader2,06:30:28.235617,06:30:28.235792,06:30:28.236232
reader2,06:30:28.236429,06:30:28.236690,06:30:28.237114
reader2,06:30:28.237324,06:30:28.237597,06:30:28.238033
reader2,06:30:28.238210,06:30:28.238514,06:30:28.238931
reader2,06:30:28.238984,06:30:28.239390,06:30:28.239787
reader2,06:30:28.239833,06:30:28.240275,06:30:28.240675
reader2,06:30:28.240704,06:30:28.241192,06:30:28.241581
reader2,06:30:28.241772,06:30:28.242062,06:30:28.242459
reader2,06:30:28.242894,06:30:28.242906,06:30:28.243585
reader2,06:30:28.243795,06:30:28.244058,06:30:28.244504
reader2,06:30:28.244665,06:30:28.244974,06:30:28.245399
reader2,06:30:28.245577,06:30:28.245867,06:30:28.246288
reader2,06:30:28.246531,06:30:28.246755,06:30:28.247182
reader2,06:30:28.247353,06:30:28.247681,06:30:28.248092
reader2,06:30:28.248161,06:30:28.248549,06:30:28.248956
reader2,06:30:28.249054,06:30:28.249393,06:30:28.249800
reader2,06:30:28.250092,06:30:28.250277,06:30:28.250714
reader2,06:30:28.250948,06:30:28.251197,06:30:28.251609
reader2,06:30:28.251836,06:30:28.252092,06:30:28.252530
reader2,06:30:28.252774,06:30:28.253026,06:30:28.253452
reader2,06:30:28.253777,06:30:28.253940,06:30:28.254401
reader2,06:30:28.254925,06:30:28.254971,06:30:28.255712
reader2,06:30:28.255945,06:30:28.256194,06:30:28.256604
reader2,06:30:28.256888,06:30:28.257091,06:30:28.257507
reader2,06:30:28.257701,06:30:28.257997,06:30:28.258404
reader2,06:30:28.258716,06:30:28.258889,06:30:28.259322
reader2,06:30:28.259523,06:30:28.259762,06:30:28.260169
reader2,06:30:28.260385,06:30:28.260699,06:30:28.261159
reader2,06:30:28.261375,06:30:28.261614,06:30:28.262052
reader2,06:30:28.262228,06:30:28.262521,06:30:28.262944
reader2,06:30:28.263161,06:30:28.263450,06:30:28.263863
reader2,06:30:28.263972,06:30:28.264338,06:30:28.264777
reader2,06:30:28.264947,06:30:28.265244,06:30:28.265643
reader2,06:30:28.265820,06:30:28.266125,06:30:28.266525
reader2,06:30:28.266645,06:30:28.266970,06:30:28.267388
reader2,06:30:28.267666,06:30:28.267882,06:30:28.268331
reader2,06:30:28.268436,06:30:28.268800,06:30:28.269234
reader2,06:30:28.269526,06:30:28.269696,06:30:28.270298
reader2,06:30:28.270554,06:30:28.270820,06:30:28.271252
reader2,06:30:28.271445,06:30:28.271701,06:30:28.272103
reader2,06:30:28.272145,06:30:28.272570,06:30:28.273007
reader2,06:30:28.273194,06:30:28.273501,06:30:28.273975
reader2,06:30:28.274310,06:30:28.274509,06:30:28.274965
reader2,06:30:28.275229,06:30:28.275424,06:30:28.275811
reader2,06:30:28.276052,06:30:28.276295,06:30:28.276699
reader2,06:30:28.276856,06:30:28.277155,06:30:28.277576
reader2,06:30:28.277854,06:30:28.278073,06:30:28.278487
reader2,06:30:28.278670,06:30:28.278950,06:30:28.279367
reader2,06:30:28.279497,06:30:28.279819,06:30:28.280231
reader2,06:30:28.280503,06:30:28.280737,06:30:28.281175
reader2,06:30:28.281432,06:30:28.281666,06:30:28.282092
reader2,06:30:28.282333,06:30:28.282644,06:30:28.283122
reader2,06:30:28.283411,06:30:28.283638,06:30:28.284268
reader2,06:30:28.284601,06:30:28.284867,06:30:28.285316
reader2,06:30:28.285591,06:30:28.285808,06:30:28.286259
reader2,06:30:28.286497,06:30:28.286769,06:30:28.287208
reader2,06:30:28.287523,06:30:28.287737,06:30:28.288191
reader2,06:30:28.288410,06:30:28.288623,06:30:28.289043
reader2,06:30:28.289191,06:30:28.289504,06:30:28.289926
reader2,06:30:28.290090,06:30:28.290406,06:30:28.290809
reader2,06:30:28.290961,06:30:28.291276,06:30:28.291681
reader2,06:30:28.291918,06:30:28.292178,06:30:28.292675
reader2,06:30:28.292805,06:30:28.293169,06:30:28.293590
reader2,06:30:28.293868,06:30:28.294160,06:30:28.294595
reader2,06:30:28.294789,06:30:28.295063,06:30:28.295450
reader2,06:30:28.295804,06:30:28.296030,06:30:28.296614
reader2,06:30:28.296804,06:30:28.297079,06:30:28.297498
reader2,06:30:28.297753,06:30:28.297964,06:30:28.298416
reader2,06:30:28.298384,06:30:28.298885,06:30:28.299270
reader2,06:30:28.299521,06:30:28.299774,06:30:28.300179
reader2,06:30:28.300376,06:30:28.300649,06:30:28.301060
reader2,06:30:28.301135,06:30:28.301500,06:30:28.301934
reader2,06:30:28.302012,06:30:28.302416,06:30:28.303069
