id,data,writer_id,node_number,start_time,end_time,cum_diff,time_diff
1,1,1,1,38:59.4,38:59.4,00:00.0,2.13E-04
2,1,1,1,38:59.4,38:59.4,00:00.0,5.10E-05
3,1,1,1,38:59.4,38:59.4,00:00.0,4.40E-05
4,1,1,1,38:59.4,38:59.4,00:00.0,4.30E-05
5,1,1,1,38:59.4,38:59.4,00:00.0,4.10E-05
6,1,1,1,38:59.4,38:59.4,00:00.0,1.60E-05
7,1,1,1,38:59.4,38:59.4,00:00.0,1.30E-05
8,1,1,1,38:59.4,38:59.4,00:00.0,1.30E-05
9,1,1,1,38:59.4,38:59.4,00:00.0,1.30E-05
10,1,1,1,38:59.4,38:59.4,00:00.0,1.30E-05
11,1,1,1,38:59.4,38:59.4,00:00.0,1.40E-05
12,1,1,1,38:59.4,38:59.4,00:00.0,1.30E-05
13,1,1,1,38:59.4,38:59.4,00:00.0,1.60E-05
14,1,1,1,38:59.4,38:59.4,00:00.0,1.40E-05
15,1,1,1,38:59.4,38:59.4,00:00.0,1.30E-05
16,1,1,1,38:59.4,38:59.4,00:00.0,1.30E-05
17,1,1,1,38:59.4,38:59.4,00:00.0,1.30E-05
18,1,1,1,38:59.4,38:59.4,00:00.0,1.30E-05
19,1,1,1,38:59.4,38:59.4,00:00.0,1.30E-05
20,1,1,1,38:59.4,38:59.4,00:00.0,1.40E-05
21,1,1,1,38:59.4,38:59.4,00:00.0,1.20E-05
22,1,1,1,38:59.4,38:59.4,00:00.0,1.30E-05
23,1,1,1,38:59.4,38:59.4,00:00.0,1.30E-05
24,1,1,1,38:59.4,38:59.4,00:00.0,1.30E-05
25,1,1,1,38:59.4,38:59.4,00:00.0,1.40E-05
26,1,1,1,38:59.4,38:59.4,00:00.0,1.30E-05
27,1,1,1,38:59.4,38:59.4,00:00.0,1.30E-05
28,1,1,1,38:59.4,38:59.4,00:00.0,1.30E-05
29,1,1,1,38:59.4,38:59.4,00:00.0,1.30E-05
30,1,1,1,38:59.4,38:59.4,00:00.0,1.30E-05
31,1,1,1,38:59.4,38:59.4,00:00.0,1.30E-05
32,1,1,1,38:59.4,38:59.4,00:00.0,1.30E-05
33,1,1,1,38:59.4,38:59.4,00:00.0,1.30E-05
34,1,1,1,38:59.4,38:59.4,00:00.0,1.30E-05
35,1,1,1,38:59.4,38:59.4,00:00.0,1.30E-05
36,1,1,1,38:59.4,38:59.4,00:00.0,1.30E-05
37,1,1,1,38:59.4,38:59.4,00:00.0,1.20E-05
38,1,1,1,38:59.4,38:59.4,00:00.0,1.40E-05
39,1,1,1,38:59.4,38:59.4,00:00.0,1.30E-05
40,1,1,1,38:59.4,38:59.4,00:00.0,1.40E-05
41,1,1,1,38:59.4,38:59.4,00:00.0,1.30E-05
42,1,1,1,38:59.4,38:59.4,00:00.0,1.30E-05
43,1,1,1,38:59.4,38:59.4,00:00.0,1.30E-05
44,1,1,1,38:59.4,38:59.4,00:00.0,1.30E-05
45,1,1,1,38:59.4,38:59.4,00:00.0,1.30E-05
46,1,1,1,38:59.4,38:59.4,00:00.0,1.30E-05
47,1,1,1,38:59.4,38:59.4,00:00.0,1.40E-05
48,1,1,1,38:59.4,38:59.4,00:00.0,1.30E-05
49,1,1,1,38:59.4,38:59.4,00:00.0,1.30E-05
50,1,1,1,38:59.4,38:59.4,00:00.0,1.40E-05
51,1,1,1,38:59.4,38:59.4,00:00.0,1.20E-05
52,1,1,1,38:59.4,38:59.4,00:00.0,1.90E-05
53,1,1,1,38:59.4,38:59.4,00:00.0,1.40E-05
54,1,1,1,38:59.4,38:59.4,00:00.0,1.30E-05
55,1,1,1,38:59.4,38:59.4,00:00.0,1.30E-05
56,1,1,1,38:59.4,38:59.4,00:00.0,1.40E-05
57,1,1,1,38:59.4,38:59.4,00:00.0,1.30E-05
58,1,1,1,38:59.4,38:59.4,00:00.0,1.30E-05
59,1,1,1,38:59.4,38:59.4,00:00.0,1.30E-05
60,1,1,1,38:59.4,38:59.4,00:00.0,1.30E-05
61,1,1,1,38:59.4,38:59.4,00:00.0,1.30E-05
62,1,1,1,38:59.4,38:59.4,00:00.0,1.30E-05
63,1,1,1,38:59.4,38:59.4,00:00.0,1.30E-05
64,1,1,1,38:59.4,38:59.4,00:00.0,1.30E-05
65,1,1,1,38:59.4,38:59.4,00:00.0,1.30E-05
66,1,1,1,38:59.4,38:59.4,00:00.0,1.30E-05
67,1,1,1,38:59.4,38:59.4,00:00.0,1.30E-05
68,1,1,1,38:59.4,38:59.4,00:00.0,1.30E-05
69,1,1,1,38:59.4,38:59.4,00:00.0,1.30E-05
70,1,1,1,38:59.4,38:59.4,00:00.0,1.30E-05
71,1,1,1,38:59.4,38:59.4,00:00.0,1.20E-05
72,1,1,1,38:59.4,38:59.4,00:00.0,1.30E-05
73,1,1,1,38:59.4,38:59.4,00:00.0,1.40E-05
74,1,1,1,38:59.4,38:59.4,00:00.0,1.30E-05
75,1,1,1,38:59.4,38:59.4,00:00.0,1.30E-05
76,1,1,1,38:59.4,38:59.4,00:00.0,1.30E-05
77,1,1,1,38:59.4,38:59.4,00:00.0,1.30E-05
78,1,1,1,38:59.4,38:59.4,00:00.0,1.30E-05
79,1,1,1,38:59.4,38:59.4,00:00.0,1.30E-05
80,1,1,1,38:59.4,38:59.4,00:00.0,1.20E-05
81,1,1,1,38:59.4,38:59.4,00:00.0,1.30E-05
82,1,1,1,38:59.4,38:59.4,00:00.0,1.30E-05
83,1,1,1,38:59.4,38:59.4,00:00.0,1.30E-05
84,1,1,1,38:59.4,38:59.4,00:00.0,1.30E-05
85,1,1,1,38:59.4,38:59.4,00:00.0,1.30E-05
86,1,1,1,38:59.4,38:59.4,00:00.0,1.30E-05
87,1,1,1,38:59.4,38:59.4,00:00.0,1.30E-05
88,1,1,1,38:59.4,38:59.4,00:00.0,1.30E-05
89,1,1,1,38:59.4,38:59.4,00:00.0,1.30E-05
90,1,1,1,38:59.4,38:59.4,00:00.0,1.30E-05
91,1,1,1,38:59.4,38:59.4,00:00.0,1.30E-05
92,1,1,1,38:59.4,38:59.4,00:00.0,1.70E-05
93,1,1,1,38:59.4,38:59.4,00:00.0,1.30E-05
94,1,1,1,38:59.4,38:59.4,00:00.0,1.30E-05
95,1,1,1,38:59.4,38:59.4,00:00.0,1.30E-05
96,1,1,1,38:59.4,38:59.4,00:00.0,1.30E-05
97,1,1,1,38:59.4,38:59.4,00:00.0,1.30E-05
98,1,1,1,38:59.4,38:59.4,00:00.0,1.30E-05
99,1,1,1,38:59.4,38:59.4,00:00.0,1.40E-05
100,1,1,1,38:59.4,38:59.4,00:00.0,1.30E-05
101,1,1,1,38:59.4,38:59.4,00:00.0,1.30E-05
102,1,1,1,38:59.4,38:59.4,00:00.0,1.30E-05
103,1,1,1,38:59.4,38:59.4,00:00.0,1.30E-05
104,1,1,1,38:59.4,38:59.4,00:00.0,1.30E-05
105,1,1,1,38:59.4,38:59.4,00:00.0,1.30E-05
106,1,1,1,38:59.4,38:59.4,00:00.0,1.30E-05
107,1,1,1,38:59.4,38:59.4,00:00.0,1.30E-05
108,1,1,1,38:59.4,38:59.4,00:00.0,2.13E-04
109,1,1,1,38:59.4,38:59.4,00:00.0,1.50E-05
110,1,1,1,38:59.4,38:59.4,00:00.0,1.40E-05
111,1,1,1,38:59.4,38:59.4,00:00.0,1.30E-05
112,1,1,1,38:59.4,38:59.4,00:00.0,1.30E-05
113,1,1,1,38:59.4,38:59.4,00:00.0,1.30E-05
114,1,1,1,38:59.4,38:59.4,00:00.0,1.40E-05
115,1,1,1,38:59.4,38:59.4,00:00.0,1.30E-05
116,1,1,1,38:59.4,38:59.4,00:00.0,1.30E-05
117,1,1,1,38:59.4,38:59.4,00:00.0,1.30E-05
118,1,1,1,38:59.4,38:59.4,00:00.0,1.30E-05
119,1,1,1,38:59.4,38:59.4,00:00.0,1.30E-05
120,1,1,1,38:59.4,38:59.4,00:00.0,1.30E-05
121,1,1,1,38:59.4,38:59.4,00:00.0,1.30E-05
122,1,1,1,38:59.4,38:59.4,00:00.0,1.30E-05
123,1,1,1,38:59.4,38:59.4,00:00.0,1.30E-05
124,1,1,1,38:59.4,38:59.4,00:00.0,1.30E-05
125,1,1,1,38:59.4,38:59.4,00:00.0,1.30E-05
126,1,1,1,38:59.4,38:59.4,00:00.0,1.20E-05
127,1,1,1,38:59.4,38:59.4,00:00.0,1.30E-05
128,1,1,1,38:59.4,38:59.4,00:00.0,1.30E-05
129,1,1,1,38:59.4,38:59.4,00:00.0,1.40E-05
130,1,1,1,38:59.4,38:59.4,00:00.0,1.20E-05
131,1,1,1,38:59.4,38:59.4,00:00.0,1.90E-05
132,1,1,1,38:59.4,38:59.4,00:00.0,1.30E-05
133,1,1,1,38:59.4,38:59.4,00:00.0,1.30E-05
134,1,1,1,38:59.4,38:59.4,00:00.0,1.30E-05
135,1,1,1,38:59.4,38:59.4,00:00.0,1.30E-05
136,1,1,1,38:59.4,38:59.4,00:00.0,1.30E-05
137,1,1,1,38:59.4,38:59.4,00:00.0,1.30E-05
138,1,1,1,38:59.4,38:59.4,00:00.0,1.40E-05
139,1,1,1,38:59.4,38:59.4,00:00.0,1.20E-05
140,1,1,1,38:59.4,38:59.4,00:00.0,1.40E-05
141,1,1,1,38:59.4,38:59.4,00:00.0,1.20E-05
142,1,1,1,38:59.4,38:59.4,00:00.0,1.30E-05
143,1,1,1,38:59.4,38:59.4,00:00.0,1.30E-05
144,1,1,1,38:59.4,38:59.4,00:00.0,1.30E-05
145,1,1,1,38:59.4,38:59.4,00:00.0,1.30E-05
146,1,1,1,38:59.4,38:59.4,00:00.0,1.40E-05
147,1,1,1,38:59.4,38:59.4,00:00.0,1.30E-05
148,1,1,1,38:59.4,38:59.4,00:00.0,1.30E-05
149,1,1,1,38:59.4,38:59.4,00:00.0,1.40E-05
150,1,1,1,38:59.4,38:59.4,00:00.0,1.30E-05
151,1,1,1,38:59.4,38:59.4,00:00.0,1.30E-05
152,1,1,1,38:59.4,38:59.4,00:00.0,1.20E-05
153,1,1,1,38:59.4,38:59.4,00:00.0,1.40E-05
154,1,1,1,38:59.4,38:59.4,00:00.0,1.30E-05
155,1,1,1,38:59.4,38:59.4,00:00.0,1.30E-05
156,1,1,1,38:59.4,38:59.4,00:00.0,1.20E-05
157,1,1,1,38:59.4,38:59.4,00:00.0,1.40E-05
158,1,1,1,38:59.4,38:59.4,00:00.0,1.30E-05
159,1,1,1,38:59.4,38:59.4,00:00.0,1.30E-05
160,1,1,1,38:59.4,38:59.4,00:00.0,1.30E-05
161,1,1,1,38:59.4,38:59.4,00:00.0,1.30E-05
162,1,1,1,38:59.4,38:59.4,00:00.0,1.30E-05
163,1,1,1,38:59.4,38:59.4,00:00.0,1.20E-05
164,1,1,1,38:59.4,38:59.4,00:00.0,1.30E-05
165,1,1,1,38:59.4,38:59.4,00:00.0,1.40E-05
166,1,1,1,38:59.4,38:59.4,00:00.0,1.20E-05
167,1,1,1,38:59.4,38:59.4,00:00.0,1.40E-05
168,1,1,1,38:59.4,38:59.4,00:00.0,1.30E-05
169,1,1,1,38:59.4,38:59.4,00:00.0,1.30E-05
170,1,1,1,38:59.4,38:59.4,00:00.0,1.60E-05
171,1,1,1,38:59.4,38:59.4,00:00.0,1.30E-05
172,1,1,1,38:59.4,38:59.4,00:00.0,1.40E-05
173,1,1,1,38:59.4,38:59.4,00:00.0,1.30E-05
174,1,1,1,38:59.4,38:59.4,00:00.0,1.30E-05
175,1,1,1,38:59.4,38:59.4,00:00.0,1.30E-05
176,1,1,1,38:59.4,38:59.4,00:00.0,1.30E-05
177,1,1,1,38:59.4,38:59.4,00:00.0,1.40E-05
178,1,1,1,38:59.4,38:59.4,00:00.0,1.30E-05
179,1,1,1,38:59.4,38:59.4,00:00.0,1.30E-05
180,1,1,1,38:59.4,38:59.4,00:00.0,1.30E-05
181,1,1,1,38:59.4,38:59.4,00:00.0,1.40E-05
182,1,1,1,38:59.4,38:59.4,00:00.0,1.30E-05
183,1,1,1,38:59.4,38:59.4,00:00.0,1.30E-05
184,1,1,1,38:59.4,38:59.4,00:00.0,1.30E-05
185,1,1,1,38:59.4,38:59.4,00:00.0,1.30E-05
186,1,1,1,38:59.4,38:59.4,00:00.0,1.30E-05
187,1,1,1,38:59.4,38:59.4,00:00.0,1.30E-05
188,1,1,1,38:59.4,38:59.4,00:00.0,1.40E-05
189,1,1,1,38:59.4,38:59.4,00:00.0,1.30E-05
190,1,1,1,38:59.4,38:59.4,00:00.0,1.30E-05
191,1,1,1,38:59.4,38:59.4,00:00.0,1.30E-05
192,1,1,1,38:59.4,38:59.4,00:00.0,1.30E-05
193,1,1,1,38:59.4,38:59.4,00:00.0,1.30E-05
194,1,1,1,38:59.4,38:59.4,00:00.0,1.20E-05
195,1,1,1,38:59.4,38:59.4,00:00.0,1.30E-05
196,1,1,1,38:59.4,38:59.4,00:00.0,1.30E-05
197,1,1,1,38:59.4,38:59.4,00:00.0,1.30E-05
198,1,1,1,38:59.4,38:59.4,00:00.0,1.40E-05
199,1,1,1,38:59.4,38:59.4,00:00.0,1.30E-05
200,1,1,1,38:59.4,38:59.4,00:00.0,1.30E-05
201,1,1,1,38:59.4,38:59.4,00:00.0,1.30E-05
202,1,1,1,38:59.4,38:59.4,00:00.0,1.30E-05
203,1,1,1,38:59.4,38:59.4,00:00.0,1.30E-05
204,1,1,1,38:59.4,38:59.4,00:00.0,1.40E-05
205,1,1,1,38:59.4,38:59.4,00:00.0,1.30E-05
206,1,1,1,38:59.4,38:59.4,00:00.0,1.30E-05
207,1,1,1,38:59.4,38:59.4,00:00.0,1.30E-05
208,1,1,1,38:59.4,38:59.4,00:00.0,1.30E-05
209,1,1,1,38:59.4,38:59.4,00:00.0,1.60E-05
210,1,1,1,38:59.4,38:59.4,00:00.0,1.40E-05
211,1,1,1,38:59.4,38:59.4,00:00.0,1.30E-05
212,1,1,1,38:59.4,38:59.4,00:00.0,1.30E-05
213,1,1,1,38:59.4,38:59.4,00:00.0,1.40E-05
214,1,1,1,38:59.4,38:59.4,00:00.0,1.30E-05
215,1,1,1,38:59.4,38:59.4,00:00.0,4.10E-05
216,1,1,1,38:59.4,38:59.4,00:00.0,1.40E-05
217,1,1,1,38:59.4,38:59.4,00:00.0,1.30E-05
218,1,1,1,38:59.4,38:59.4,00:00.0,1.30E-05
219,1,1,1,38:59.4,38:59.4,00:00.0,1.40E-05
220,1,1,1,38:59.4,38:59.4,00:00.0,1.30E-05
221,1,1,1,38:59.4,38:59.4,00:00.0,1.30E-05
222,1,1,1,38:59.4,38:59.4,00:00.0,1.30E-05
223,1,1,1,38:59.4,38:59.4,00:00.0,1.30E-05
224,1,1,1,38:59.4,38:59.4,00:00.0,1.40E-05
225,1,1,1,38:59.4,38:59.4,00:00.0,1.30E-05
226,1,1,1,38:59.4,38:59.4,00:00.0,1.20E-05
227,1,1,1,38:59.4,38:59.4,00:00.0,1.40E-05
228,1,1,1,38:59.4,38:59.4,00:00.0,1.30E-05
229,1,1,1,38:59.4,38:59.4,00:00.0,1.30E-05
230,1,1,1,38:59.4,38:59.4,00:00.0,1.30E-05
231,1,1,1,38:59.4,38:59.4,00:00.0,1.30E-05
232,1,1,1,38:59.4,38:59.4,00:00.0,1.40E-05
233,1,1,1,38:59.4,38:59.4,00:00.0,1.30E-05
234,1,1,1,38:59.4,38:59.4,00:00.0,1.30E-05
235,1,1,1,38:59.4,38:59.4,00:00.0,1.30E-05
236,1,1,1,38:59.4,38:59.4,00:00.0,1.30E-05
237,1,1,1,38:59.4,38:59.4,00:00.0,1.30E-05
238,1,1,1,38:59.4,38:59.4,00:00.0,1.30E-05
239,1,1,1,38:59.4,38:59.4,00:00.0,1.30E-05
240,1,1,1,38:59.4,38:59.4,00:00.0,1.30E-05
241,1,1,1,38:59.4,38:59.4,00:00.0,1.40E-05
242,1,1,1,38:59.4,38:59.4,00:00.0,1.30E-05
243,1,1,1,38:59.4,38:59.4,00:00.0,1.20E-05
244,1,1,1,38:59.4,38:59.4,00:00.0,1.30E-05
245,1,1,1,38:59.4,38:59.4,00:00.0,1.30E-05
246,1,1,1,38:59.4,38:59.4,00:00.0,1.30E-05
247,1,1,1,38:59.4,38:59.4,00:00.0,1.30E-05
248,1,1,1,38:59.4,38:59.4,00:00.0,1.30E-05
249,1,1,1,38:59.4,38:59.4,00:00.0,1.60E-05
250,1,1,1,38:59.4,38:59.4,00:00.0,1.40E-05
251,1,1,1,38:59.4,38:59.4,00:00.0,1.30E-05
252,1,1,1,38:59.4,38:59.4,00:00.0,1.30E-05
253,1,1,1,38:59.4,38:59.4,00:00.0,1.30E-05
254,1,1,1,38:59.4,38:59.4,00:00.0,1.30E-05
255,1,1,1,38:59.4,38:59.4,00:00.0,1.30E-05
256,1,1,1,38:59.4,38:59.4,00:00.0,1.20E-05
257,1,1,1,38:59.4,38:59.4,00:00.0,1.30E-05
258,1,1,1,38:59.4,38:59.4,00:00.0,1.30E-05
259,1,1,1,38:59.4,38:59.4,00:00.0,1.40E-05
260,1,1,1,38:59.4,38:59.4,00:00.0,1.20E-05
261,1,1,1,38:59.4,38:59.4,00:00.0,1.30E-05
262,1,1,1,38:59.4,38:59.4,00:00.0,1.30E-05
263,1,1,1,38:59.4,38:59.4,00:00.0,1.30E-05
264,1,1,1,38:59.4,38:59.4,00:00.0,1.30E-05
265,1,1,1,38:59.4,38:59.4,00:00.0,1.30E-05
266,1,1,1,38:59.4,38:59.4,00:00.0,1.30E-05
267,1,1,1,38:59.4,38:59.4,00:00.0,1.60E-05
268,1,1,1,38:59.4,38:59.4,00:00.0,2.00E-05
269,1,1,1,38:59.4,38:59.4,00:00.0,2.00E-05
270,1,1,1,38:59.4,38:59.4,00:00.0,1.90E-05
271,1,1,1,38:59.4,38:59.4,00:00.0,1.90E-05
272,1,1,1,38:59.4,38:59.4,00:00.0,3.90E-05
273,1,1,1,38:59.4,38:59.4,00:00.0,3.80E-05
274,1,1,1,38:59.4,38:59.4,00:00.0,2.40E-05
275,1,1,1,38:59.4,38:59.4,00:00.0,2.10E-05
276,1,1,1,38:59.4,38:59.4,00:00.0,2.10E-05
277,1,1,1,38:59.4,38:59.4,00:00.0,2.00E-05
278,1,1,1,38:59.4,38:59.4,00:00.0,3.40E-05
279,1,1,1,38:59.4,38:59.4,00:00.0,2.30E-05
280,1,1,1,38:59.4,38:59.4,00:00.0,1.50E-05
281,1,1,1,38:59.4,38:59.4,00:00.0,1.30E-05
282,1,1,1,38:59.4,38:59.4,00:00.0,1.40E-05
283,1,1,1,38:59.4,38:59.4,00:00.0,1.30E-05
284,1,1,1,38:59.4,38:59.4,00:00.0,1.30E-05
285,1,1,1,38:59.4,38:59.4,00:00.0,1.30E-05
286,1,1,1,38:59.4,38:59.4,00:00.0,1.30E-05
287,1,1,1,38:59.4,38:59.4,00:00.0,1.30E-05
288,1,1,1,38:59.4,38:59.4,00:00.0,1.90E-05
289,1,1,1,38:59.4,38:59.4,00:00.0,1.40E-05
290,1,1,1,38:59.4,38:59.4,00:00.0,1.30E-05
291,1,1,1,38:59.4,38:59.4,00:00.0,1.30E-05
292,1,1,1,38:59.4,38:59.4,00:00.0,1.30E-05
293,1,1,1,38:59.4,38:59.4,00:00.0,1.40E-05
294,1,1,1,38:59.4,38:59.4,00:00.0,1.30E-05
295,1,1,1,38:59.4,38:59.4,00:00.0,1.30E-05
296,1,1,1,38:59.4,38:59.4,00:00.0,1.30E-05
297,1,1,1,38:59.4,38:59.4,00:00.0,1.30E-05
298,1,1,1,38:59.4,38:59.4,00:00.0,1.30E-05
299,1,1,1,38:59.4,38:59.4,00:00.0,1.30E-05
300,1,1,1,38:59.4,38:59.4,00:00.0,1.30E-05
301,1,1,1,38:59.4,38:59.4,00:00.0,1.30E-05
302,1,1,1,38:59.4,38:59.4,00:00.0,1.30E-05
303,1,1,1,38:59.4,38:59.4,00:00.0,1.30E-05
304,1,1,1,38:59.4,38:59.4,00:00.0,1.30E-05
305,1,1,1,38:59.4,38:59.4,00:00.0,1.30E-05
306,1,1,1,38:59.4,38:59.4,00:00.0,1.20E-05
307,1,1,1,38:59.4,38:59.4,00:00.0,1.40E-05
308,1,1,1,38:59.4,38:59.4,00:00.0,1.30E-05
309,1,1,1,38:59.4,38:59.4,00:00.0,1.30E-05
310,1,1,1,38:59.4,38:59.4,00:00.0,1.30E-05
311,1,1,1,38:59.4,38:59.4,00:00.0,1.30E-05
312,1,1,1,38:59.4,38:59.4,00:00.0,1.30E-05
313,1,1,1,38:59.4,38:59.4,00:00.0,1.30E-05
314,1,1,1,38:59.4,38:59.4,00:00.0,1.20E-05
315,1,1,1,38:59.4,38:59.4,00:00.0,1.30E-05
316,1,1,1,38:59.4,38:59.4,00:00.0,1.30E-05
317,1,1,1,38:59.4,38:59.4,00:00.0,1.30E-05
318,1,1,1,38:59.4,38:59.4,00:00.0,1.30E-05
319,1,1,1,38:59.4,38:59.4,00:00.0,1.30E-05
320,1,1,1,38:59.4,38:59.4,00:00.0,1.20E-05
321,1,1,1,38:59.4,38:59.4,00:00.0,1.40E-05
322,1,1,1,38:59.4,38:59.4,00:00.0,5.20E-05
323,1,1,1,38:59.4,38:59.4,00:00.0,1.40E-05
324,1,1,1,38:59.4,38:59.4,00:00.0,1.30E-05
325,1,1,1,38:59.4,38:59.4,00:00.0,1.30E-05
326,1,1,1,38:59.4,38:59.4,00:00.0,1.30E-05
327,1,1,1,38:59.4,38:59.4,00:00.0,1.60E-05
328,1,1,1,38:59.4,38:59.4,00:00.0,1.40E-05
329,1,1,1,38:59.4,38:59.4,00:00.0,1.30E-05
330,1,1,1,38:59.4,38:59.4,00:00.0,1.40E-05
331,1,1,1,38:59.4,38:59.4,00:00.0,1.30E-05
332,1,1,1,38:59.4,38:59.4,00:00.0,1.30E-05
333,1,1,1,38:59.4,38:59.4,00:00.0,1.30E-05
334,1,1,1,38:59.4,38:59.4,00:00.0,1.30E-05
335,1,1,1,38:59.4,38:59.4,00:00.0,1.30E-05
336,1,1,1,38:59.4,38:59.4,00:00.0,1.30E-05
337,1,1,1,38:59.4,38:59.4,00:00.0,1.30E-05
338,1,1,1,38:59.4,38:59.4,00:00.0,1.40E-05
339,1,1,1,38:59.4,38:59.4,00:00.0,1.30E-05
340,1,1,1,38:59.4,38:59.4,00:00.0,1.30E-05
341,1,1,1,38:59.4,38:59.4,00:00.0,1.30E-05
342,1,1,1,38:59.4,38:59.4,00:00.0,1.30E-05
343,1,1,1,38:59.4,38:59.4,00:00.0,1.30E-05
344,1,1,1,38:59.4,38:59.4,00:00.0,1.30E-05
345,1,1,1,38:59.4,38:59.4,00:00.0,1.30E-05
346,1,1,1,38:59.4,38:59.4,00:00.0,1.40E-05
347,1,1,1,38:59.4,38:59.4,00:00.0,1.20E-05
348,1,1,1,38:59.4,38:59.4,00:00.0,1.40E-05
349,1,1,1,38:59.4,38:59.4,00:00.0,1.30E-05
350,1,1,1,38:59.4,38:59.4,00:00.0,1.40E-05
351,1,1,1,38:59.4,38:59.4,00:00.0,1.30E-05
352,1,1,1,38:59.4,38:59.4,00:00.0,1.30E-05
353,1,1,1,38:59.4,38:59.4,00:00.0,1.30E-05
354,1,1,1,38:59.4,38:59.4,00:00.0,1.30E-05
355,1,1,1,38:59.4,38:59.4,00:00.0,1.30E-05
356,1,1,1,38:59.4,38:59.4,00:00.0,1.40E-05
357,1,1,1,38:59.4,38:59.4,00:00.0,1.30E-05
358,1,1,1,38:59.4,38:59.4,00:00.0,1.20E-05
359,1,1,1,38:59.4,38:59.4,00:00.0,1.30E-05
360,1,1,1,38:59.4,38:59.4,00:00.0,1.40E-05
361,1,1,1,38:59.4,38:59.4,00:00.0,1.20E-05
362,1,1,1,38:59.4,38:59.4,00:00.0,1.30E-05
363,1,1,1,38:59.4,38:59.4,00:00.0,1.30E-05
364,1,1,1,38:59.4,38:59.4,00:00.0,1.30E-05
365,1,1,1,38:59.4,38:59.4,00:00.0,1.30E-05
366,1,1,1,38:59.4,38:59.4,00:00.0,1.30E-05
367,1,1,1,38:59.4,38:59.4,00:00.0,1.70E-05
368,1,1,1,38:59.4,38:59.4,00:00.0,1.40E-05
369,1,1,1,38:59.4,38:59.4,00:00.0,1.30E-05
370,1,1,1,38:59.4,38:59.4,00:00.0,1.30E-05
371,1,1,1,38:59.4,38:59.4,00:00.0,1.40E-05
372,1,1,1,38:59.4,38:59.4,00:00.0,1.30E-05
373,1,1,1,38:59.4,38:59.4,00:00.0,1.30E-05
374,1,1,1,38:59.4,38:59.4,00:00.0,1.30E-05
375,1,1,1,38:59.4,38:59.4,00:00.0,1.30E-05
376,1,1,1,38:59.4,38:59.4,00:00.0,1.30E-05
377,1,1,1,38:59.4,38:59.4,00:00.0,1.30E-05
378,1,1,1,38:59.4,38:59.4,00:00.0,1.30E-05
379,1,1,1,38:59.4,38:59.4,00:00.0,1.40E-05
380,1,1,1,38:59.4,38:59.4,00:00.0,1.30E-05
381,1,1,1,38:59.4,38:59.4,00:00.0,1.30E-05
382,1,1,1,38:59.4,38:59.4,00:00.0,1.30E-05
383,1,1,1,38:59.4,38:59.4,00:00.0,1.30E-05
384,1,1,1,38:59.4,38:59.4,00:00.0,1.30E-05
385,1,1,1,38:59.4,38:59.4,00:00.0,1.30E-05
386,1,1,1,38:59.4,38:59.4,00:00.0,1.30E-05
387,1,1,1,38:59.4,38:59.4,00:00.0,1.30E-05
388,1,1,1,38:59.4,38:59.4,00:00.0,1.30E-05
389,1,1,1,38:59.4,38:59.4,00:00.0,1.30E-05
390,1,1,1,38:59.4,38:59.4,00:00.0,1.30E-05
391,1,1,1,38:59.4,38:59.4,00:00.0,1.30E-05
392,1,1,1,38:59.4,38:59.4,00:00.0,1.20E-05
393,1,1,1,38:59.4,38:59.4,00:00.0,1.30E-05
394,1,1,1,38:59.4,38:59.4,00:00.0,1.30E-05
395,1,1,1,38:59.4,38:59.4,00:00.0,1.30E-05
396,1,1,1,38:59.4,38:59.4,00:00.0,1.40E-05
397,1,1,1,38:59.4,38:59.4,00:00.0,1.30E-05
398,1,1,1,38:59.4,38:59.4,00:00.0,1.30E-05
399,1,1,1,38:59.4,38:59.4,00:00.0,1.30E-05
400,1,1,1,38:59.4,38:59.4,00:00.0,1.30E-05
401,1,1,1,38:59.4,38:59.4,00:00.0,1.30E-05
402,1,1,1,38:59.4,38:59.4,00:00.0,1.50E-05
403,1,1,1,38:59.4,38:59.4,00:00.0,2.00E-05
404,1,1,1,38:59.4,38:59.4,00:00.0,1.80E-05
405,1,1,1,38:59.4,38:59.4,00:00.0,1.30E-05
406,1,1,1,38:59.4,38:59.4,00:00.0,1.70E-05
407,1,1,1,38:59.4,38:59.4,00:00.0,1.30E-05
408,1,1,1,38:59.4,38:59.4,00:00.0,1.20E-05
409,1,1,1,38:59.4,38:59.4,00:00.0,1.30E-05
410,1,1,1,38:59.4,38:59.4,00:00.0,1.30E-05
411,1,1,1,38:59.4,38:59.4,00:00.0,1.30E-05
412,1,1,1,38:59.4,38:59.4,00:00.0,1.30E-05
413,1,1,1,38:59.4,38:59.4,00:00.0,1.30E-05
414,1,1,1,38:59.4,38:59.4,00:00.0,1.30E-05
415,1,1,1,38:59.4,38:59.4,00:00.0,1.30E-05
416,1,1,1,38:59.4,38:59.4,00:00.0,1.30E-05
417,1,1,1,38:59.4,38:59.4,00:00.0,1.40E-05
418,1,1,1,38:59.4,38:59.4,00:00.0,1.30E-05
419,1,1,1,38:59.4,38:59.4,00:00.0,1.30E-05
420,1,1,1,38:59.4,38:59.4,00:00.0,1.30E-05
421,1,1,1,38:59.4,38:59.4,00:00.0,1.30E-05
422,1,1,1,38:59.4,38:59.4,00:00.0,1.30E-05
423,1,1,1,38:59.4,38:59.4,00:00.0,1.40E-05
424,1,1,1,38:59.4,38:59.4,00:00.0,1.30E-05
425,1,1,1,38:59.4,38:59.4,00:00.0,1.30E-05
426,1,1,1,38:59.4,38:59.4,00:00.0,1.30E-05
427,1,1,1,38:59.4,38:59.4,00:00.0,1.30E-05
428,1,1,1,38:59.4,38:59.4,00:00.0,1.30E-05
429,1,1,1,38:59.4,38:59.4,00:00.0,4.40E-05
430,1,1,1,38:59.4,38:59.4,00:00.0,1.40E-05
431,1,1,1,38:59.4,38:59.4,00:00.0,1.30E-05
432,1,1,1,38:59.4,38:59.4,00:00.0,1.40E-05
433,1,1,1,38:59.4,38:59.4,00:00.0,1.20E-05
434,1,1,1,38:59.4,38:59.4,00:00.0,1.40E-05
435,1,1,1,38:59.4,38:59.4,00:00.0,1.30E-05
436,1,1,1,38:59.4,38:59.4,00:00.0,1.30E-05
437,1,1,1,38:59.4,38:59.4,00:00.0,1.40E-05
438,1,1,1,38:59.4,38:59.4,00:00.0,1.30E-05
439,1,1,1,38:59.4,38:59.4,00:00.0,1.20E-05
440,1,1,1,38:59.4,38:59.4,00:00.0,1.40E-05
441,1,1,1,38:59.4,38:59.4,00:00.0,1.30E-05
442,1,1,1,38:59.4,38:59.4,00:00.0,1.20E-05
443,1,1,1,38:59.4,38:59.4,00:00.0,1.40E-05
444,1,1,1,38:59.4,38:59.4,00:00.0,1.20E-05
445,1,1,1,38:59.4,38:59.4,00:00.0,1.80E-05
446,1,1,1,38:59.4,38:59.4,00:00.0,1.30E-05
447,1,1,1,38:59.4,38:59.4,00:00.0,1.30E-05
448,1,1,1,38:59.4,38:59.4,00:00.0,1.40E-05
449,1,1,1,38:59.4,38:59.4,00:00.0,1.40E-05
450,1,1,1,38:59.4,38:59.4,00:00.0,1.30E-05
451,1,1,1,38:59.4,38:59.4,00:00.0,1.30E-05
452,1,1,1,38:59.4,38:59.4,00:00.0,1.30E-05
453,1,1,1,38:59.4,38:59.4,00:00.0,1.30E-05
454,1,1,1,38:59.4,38:59.4,00:00.0,1.40E-05
455,1,1,1,38:59.4,38:59.4,00:00.0,1.30E-05
456,1,1,1,38:59.4,38:59.4,00:00.0,1.30E-05
457,1,1,1,38:59.4,38:59.4,00:00.0,1.30E-05
458,1,1,1,38:59.4,38:59.4,00:00.0,1.30E-05
459,1,1,1,38:59.4,38:59.4,00:00.0,1.30E-05
460,1,1,1,38:59.4,38:59.4,00:00.0,1.40E-05
461,1,1,1,38:59.4,38:59.4,00:00.0,1.30E-05
462,1,1,1,38:59.4,38:59.4,00:00.0,1.30E-05
463,1,1,1,38:59.4,38:59.4,00:00.0,1.30E-05
464,1,1,1,38:59.4,38:59.4,00:00.0,1.30E-05
465,1,1,1,38:59.4,38:59.4,00:00.0,1.40E-05
466,1,1,1,38:59.4,38:59.4,00:00.0,1.30E-05
467,1,1,1,38:59.4,38:59.4,00:00.0,1.20E-05
468,1,1,1,38:59.4,38:59.4,00:00.0,1.30E-05
469,1,1,1,38:59.4,38:59.4,00:00.0,1.30E-05
470,1,1,1,38:59.4,38:59.4,00:00.0,1.30E-05
471,1,1,1,38:59.4,38:59.4,00:00.0,1.40E-05
472,1,1,1,38:59.4,38:59.4,00:00.0,1.30E-05
473,1,1,1,38:59.4,38:59.4,00:00.0,1.30E-05
474,1,1,1,38:59.4,38:59.4,00:00.0,1.30E-05
475,1,1,1,38:59.4,38:59.4,00:00.0,1.30E-05
476,1,1,1,38:59.4,38:59.4,00:00.0,1.30E-05
477,1,1,1,38:59.4,38:59.4,00:00.0,1.40E-05
478,1,1,1,38:59.4,38:59.4,00:00.0,1.30E-05
479,1,1,1,38:59.4,38:59.4,00:00.0,1.30E-05
480,1,1,1,38:59.4,38:59.4,00:00.0,1.30E-05
481,1,1,1,38:59.4,38:59.4,00:00.0,1.30E-05
482,1,1,1,38:59.4,38:59.4,00:00.0,1.30E-05
483,1,1,1,38:59.4,38:59.4,00:00.0,1.40E-05
484,1,1,1,38:59.4,38:59.4,00:00.0,1.60E-05
485,1,1,1,38:59.4,38:59.4,00:00.0,1.30E-05
486,1,1,1,38:59.4,38:59.4,00:00.0,1.30E-05
487,1,1,1,38:59.4,38:59.4,00:00.0,1.30E-05
488,1,1,1,38:59.4,38:59.4,00:00.0,1.30E-05
489,1,1,1,38:59.4,38:59.4,00:00.0,1.30E-05
490,1,1,1,38:59.4,38:59.4,00:00.0,1.40E-05
491,1,1,1,38:59.4,38:59.4,00:00.0,1.30E-05
492,1,1,1,38:59.4,38:59.4,00:00.0,1.30E-05
493,1,1,1,38:59.4,38:59.4,00:00.0,1.30E-05
494,1,1,1,38:59.4,38:59.4,00:00.0,1.30E-05
495,1,1,1,38:59.4,38:59.4,00:00.0,1.30E-05
496,1,1,1,38:59.4,38:59.4,00:00.0,1.30E-05
497,1,1,1,38:59.4,38:59.4,00:00.0,1.30E-05
498,1,1,1,38:59.4,38:59.4,00:00.0,1.30E-05
499,1,1,1,38:59.4,38:59.4,00:00.0,1.30E-05
500,1,1,1,38:59.4,38:59.4,00:00.0,1.30E-05
501,1,1,1,38:59.4,38:59.4,00:00.0,1.40E-05
502,1,1,1,38:59.4,38:59.4,00:00.0,1.30E-05
503,1,1,1,38:59.4,38:59.4,00:00.0,1.30E-05
504,1,1,1,38:59.4,38:59.4,00:00.0,1.30E-05
505,1,1,1,38:59.4,38:59.4,00:00.0,1.30E-05
506,1,1,1,38:59.4,38:59.4,00:00.0,1.30E-05
507,1,1,1,38:59.4,38:59.4,00:00.0,1.30E-05
508,1,1,1,38:59.4,38:59.4,00:00.0,1.30E-05
509,1,1,1,38:59.4,38:59.4,00:00.0,1.30E-05
510,1,1,1,38:59.4,38:59.4,00:00.0,1.40E-05
511,1,1,1,38:59.4,38:59.4,00:00.0,1.30E-05
512,1,1,1,38:59.4,38:59.4,00:00.0,1.30E-05
513,1,1,1,38:59.4,38:59.4,00:00.0,1.40E-05
514,1,1,1,38:59.4,38:59.4,00:00.0,1.20E-05
515,1,1,1,38:59.4,38:59.4,00:00.0,3.10E-05
516,1,1,1,38:59.4,38:59.4,00:00.0,1.30E-05
517,1,1,1,38:59.4,38:59.4,00:00.0,1.30E-05
518,1,1,1,38:59.4,38:59.4,00:00.0,1.20E-05
519,1,1,1,38:59.4,38:59.4,00:00.0,1.30E-05
520,1,1,1,38:59.4,38:59.4,00:00.0,1.20E-05
521,1,1,1,38:59.4,38:59.4,00:00.0,1.30E-05
522,1,1,1,38:59.4,38:59.4,00:00.0,1.30E-05
523,1,1,1,38:59.4,38:59.4,00:00.0,1.20E-05
524,1,1,1,38:59.4,38:59.4,00:00.0,1.60E-05
525,1,1,1,38:59.4,38:59.4,00:00.0,1.30E-05
526,1,1,1,38:59.4,38:59.4,00:00.0,1.30E-05
527,1,1,1,38:59.4,38:59.4,00:00.0,1.30E-05
528,1,1,1,38:59.4,38:59.4,00:00.0,1.30E-05
529,1,1,1,38:59.4,38:59.4,00:00.0,1.30E-05
530,1,1,1,38:59.4,38:59.4,00:00.0,1.20E-05
531,1,1,1,38:59.4,38:59.4,00:00.0,1.30E-05
532,1,1,1,38:59.4,38:59.4,00:00.0,1.30E-05
533,1,1,1,38:59.4,38:59.4,00:00.0,1.30E-05
534,1,1,1,38:59.4,38:59.4,00:00.0,1.30E-05
535,1,1,1,38:59.4,38:59.4,00:00.0,1.20E-05
536,1,1,1,38:59.4,38:59.4,00:00.0,4.00E-05
537,1,1,1,38:59.4,38:59.4,00:00.0,1.30E-05
538,1,1,1,38:59.4,38:59.4,00:00.0,1.30E-05
539,1,1,1,38:59.4,38:59.4,00:00.0,1.30E-05
540,1,1,1,38:59.4,38:59.4,00:00.0,1.30E-05
541,1,1,1,38:59.4,38:59.4,00:00.0,1.20E-05
542,1,1,1,38:59.4,38:59.4,00:00.0,1.30E-05
543,1,1,1,38:59.4,38:59.4,00:00.0,1.30E-05
544,1,1,1,38:59.4,38:59.4,00:00.0,1.30E-05
545,1,1,1,38:59.4,38:59.4,00:00.0,1.30E-05
546,1,1,1,38:59.4,38:59.4,00:00.0,1.80E-05
547,1,1,1,38:59.4,38:59.4,00:00.0,1.30E-05
548,1,1,1,38:59.4,38:59.4,00:00.0,1.30E-05
549,1,1,1,38:59.4,38:59.4,00:00.0,1.40E-05
550,1,1,1,38:59.4,38:59.4,00:00.0,1.30E-05
551,1,1,1,38:59.4,38:59.4,00:00.0,1.30E-05
552,1,1,1,38:59.4,38:59.4,00:00.0,1.20E-05
553,1,1,1,38:59.4,38:59.4,00:00.0,1.20E-05
554,1,1,1,38:59.4,38:59.4,00:00.0,1.30E-05
555,1,1,1,38:59.4,38:59.4,00:00.0,1.30E-05
556,1,1,1,38:59.4,38:59.4,00:00.0,1.30E-05
557,1,1,1,38:59.4,38:59.4,00:00.0,1.20E-05
558,1,1,1,38:59.4,38:59.4,00:00.0,1.30E-05
559,1,1,1,38:59.4,38:59.4,00:00.0,1.30E-05
560,1,1,1,38:59.4,38:59.4,00:00.0,1.30E-05
561,1,1,1,38:59.4,38:59.4,00:00.0,1.20E-05
562,1,1,1,38:59.4,38:59.4,00:00.0,1.20E-05
563,1,1,1,38:59.4,38:59.4,00:00.0,1.60E-05
564,1,1,1,38:59.4,38:59.4,00:00.0,1.40E-05
565,1,1,1,38:59.4,38:59.4,00:00.0,1.20E-05
566,1,1,1,38:59.4,38:59.4,00:00.0,1.30E-05
567,1,1,1,38:59.4,38:59.4,00:00.0,1.30E-05
568,1,1,1,38:59.4,38:59.4,00:00.0,1.20E-05
569,1,1,1,38:59.4,38:59.4,00:00.0,1.30E-05
570,1,1,1,38:59.4,38:59.4,00:00.0,1.30E-05
571,1,1,1,38:59.4,38:59.4,00:00.0,1.30E-05
572,1,1,1,38:59.4,38:59.4,00:00.0,1.30E-05
573,1,1,1,38:59.4,38:59.4,00:00.0,1.20E-05
574,1,1,1,38:59.4,38:59.4,00:00.0,1.20E-05
575,1,1,1,38:59.4,38:59.4,00:00.0,1.30E-05
576,1,1,1,38:59.4,38:59.4,00:00.0,1.20E-05
577,1,1,1,38:59.4,38:59.4,00:00.0,1.30E-05
578,1,1,1,38:59.4,38:59.4,00:00.0,1.20E-05
579,1,1,1,38:59.4,38:59.4,00:00.0,1.20E-05
580,1,1,1,38:59.4,38:59.4,00:00.0,1.30E-05
581,1,1,1,38:59.4,38:59.4,00:00.0,1.20E-05
582,1,1,1,38:59.4,38:59.4,00:00.0,1.30E-05
583,1,1,1,38:59.4,38:59.4,00:00.0,1.30E-05
584,1,1,1,38:59.4,38:59.4,00:00.0,1.20E-05
585,1,1,1,38:59.4,38:59.4,00:00.0,1.30E-05
586,1,1,1,38:59.4,38:59.4,00:00.0,1.20E-05
587,1,1,1,38:59.4,38:59.4,00:00.0,1.30E-05
588,1,1,1,38:59.4,38:59.4,00:00.0,1.30E-05
589,1,1,1,38:59.4,38:59.4,00:00.0,1.30E-05
590,1,1,1,38:59.4,38:59.4,00:00.0,1.30E-05
591,1,1,1,38:59.4,38:59.4,00:00.0,1.20E-05
592,1,1,1,38:59.4,38:59.4,00:00.0,1.30E-05
593,1,1,1,38:59.4,38:59.4,00:00.0,1.20E-05
594,1,1,1,38:59.4,38:59.4,00:00.0,1.30E-05
595,1,1,1,38:59.4,38:59.4,00:00.0,1.30E-05
596,1,1,1,38:59.4,38:59.4,00:00.0,1.20E-05
597,1,1,1,38:59.4,38:59.4,00:00.0,1.30E-05
598,1,1,1,38:59.4,38:59.4,00:00.0,1.20E-05
599,1,1,1,38:59.4,38:59.4,00:00.0,1.30E-05
600,1,1,1,38:59.4,38:59.4,00:00.0,1.20E-05
601,1,1,1,38:59.4,38:59.4,00:00.0,1.20E-05
602,1,1,1,38:59.4,38:59.4,00:00.0,1.60E-05
603,1,1,1,38:59.4,38:59.4,00:00.0,1.30E-05
604,1,1,1,38:59.4,38:59.4,00:00.0,1.20E-05
605,1,1,1,38:59.4,38:59.4,00:00.0,1.30E-05
606,1,1,1,38:59.4,38:59.4,00:00.0,1.30E-05
607,1,1,1,38:59.4,38:59.4,00:00.0,1.20E-05
608,1,1,1,38:59.4,38:59.4,00:00.0,1.30E-05
609,1,1,1,38:59.4,38:59.4,00:00.0,1.30E-05
610,1,1,1,38:59.4,38:59.4,00:00.0,1.30E-05
611,1,1,1,38:59.4,38:59.4,00:00.0,1.30E-05
612,1,1,1,38:59.4,38:59.4,00:00.0,1.20E-05
613,1,1,1,38:59.4,38:59.4,00:00.0,1.30E-05
614,1,1,1,38:59.4,38:59.4,00:00.0,1.30E-05
615,1,1,1,38:59.4,38:59.4,00:00.0,1.20E-05
616,1,1,1,38:59.4,38:59.4,00:00.0,1.30E-05
617,1,1,1,38:59.4,38:59.4,00:00.0,1.20E-05
618,1,1,1,38:59.4,38:59.4,00:00.0,1.30E-05
619,1,1,1,38:59.4,38:59.4,00:00.0,1.30E-05
620,1,1,1,38:59.4,38:59.4,00:00.0,1.20E-05
621,1,1,1,38:59.4,38:59.4,00:00.0,1.30E-05
622,1,1,1,38:59.4,38:59.4,00:00.0,1.20E-05
623,1,1,1,38:59.4,38:59.4,00:00.0,1.30E-05
624,1,1,1,38:59.4,38:59.4,00:00.0,1.30E-05
625,1,1,1,38:59.4,38:59.4,00:00.0,1.20E-05
626,1,1,1,38:59.4,38:59.4,00:00.0,1.20E-05
627,1,1,1,38:59.4,38:59.4,00:00.0,1.30E-05
628,1,1,1,38:59.4,38:59.4,00:00.0,1.30E-05
629,1,1,1,38:59.4,38:59.4,00:00.0,1.30E-05
630,1,1,1,38:59.4,38:59.4,00:00.0,1.30E-05
631,1,1,1,38:59.4,38:59.4,00:00.0,1.30E-05
632,1,1,1,38:59.4,38:59.4,00:00.0,1.20E-05
633,1,1,1,38:59.4,38:59.4,00:00.0,1.30E-05
634,1,1,1,38:59.4,38:59.4,00:00.0,1.30E-05
635,1,1,1,38:59.4,38:59.4,00:00.0,1.30E-05
636,1,1,1,38:59.4,38:59.4,00:00.0,1.30E-05
637,1,1,1,38:59.4,38:59.4,00:00.0,1.30E-05
638,1,1,1,38:59.4,38:59.4,00:00.0,1.30E-05
639,1,1,1,38:59.4,38:59.4,00:00.0,1.20E-05
640,1,1,1,38:59.4,38:59.4,00:00.0,1.20E-05
641,1,1,1,38:59.4,38:59.4,00:00.0,1.60E-05
642,1,1,1,38:59.4,38:59.4,00:00.0,1.30E-05
643,1,1,1,38:59.4,38:59.4,00:00.0,3.90E-05
644,1,1,1,38:59.4,38:59.4,00:00.0,1.30E-05
645,1,1,1,38:59.4,38:59.4,00:00.0,1.30E-05
646,1,1,1,38:59.4,38:59.4,00:00.0,1.30E-05
647,1,1,1,38:59.4,38:59.4,00:00.0,1.20E-05
648,1,1,1,38:59.4,38:59.4,00:00.0,1.30E-05
649,1,1,1,38:59.4,38:59.4,00:00.0,1.30E-05
650,1,1,1,38:59.4,38:59.4,00:00.0,1.30E-05
651,1,1,1,38:59.4,38:59.4,00:00.0,1.30E-05
652,1,1,1,38:59.4,38:59.4,00:00.0,1.20E-05
653,1,1,1,38:59.4,38:59.4,00:00.0,1.30E-05
654,1,1,1,38:59.4,38:59.4,00:00.0,1.20E-05
655,1,1,1,38:59.4,38:59.4,00:00.0,1.30E-05
656,1,1,1,38:59.4,38:59.4,00:00.0,1.30E-05
657,1,1,1,38:59.4,38:59.4,00:00.0,1.20E-05
658,1,1,1,38:59.4,38:59.4,00:00.0,1.30E-05
659,1,1,1,38:59.4,38:59.4,00:00.0,1.20E-05
660,1,1,1,38:59.4,38:59.4,00:00.0,1.30E-05
661,1,1,1,38:59.4,38:59.4,00:00.0,1.30E-05
662,1,1,1,38:59.4,38:59.4,00:00.0,1.20E-05
663,1,1,1,38:59.4,38:59.4,00:00.0,1.30E-05
664,1,1,1,38:59.4,38:59.4,00:00.0,1.30E-05
665,1,1,1,38:59.4,38:59.4,00:00.0,1.30E-05
666,1,1,1,38:59.4,38:59.4,00:00.0,1.30E-05
667,1,1,1,38:59.4,38:59.4,00:00.0,1.30E-05
668,1,1,1,38:59.4,38:59.4,00:00.0,1.80E-05
669,1,1,1,38:59.4,38:59.4,00:00.0,1.30E-05
670,1,1,1,38:59.4,38:59.4,00:00.0,1.50E-05
671,1,1,1,38:59.4,38:59.4,00:00.0,1.40E-05
672,1,1,1,38:59.4,38:59.4,00:00.0,1.30E-05
673,1,1,1,38:59.4,38:59.4,00:00.0,1.20E-05
674,1,1,1,38:59.4,38:59.4,00:00.0,1.30E-05
675,1,1,1,38:59.4,38:59.4,00:00.0,1.30E-05
676,1,1,1,38:59.4,38:59.4,00:00.0,1.30E-05
677,1,1,1,38:59.4,38:59.4,00:00.0,1.20E-05
678,1,1,1,38:59.4,38:59.4,00:00.0,1.20E-05
679,1,1,1,38:59.4,38:59.4,00:00.0,1.30E-05
680,1,1,1,38:59.4,38:59.4,00:00.0,1.30E-05
681,1,1,1,38:59.4,38:59.4,00:00.0,1.70E-05
682,1,1,1,38:59.4,38:59.4,00:00.0,1.30E-05
683,1,1,1,38:59.4,38:59.4,00:00.0,1.30E-05
684,1,1,1,38:59.4,38:59.4,00:00.0,1.30E-05
685,1,1,1,38:59.4,38:59.4,00:00.0,1.20E-05
686,1,1,1,38:59.4,38:59.4,00:00.0,1.20E-05
687,1,1,1,38:59.4,38:59.4,00:00.0,1.30E-05
688,1,1,1,38:59.4,38:59.4,00:00.0,1.30E-05
689,1,1,1,38:59.4,38:59.4,00:00.0,1.20E-05
690,1,1,1,38:59.4,38:59.4,00:00.0,1.20E-05
691,1,1,1,38:59.4,38:59.4,00:00.0,1.30E-05
692,1,1,1,38:59.4,38:59.4,00:00.0,1.20E-05
693,1,1,1,38:59.4,38:59.4,00:00.0,1.30E-05
694,1,1,1,38:59.4,38:59.4,00:00.0,1.30E-05
695,1,1,1,38:59.4,38:59.4,00:00.0,1.20E-05
696,1,1,1,38:59.4,38:59.4,00:00.0,1.30E-05
697,1,1,1,38:59.4,38:59.4,00:00.0,1.30E-05
698,1,1,1,38:59.4,38:59.4,00:00.0,1.20E-05
699,1,1,1,38:59.4,38:59.4,00:00.0,1.20E-05
700,1,1,1,38:59.4,38:59.4,00:00.0,1.30E-05
701,1,1,1,38:59.4,38:59.4,00:00.0,1.30E-05
702,1,1,1,38:59.4,38:59.4,00:00.0,1.30E-05
703,1,1,1,38:59.4,38:59.4,00:00.0,1.20E-05
704,1,1,1,38:59.4,38:59.4,00:00.0,1.30E-05
705,1,1,1,38:59.4,38:59.4,00:00.0,1.20E-05
706,1,1,1,38:59.4,38:59.4,00:00.0,1.30E-05
707,1,1,1,38:59.4,38:59.4,00:00.0,1.20E-05
708,1,1,1,38:59.4,38:59.4,00:00.0,1.30E-05
709,1,1,1,38:59.4,38:59.4,00:00.0,1.30E-05
710,1,1,1,38:59.4,38:59.4,00:00.0,1.30E-05
711,1,1,1,38:59.4,38:59.4,00:00.0,1.20E-05
712,1,1,1,38:59.4,38:59.4,00:00.0,1.20E-05
713,1,1,1,38:59.4,38:59.4,00:00.0,1.30E-05
714,1,1,1,38:59.4,38:59.4,00:00.0,1.20E-05
715,1,1,1,38:59.4,38:59.4,00:00.0,1.30E-05
716,1,1,1,38:59.4,38:59.4,00:00.0,1.30E-05
717,1,1,1,38:59.4,38:59.4,00:00.0,1.30E-05
718,1,1,1,38:59.4,38:59.4,00:00.0,1.20E-05
719,1,1,1,38:59.4,38:59.4,00:00.0,1.30E-05
720,1,1,1,38:59.4,38:59.4,00:00.0,1.60E-05
721,1,1,1,38:59.4,38:59.4,00:00.0,1.30E-05
722,1,1,1,38:59.4,38:59.4,00:00.0,1.30E-05
723,1,1,1,38:59.4,38:59.4,00:00.0,1.20E-05
724,1,1,1,38:59.4,38:59.4,00:00.0,1.30E-05
725,1,1,1,38:59.4,38:59.4,00:00.0,1.20E-05
726,1,1,1,38:59.4,38:59.4,00:00.0,1.30E-05
727,1,1,1,38:59.4,38:59.4,00:00.0,1.20E-05
728,1,1,1,38:59.4,38:59.4,00:00.0,1.30E-05
729,1,1,1,38:59.4,38:59.4,00:00.0,1.30E-05
730,1,1,1,38:59.4,38:59.4,00:00.0,1.20E-05
731,1,1,1,38:59.4,38:59.4,00:00.0,1.30E-05
732,1,1,1,38:59.4,38:59.4,00:00.0,1.20E-05
733,1,1,1,38:59.4,38:59.4,00:00.0,1.30E-05
734,1,1,1,38:59.4,38:59.4,00:00.0,1.20E-05
735,1,1,1,38:59.4,38:59.4,00:00.0,1.30E-05
736,1,1,1,38:59.4,38:59.4,00:00.0,1.30E-05
737,1,1,1,38:59.4,38:59.4,00:00.0,1.30E-05
738,1,1,1,38:59.4,38:59.4,00:00.0,4.50E-05
739,1,1,1,38:59.4,38:59.4,00:00.0,1.20E-05
740,1,1,1,38:59.4,38:59.4,00:00.0,1.30E-05
741,1,1,1,38:59.4,38:59.4,00:00.0,1.30E-05
742,1,1,1,38:59.4,38:59.4,00:00.0,1.30E-05
743,1,1,1,38:59.4,38:59.4,00:00.0,1.30E-05
744,1,1,1,38:59.4,38:59.4,00:00.0,1.20E-05
745,1,1,1,38:59.4,38:59.4,00:00.0,1.30E-05
746,1,1,1,38:59.4,38:59.4,00:00.0,1.30E-05
747,1,1,1,38:59.4,38:59.4,00:00.0,1.30E-05
748,1,1,1,38:59.4,38:59.4,00:00.0,1.30E-05
749,1,1,1,38:59.4,38:59.4,00:00.0,1.20E-05
750,1,1,1,38:59.4,38:59.4,00:00.0,4.20E-05
751,1,1,1,38:59.4,38:59.4,00:00.0,1.40E-05
752,1,1,1,38:59.4,38:59.4,00:00.0,1.30E-05
753,1,1,1,38:59.4,38:59.4,00:00.0,1.30E-05
754,1,1,1,38:59.4,38:59.4,00:00.0,1.20E-05
755,1,1,1,38:59.4,38:59.4,00:00.0,1.30E-05
756,1,1,1,38:59.4,38:59.4,00:00.0,1.30E-05
757,1,1,1,38:59.4,38:59.4,00:00.0,1.20E-05
758,1,1,1,38:59.4,38:59.4,00:00.0,1.20E-05
759,1,1,1,38:59.4,38:59.4,00:00.0,1.70E-05
760,1,1,1,38:59.4,38:59.4,00:00.0,1.30E-05
761,1,1,1,38:59.4,38:59.4,00:00.0,1.30E-05
762,1,1,1,38:59.4,38:59.4,00:00.0,1.30E-05
763,1,1,1,38:59.4,38:59.4,00:00.0,1.20E-05
764,1,1,1,38:59.4,38:59.4,00:00.0,1.30E-05
765,1,1,1,38:59.4,38:59.4,00:00.0,1.30E-05
766,1,1,1,38:59.4,38:59.4,00:00.0,1.20E-05
767,1,1,1,38:59.4,38:59.4,00:00.0,1.30E-05
768,1,1,1,38:59.4,38:59.4,00:00.0,1.20E-05
769,1,1,1,38:59.4,38:59.4,00:00.0,1.30E-05
770,1,1,1,38:59.4,38:59.4,00:00.0,1.20E-05
771,1,1,1,38:59.4,38:59.4,00:00.0,1.30E-05
772,1,1,1,38:59.4,38:59.4,00:00.0,1.30E-05
773,1,1,1,38:59.4,38:59.4,00:00.0,1.30E-05
774,1,1,1,38:59.4,38:59.4,00:00.0,1.20E-05
775,1,1,1,38:59.4,38:59.4,00:00.0,1.20E-05
776,1,1,1,38:59.4,38:59.4,00:00.0,1.20E-05
777,1,1,1,38:59.4,38:59.4,00:00.0,1.30E-05
778,1,1,1,38:59.4,38:59.4,00:00.0,1.30E-05
779,1,1,1,38:59.4,38:59.4,00:00.0,1.20E-05
780,1,1,1,38:59.4,38:59.4,00:00.0,1.30E-05
781,1,1,1,38:59.4,38:59.4,00:00.0,1.20E-05
782,1,1,1,38:59.4,38:59.4,00:00.0,1.30E-05
783,1,1,1,38:59.4,38:59.4,00:00.0,1.20E-05
784,1,1,1,38:59.4,38:59.4,00:00.0,1.30E-05
785,1,1,1,38:59.4,38:59.4,00:00.0,1.30E-05
786,1,1,1,38:59.4,38:59.4,00:00.0,1.30E-05
787,1,1,1,38:59.4,38:59.4,00:00.0,1.30E-05
788,1,1,1,38:59.4,38:59.4,00:00.0,1.60E-05
789,1,1,1,38:59.4,38:59.4,00:00.0,1.30E-05
790,1,1,1,38:59.4,38:59.4,00:00.0,1.30E-05
791,1,1,1,38:59.4,38:59.4,00:00.0,3.20E-05
792,1,1,1,38:59.4,38:59.4,00:00.0,2.90E-05
793,1,1,1,38:59.4,38:59.4,00:00.0,1.60E-05
794,1,1,1,38:59.4,38:59.4,00:00.0,1.30E-05
795,1,1,1,38:59.4,38:59.4,00:00.0,1.40E-05
796,1,1,1,38:59.4,38:59.4,00:00.0,1.20E-05
797,1,1,1,38:59.4,38:59.4,00:00.0,1.30E-05
798,1,1,1,38:59.4,38:59.4,00:00.0,2.00E-05
799,1,1,1,38:59.4,38:59.4,00:00.0,1.30E-05
800,1,1,1,38:59.4,38:59.4,00:00.0,1.30E-05
801,1,1,1,38:59.4,38:59.4,00:00.0,1.30E-05
802,1,1,1,38:59.4,38:59.4,00:00.0,1.20E-05
803,1,1,1,38:59.4,38:59.4,00:00.0,1.30E-05
804,1,1,1,38:59.4,38:59.4,00:00.0,1.30E-05
805,1,1,1,38:59.4,38:59.4,00:00.0,1.20E-05
806,1,1,1,38:59.4,38:59.4,00:00.0,1.30E-05
807,1,1,1,38:59.4,38:59.4,00:00.0,1.30E-05
808,1,1,1,38:59.4,38:59.4,00:00.0,1.20E-05
809,1,1,1,38:59.4,38:59.4,00:00.0,1.30E-05
810,1,1,1,38:59.4,38:59.4,00:00.0,1.30E-05
811,1,1,1,38:59.4,38:59.4,00:00.0,1.20E-05
812,1,1,1,38:59.4,38:59.4,00:00.0,1.20E-05
813,1,1,1,38:59.4,38:59.4,00:00.0,1.30E-05
814,1,1,1,38:59.4,38:59.4,00:00.0,1.20E-05
815,1,1,1,38:59.4,38:59.4,00:00.0,1.30E-05
816,1,1,1,38:59.4,38:59.4,00:00.0,1.20E-05
817,1,1,1,38:59.4,38:59.4,00:00.0,1.30E-05
818,1,1,1,38:59.4,38:59.4,00:00.0,1.20E-05
819,1,1,1,38:59.4,38:59.4,00:00.0,1.30E-05
820,1,1,1,38:59.4,38:59.4,00:00.0,1.30E-05
821,1,1,1,38:59.4,38:59.4,00:00.0,1.20E-05
822,1,1,1,38:59.4,38:59.4,00:00.0,1.30E-05
823,1,1,1,38:59.4,38:59.4,00:00.0,1.30E-05
824,1,1,1,38:59.4,38:59.4,00:00.0,1.20E-05
825,1,1,1,38:59.4,38:59.4,00:00.0,1.20E-05
826,1,1,1,38:59.4,38:59.4,00:00.0,1.30E-05
827,1,1,1,38:59.4,38:59.4,00:00.0,1.20E-05
828,1,1,1,38:59.4,38:59.4,00:00.0,1.30E-05
829,1,1,1,38:59.4,38:59.4,00:00.0,1.20E-05
830,1,1,1,38:59.4,38:59.4,00:00.0,1.30E-05
831,1,1,1,38:59.4,38:59.4,00:00.0,1.30E-05
832,1,1,1,38:59.4,38:59.4,00:00.0,1.20E-05
833,1,1,1,38:59.4,38:59.4,00:00.0,1.30E-05
834,1,1,1,38:59.4,38:59.4,00:00.0,1.20E-05
835,1,1,1,38:59.4,38:59.4,00:00.0,1.30E-05
836,1,1,1,38:59.4,38:59.4,00:00.0,1.20E-05
837,1,1,1,38:59.4,38:59.4,00:00.0,1.20E-05
838,1,1,1,38:59.4,38:59.4,00:00.0,1.80E-05
839,1,1,1,38:59.4,38:59.4,00:00.0,1.30E-05
840,1,1,1,38:59.4,38:59.4,00:00.0,1.30E-05
841,1,1,1,38:59.4,38:59.4,00:00.0,1.20E-05
842,1,1,1,38:59.4,38:59.4,00:00.0,1.30E-05
843,1,1,1,38:59.4,38:59.4,00:00.0,1.30E-05
844,1,1,1,38:59.4,38:59.4,00:00.0,1.20E-05
845,1,1,1,38:59.4,38:59.4,00:00.0,1.30E-05
846,1,1,1,38:59.4,38:59.4,00:00.0,1.30E-05
847,1,1,1,38:59.4,38:59.4,00:00.0,1.20E-05
848,1,1,1,38:59.4,38:59.4,00:00.0,1.20E-05
849,1,1,1,38:59.4,38:59.4,00:00.0,1.30E-05
850,1,1,1,38:59.4,38:59.4,00:00.0,1.40E-05
851,1,1,1,38:59.4,38:59.4,00:00.0,1.20E-05
852,1,1,1,38:59.4,38:59.4,00:00.0,1.30E-05
853,1,1,1,38:59.4,38:59.4,00:00.0,1.20E-05
854,1,1,1,38:59.4,38:59.4,00:00.0,1.30E-05
855,1,1,1,38:59.4,38:59.4,00:00.0,1.30E-05
856,1,1,1,38:59.4,38:59.4,00:00.0,1.30E-05
857,1,1,1,38:59.4,38:59.4,00:00.0,6.40E-05
858,1,1,1,38:59.4,38:59.4,00:00.0,4.20E-05
859,1,1,1,38:59.4,38:59.4,00:00.0,3.10E-05
860,1,1,1,38:59.4,38:59.4,00:00.0,2.20E-05
861,1,1,1,38:59.4,38:59.4,00:00.0,2.10E-05
862,1,1,1,38:59.4,38:59.4,00:00.0,2.10E-05
863,1,1,1,38:59.4,38:59.4,00:00.0,2.00E-05
864,1,1,1,38:59.4,38:59.4,00:00.0,2.00E-05
865,1,1,1,38:59.4,38:59.4,00:00.0,2.00E-05
866,1,1,1,38:59.4,38:59.4,00:00.0,2.40E-05
867,1,1,1,38:59.4,38:59.4,00:00.0,3.50E-05
868,1,1,1,38:59.4,38:59.4,00:00.0,1.70E-05
869,1,1,1,38:59.4,38:59.4,00:00.0,1.20E-05
870,1,1,1,38:59.4,38:59.4,00:00.0,1.40E-05
871,1,1,1,38:59.4,38:59.4,00:00.0,1.20E-05
872,1,1,1,38:59.4,38:59.4,00:00.0,1.30E-05
873,1,1,1,38:59.4,38:59.4,00:00.0,1.30E-05
874,1,1,1,38:59.4,38:59.4,00:00.0,1.30E-05
875,1,1,1,38:59.4,38:59.4,00:00.0,1.30E-05
876,1,1,1,38:59.4,38:59.4,00:00.0,1.20E-05
877,1,1,1,38:59.4,38:59.4,00:00.0,1.90E-05
878,1,1,1,38:59.4,38:59.4,00:00.0,5.40E-05
879,1,1,1,38:59.4,38:59.4,00:00.0,4.10E-05
880,1,1,1,38:59.4,38:59.4,00:00.0,3.00E-05
881,1,1,1,38:59.4,38:59.4,00:00.0,2.00E-05
882,1,1,1,38:59.4,38:59.4,00:00.0,1.80E-05
883,1,1,1,38:59.4,38:59.4,00:00.0,1.90E-05
884,1,1,1,38:59.4,38:59.4,00:00.0,2.00E-05
885,1,1,1,38:59.4,38:59.4,00:00.0,2.10E-05
886,1,1,1,38:59.4,38:59.4,00:00.0,2.00E-05
887,1,1,1,38:59.4,38:59.4,00:00.0,4.00E-05
888,1,1,1,38:59.4,38:59.4,00:00.0,6.80E-05
889,1,1,1,38:59.4,38:59.4,00:00.0,5.10E-05
890,1,1,1,38:59.4,38:59.4,00:00.0,1.70E-05
891,1,1,1,38:59.4,38:59.4,00:00.0,1.30E-05
892,1,1,1,38:59.4,38:59.4,00:00.0,1.20E-05
893,1,1,1,38:59.4,38:59.4,00:00.0,1.30E-05
894,1,1,1,38:59.4,38:59.4,00:00.0,1.20E-05
895,1,1,1,38:59.4,38:59.4,00:00.0,1.30E-05
896,1,1,1,38:59.4,38:59.4,00:00.0,1.30E-05
897,1,1,1,38:59.4,38:59.4,00:00.0,1.20E-05
898,1,1,1,38:59.4,38:59.4,00:00.0,1.30E-05
899,1,1,1,38:59.4,38:59.4,00:00.0,1.80E-05
900,1,1,1,38:59.4,38:59.4,00:00.0,1.70E-05
901,1,1,1,38:59.4,38:59.4,00:00.0,1.70E-05
902,1,1,1,38:59.4,38:59.4,00:00.0,2.50E-05
903,1,1,1,38:59.4,38:59.4,00:00.0,3.60E-05
904,1,1,1,38:59.4,38:59.4,00:00.0,2.90E-05
905,1,1,1,38:59.4,38:59.4,00:00.0,1.30E-05
906,1,1,1,38:59.4,38:59.4,00:00.0,1.30E-05
907,1,1,1,38:59.4,38:59.4,00:00.0,1.20E-05
908,1,1,1,38:59.4,38:59.4,00:00.0,1.40E-05
909,1,1,1,38:59.4,38:59.4,00:00.0,1.30E-05
910,1,1,1,38:59.4,38:59.4,00:00.0,1.40E-05
911,1,1,1,38:59.4,38:59.4,00:00.0,1.40E-05
912,1,1,1,38:59.4,38:59.4,00:00.0,1.40E-05
913,1,1,1,38:59.4,38:59.4,00:00.0,1.50E-05
914,1,1,1,38:59.4,38:59.4,00:00.0,1.40E-05
915,1,1,1,38:59.4,38:59.4,00:00.0,1.40E-05
916,1,1,1,38:59.4,38:59.4,00:00.0,2.20E-05
917,1,1,1,38:59.4,38:59.4,00:00.0,1.30E-05
918,1,1,1,38:59.4,38:59.4,00:00.0,1.40E-05
919,1,1,1,38:59.4,38:59.4,00:00.0,2.80E-05
920,1,1,1,38:59.4,38:59.4,00:00.0,3.00E-05
921,1,1,1,38:59.4,38:59.4,00:00.0,1.60E-05
922,1,1,1,38:59.4,38:59.4,00:00.0,1.80E-05
923,1,1,1,38:59.4,38:59.4,00:00.0,1.40E-05
924,1,1,1,38:59.4,38:59.4,00:00.0,3.10E-05
925,1,1,1,38:59.4,38:59.4,00:00.0,2.90E-05
926,1,1,1,38:59.4,38:59.4,00:00.0,2.00E-05
927,1,1,1,38:59.4,38:59.4,00:00.0,2.10E-05
928,1,1,1,38:59.4,38:59.4,00:00.0,1.30E-05
929,1,1,1,38:59.4,38:59.4,00:00.0,6.30E-05
930,1,1,1,38:59.4,38:59.4,00:00.0,1.30E-05
931,1,1,1,38:59.4,38:59.4,00:00.0,3.10E-05
932,1,1,1,38:59.4,38:59.4,00:00.0,2.10E-05
933,1,1,1,38:59.4,38:59.4,00:00.0,1.40E-05
934,1,1,1,38:59.4,38:59.4,00:00.0,1.20E-05
935,1,1,1,38:59.4,38:59.4,00:00.0,1.40E-05
936,1,1,1,38:59.4,38:59.4,00:00.0,1.30E-05
937,1,1,1,38:59.4,38:59.4,00:00.0,1.30E-05
938,1,1,1,38:59.4,38:59.4,00:00.0,1.20E-05
939,1,1,1,38:59.4,38:59.4,00:00.0,1.30E-05
940,1,1,1,38:59.4,38:59.4,00:00.0,1.30E-05
941,1,1,1,38:59.4,38:59.4,00:00.0,1.20E-05
942,1,1,1,38:59.4,38:59.4,00:00.0,1.30E-05
943,1,1,1,38:59.4,38:59.4,00:00.0,1.20E-05
944,1,1,1,38:59.4,38:59.4,00:00.0,1.30E-05
945,1,1,1,38:59.4,38:59.4,00:00.0,1.30E-05
946,1,1,1,38:59.4,38:59.4,00:00.0,1.30E-05
947,1,1,1,38:59.4,38:59.4,00:00.0,1.30E-05
948,1,1,1,38:59.4,38:59.4,00:00.0,1.20E-05
949,1,1,1,38:59.4,38:59.4,00:00.0,1.30E-05
950,1,1,1,38:59.4,38:59.4,00:00.0,1.20E-05
951,1,1,1,38:59.4,38:59.4,00:00.0,1.30E-05
952,1,1,1,38:59.4,38:59.4,00:00.0,1.30E-05
953,1,1,1,38:59.4,38:59.4,00:00.0,1.40E-05
954,1,1,1,38:59.4,38:59.4,00:00.0,1.70E-05
955,1,1,1,38:59.4,38:59.4,00:00.0,3.40E-05
956,1,1,1,38:59.4,38:59.4,00:00.0,4.00E-05
957,1,1,1,38:59.4,38:59.4,00:00.0,4.00E-05
958,1,1,1,38:59.4,38:59.4,00:00.0,3.00E-05
959,1,1,1,38:59.4,38:59.4,00:00.0,3.10E-05
960,1,1,1,38:59.4,38:59.4,00:00.0,2.40E-05
961,1,1,1,38:59.4,38:59.4,00:00.0,1.50E-05
962,1,1,1,38:59.4,38:59.4,00:00.0,1.50E-05
963,1,1,1,38:59.4,38:59.4,00:00.0,1.40E-05
964,1,1,1,38:59.4,38:59.4,00:00.0,7.30E-05
965,1,1,1,38:59.4,38:59.4,00:00.0,1.50E-05
966,1,1,1,38:59.4,38:59.4,00:00.0,1.30E-05
967,1,1,1,38:59.4,38:59.4,00:00.0,1.20E-05
968,1,1,1,38:59.4,38:59.4,00:00.0,1.30E-05
969,1,1,1,38:59.4,38:59.4,00:00.0,1.30E-05
970,1,1,1,38:59.4,38:59.4,00:00.0,1.30E-05
971,1,1,1,38:59.4,38:59.4,00:00.0,1.20E-05
972,1,1,1,38:59.4,38:59.4,00:00.0,1.30E-05
973,1,1,1,38:59.4,38:59.4,00:00.0,1.20E-05
974,1,1,1,38:59.4,38:59.4,00:00.0,1.30E-05
975,1,1,1,38:59.4,38:59.4,00:00.0,1.20E-05
976,1,1,1,38:59.4,38:59.4,00:00.0,1.30E-05
977,1,1,1,38:59.4,38:59.4,00:00.0,1.20E-05
978,1,1,1,38:59.4,38:59.4,00:00.0,1.30E-05
979,1,1,1,38:59.4,38:59.4,00:00.0,1.20E-05
980,1,1,1,38:59.4,38:59.4,00:00.0,1.30E-05
981,1,1,1,38:59.4,38:59.4,00:00.0,1.30E-05
982,1,1,1,38:59.4,38:59.4,00:00.0,1.30E-05
983,1,1,1,38:59.4,38:59.4,00:00.0,1.20E-05
984,1,1,1,38:59.4,38:59.4,00:00.0,1.30E-05
985,1,1,1,38:59.4,38:59.4,00:00.0,1.20E-05
986,1,1,1,38:59.4,38:59.4,00:00.0,1.30E-05
987,1,1,1,38:59.4,38:59.4,00:00.0,1.20E-05
988,1,1,1,38:59.4,38:59.4,00:00.0,1.70E-05
989,1,1,1,38:59.4,38:59.4,00:00.0,1.30E-05
990,1,1,1,38:59.4,38:59.4,00:00.0,1.30E-05
991,1,1,1,38:59.4,38:59.4,00:00.0,3.50E-05
992,1,1,1,38:59.4,38:59.4,00:00.0,1.80E-05
993,1,1,1,38:59.4,38:59.4,00:00.0,1.30E-05
994,1,1,1,38:59.4,38:59.4,00:00.0,1.20E-05
995,1,1,1,38:59.4,38:59.4,00:00.0,1.80E-05
996,1,1,1,38:59.4,38:59.4,00:00.0,1.30E-05
997,1,1,1,38:59.4,38:59.4,00:00.0,1.30E-05
998,1,1,1,38:59.4,38:59.4,00:00.0,1.30E-05
999,1,1,1,38:59.4,38:59.4,00:00.0,1.20E-05
1000,1,1,1,38:59.4,38:59.4,00:00.0,-1.53E-02