Label Identifying Reader Id,Write Message timestamp,Read Start Timestamp,Read Finish Timestamp
reader1,2021-04-18 01:59:39.003072,2021-04-18 01:59:39.006278,2021-04-18 01:59:39.017523
reader1,2021-04-18 01:59:39.017859,2021-04-18 01:59:39.019038,2021-04-18 01:59:39.021294
reader1,2021-04-18 01:59:39.017859,2021-04-18 01:59:39.021508,2021-04-18 01:59:39.023997
reader1,2021-04-18 01:59:39.021837,2021-04-18 01:59:39.024193,2021-04-18 01:59:39.025463
reader1,2021-04-18 01:59:39.025700,2021-04-18 01:59:39.025889,2021-04-18 01:59:39.027174
reader1,2021-04-18 01:59:39.025700,2021-04-18 01:59:39.027301,2021-04-18 01:59:39.028441
reader1,2021-04-18 01:59:39.028696,2021-04-18 01:59:39.028887,2021-04-18 01:59:39.030242
reader1,2021-04-18 01:59:39.028696,2021-04-18 01:59:39.030483,2021-04-18 01:59:39.032106
reader1,2021-04-18 01:59:39.032199,2021-04-18 01:59:39.041005,2021-04-18 01:59:39.043304
reader1,2021-04-18 01:59:39.043540,2021-04-18 01:59:39.044582,2021-04-18 01:59:39.046157
reader1,2021-04-18 01:59:39.046344,2021-04-18 01:59:39.046547,2021-04-18 01:59:39.048157
reader1,2021-04-18 01:59:39.046344,2021-04-18 01:59:39.048397,2021-04-18 01:59:39.051169
reader1,2021-04-18 01:59:39.048705,2021-04-18 01:59:39.051446,2021-04-18 01:59:39.053046
reader1,2021-04-18 01:59:39.053090,2021-04-18 01:59:39.053253,2021-04-18 01:59:39.054870
reader1,2021-04-18 01:59:39.053090,2021-04-18 01:59:39.055107,2021-04-18 01:59:39.056332
reader1,2021-04-18 01:59:39.056373,2021-04-18 01:59:39.056587,2021-04-18 01:59:39.068228
reader1,2021-04-18 01:59:39.056373,2021-04-18 01:59:39.068272,2021-04-18 01:59:39.070985
reader1,2021-04-18 01:59:39.069243,2021-04-18 01:59:39.071010,2021-04-18 01:59:39.073539
reader1,2021-04-18 01:59:39.069243,2021-04-18 01:59:39.074016,2021-04-18 01:59:39.076723
reader1,2021-04-18 01:59:39.074885,2021-04-18 01:59:39.076774,2021-04-18 01:59:39.079079
reader1,2021-04-18 01:59:39.079138,2021-04-18 01:59:39.079349,2021-04-18 01:59:39.082832
reader1,2021-04-18 01:59:39.079138,2021-04-18 01:59:39.082859,2021-04-18 01:59:39.084603
reader1,2021-04-18 01:59:39.079138,2021-04-18 01:59:39.084721,2021-04-18 01:59:39.086051
reader1,2021-04-18 01:59:39.085335,2021-04-18 01:59:39.086070,2021-04-18 01:59:39.087409
reader1,2021-04-18 01:59:39.085335,2021-04-18 01:59:39.087531,2021-04-18 01:59:39.088638
reader1,2021-04-18 01:59:39.085335,2021-04-18 01:59:39.088706,2021-04-18 01:59:39.089911
reader1,2021-04-18 01:59:39.088781,2021-04-18 01:59:39.089931,2021-04-18 01:59:39.092172
reader1,2021-04-18 01:59:39.088781,2021-04-18 01:59:39.092230,2021-04-18 01:59:39.093911
reader1,2021-04-18 01:59:39.088781,2021-04-18 01:59:39.093934,2021-04-18 01:59:39.095585
reader1,2021-04-18 01:59:39.094802,2021-04-18 01:59:39.095604,2021-04-18 01:59:39.097079
reader1,2021-04-18 01:59:39.094802,2021-04-18 01:59:39.097100,2021-04-18 01:59:39.098308
reader1,2021-04-18 01:59:39.094802,2021-04-18 01:59:39.098387,2021-04-18 01:59:39.099412
reader1,2021-04-18 01:59:39.098481,2021-04-18 01:59:39.099429,2021-04-18 01:59:39.101477
reader1,2021-04-18 01:59:39.098481,2021-04-18 01:59:39.101607,2021-04-18 01:59:39.102918
reader1,2021-04-18 01:59:39.098481,2021-04-18 01:59:39.102940,2021-04-18 01:59:39.105244
reader1,2021-04-18 01:59:39.103007,2021-04-18 01:59:39.105270,2021-04-18 01:59:39.106765
reader1,2021-04-18 01:59:39.103007,2021-04-18 01:59:39.106875,2021-04-18 01:59:39.107995
reader1,2021-04-18 01:59:39.103007,2021-04-18 01:59:39.108078,2021-04-18 01:59:39.109098
reader1,2021-04-18 01:59:39.108158,2021-04-18 01:59:39.109115,2021-04-18 01:59:39.110448
reader1,2021-04-18 01:59:39.108158,2021-04-18 01:59:39.110500,2021-04-18 01:59:39.111573
reader1,2021-04-18 01:59:39.108158,2021-04-18 01:59:39.111593,2021-04-18 01:59:39.112645
reader1,2021-04-18 01:59:39.112190,2021-04-18 01:59:39.112663,2021-04-18 01:59:39.114100
reader1,2021-04-18 01:59:39.112190,2021-04-18 01:59:39.114117,2021-04-18 01:59:39.115521
reader1,2021-04-18 01:59:39.112190,2021-04-18 01:59:39.115601,2021-04-18 01:59:39.117602
reader1,2021-04-18 01:59:39.116894,2021-04-18 01:59:39.117620,2021-04-18 01:59:39.130395
reader1,2021-04-18 01:59:39.116894,2021-04-18 01:59:39.130506,2021-04-18 01:59:39.134085
reader1,2021-04-18 01:59:39.130864,2021-04-18 01:59:39.134169,2021-04-18 01:59:39.135631
reader1,2021-04-18 01:59:39.130864,2021-04-18 01:59:39.135652,2021-04-18 01:59:39.136648
reader1,2021-04-18 01:59:39.135885,2021-04-18 01:59:39.136961,2021-04-18 01:59:39.140399
reader1,2021-04-18 01:59:39.135885,2021-04-18 01:59:39.140457,2021-04-18 01:59:39.145220
reader1,2021-04-18 01:59:39.143976,2021-04-18 01:59:39.145235,2021-04-18 01:59:39.162273
reader1,2021-04-18 01:59:39.148420,2021-04-18 01:59:39.162347,2021-04-18 01:59:39.165112
reader1,2021-04-18 01:59:39.148420,2021-04-18 01:59:39.165333,2021-04-18 01:59:39.170647
reader1,2021-04-18 01:59:39.168851,2021-04-18 01:59:39.170786,2021-04-18 01:59:39.173816
reader1,2021-04-18 01:59:39.168851,2021-04-18 01:59:39.173917,2021-04-18 01:59:39.176423
reader1,2021-04-18 01:59:39.168851,2021-04-18 01:59:39.176449,2021-04-18 01:59:39.182968
reader1,2021-04-18 01:59:39.176659,2021-04-18 01:59:39.183108,2021-04-18 01:59:39.185465
reader1,2021-04-18 01:59:39.176659,2021-04-18 01:59:39.185594,2021-04-18 01:59:39.186786
reader1,2021-04-18 01:59:39.185737,2021-04-18 01:59:39.186845,2021-04-18 01:59:39.188895
reader1,2021-04-18 01:59:39.185737,2021-04-18 01:59:39.188975,2021-04-18 01:59:39.191127
reader1,2021-04-18 01:59:39.185737,2021-04-18 01:59:39.191255,2021-04-18 01:59:39.192731
reader1,2021-04-18 01:59:39.191656,2021-04-18 01:59:39.192787,2021-04-18 01:59:39.194639
reader1,2021-04-18 01:59:39.191656,2021-04-18 01:59:39.194814,2021-04-18 01:59:39.196439
reader1,2021-04-18 01:59:39.195825,2021-04-18 01:59:39.196497,2021-04-18 01:59:39.197667
reader1,2021-04-18 01:59:39.195825,2021-04-18 01:59:39.197820,2021-04-18 01:59:39.199364
reader1,2021-04-18 01:59:39.195825,2021-04-18 01:59:39.199478,2021-04-18 01:59:39.200687
reader1,2021-04-18 01:59:39.199626,2021-04-18 01:59:39.200745,2021-04-18 01:59:39.202500
reader1,2021-04-18 01:59:39.199626,2021-04-18 01:59:39.202676,2021-04-18 01:59:39.204879
reader1,2021-04-18 01:59:39.202990,2021-04-18 01:59:39.204965,2021-04-18 01:59:39.208843
reader1,2021-04-18 01:59:39.202990,2021-04-18 01:59:39.209149,2021-04-18 01:59:39.217929
reader1,2021-04-18 01:59:39.209449,2021-04-18 01:59:39.217959,2021-04-18 01:59:39.231276
reader1,2021-04-18 01:59:39.219765,2021-04-18 01:59:39.231303,2021-04-18 01:59:39.232779
reader1,2021-04-18 01:59:39.219765,2021-04-18 01:59:39.232799,2021-04-18 01:59:39.233661
reader1,2021-04-18 01:59:39.219765,2021-04-18 01:59:39.233679,2021-04-18 01:59:39.234889
reader1,2021-04-18 01:59:39.219765,2021-04-18 01:59:39.234905,2021-04-18 01:59:39.235834
reader1,2021-04-18 01:59:39.235022,2021-04-18 01:59:39.235854,2021-04-18 01:59:39.238725
reader1,2021-04-18 01:59:39.235022,2021-04-18 01:59:39.238760,2021-04-18 01:59:39.253510
reader1,2021-04-18 01:59:39.244492,2021-04-18 01:59:39.253603,2021-04-18 01:59:39.258006
reader1,2021-04-18 01:59:39.244492,2021-04-18 01:59:39.258029,2021-04-18 01:59:39.260346
reader1,2021-04-18 01:59:39.259467,2021-04-18 01:59:39.260363,2021-04-18 01:59:39.267788
reader1,2021-04-18 01:59:39.266986,2021-04-18 01:59:39.267807,2021-04-18 01:59:39.270338
reader1,2021-04-18 01:59:39.269324,2021-04-18 01:59:39.270354,2021-04-18 01:59:39.284206
reader1,2021-04-18 01:59:39.272992,2021-04-18 01:59:39.284294,2021-04-18 01:59:39.286307
reader1,2021-04-18 01:59:39.272992,2021-04-18 01:59:39.286326,2021-04-18 01:59:39.290416
reader1,2021-04-18 01:59:39.272992,2021-04-18 01:59:39.290445,2021-04-18 01:59:39.293669
reader1,2021-04-18 01:59:39.272992,2021-04-18 01:59:39.293694,2021-04-18 01:59:39.295365
reader1,2021-04-18 01:59:39.293883,2021-04-18 01:59:39.295384,2021-04-18 01:59:39.299253
reader1,2021-04-18 01:59:39.297781,2021-04-18 01:59:39.299272,2021-04-18 01:59:39.301628
reader1,2021-04-18 01:59:39.300844,2021-04-18 01:59:39.301644,2021-04-18 01:59:39.319099
reader1,2021-04-18 01:59:39.316075,2021-04-18 01:59:39.319150,2021-04-18 01:59:39.322717
reader1,2021-04-18 01:59:39.316075,2021-04-18 01:59:39.322756,2021-04-18 01:59:39.325460
reader1,2021-04-18 01:59:39.316075,2021-04-18 01:59:39.325480,2021-04-18 01:59:39.327226
reader1,2021-04-18 01:59:39.316075,2021-04-18 01:59:39.327261,2021-04-18 01:59:39.328562
reader1,2021-04-18 01:59:39.327447,2021-04-18 01:59:39.328582,2021-04-18 01:59:39.330894
reader1,2021-04-18 01:59:39.327447,2021-04-18 01:59:39.331175,2021-04-18 01:59:39.332955
reader1,2021-04-18 01:59:39.327447,2021-04-18 01:59:39.333028,2021-04-18 01:59:39.336269
reader1,2021-04-18 01:59:39.333155,2021-04-18 01:59:39.336303,2021-04-18 01:59:39.339144
reader1,2021-04-18 01:59:39.333155,2021-04-18 01:59:39.339260,2021-04-18 01:59:39.342339
reader1,2021-04-18 01:59:39.340377,2021-04-18 01:59:39.342373,2021-04-18 01:59:39.344693
reader1,2021-04-18 01:59:39.340377,2021-04-18 01:59:39.344790,2021-04-18 01:59:39.346331
reader1,2021-04-18 01:59:39.340377,2021-04-18 01:59:39.346441,2021-04-18 01:59:39.347803
reader1,2021-04-18 01:59:39.346675,2021-04-18 01:59:39.347820,2021-04-18 01:59:39.348736
reader1,2021-04-18 01:59:39.346675,2021-04-18 01:59:39.349751,2021-04-18 01:59:39.351501
reader1,2021-04-18 01:59:39.346675,2021-04-18 01:59:39.351524,2021-04-18 01:59:39.352939
reader1,2021-04-18 01:59:39.352235,2021-04-18 01:59:39.352956,2021-04-18 01:59:39.354558
reader1,2021-04-18 01:59:39.352235,2021-04-18 01:59:39.354745,2021-04-18 01:59:39.356053
reader1,2021-04-18 01:59:39.356161,2021-04-18 01:59:39.356294,2021-04-18 01:59:39.362484
reader1,2021-04-18 01:59:39.356161,2021-04-18 01:59:39.362636,2021-04-18 01:59:39.364706
reader1,2021-04-18 01:59:39.356161,2021-04-18 01:59:39.364802,2021-04-18 01:59:39.365935
reader1,2021-04-18 01:59:39.365435,2021-04-18 01:59:39.366191,2021-04-18 01:59:39.367341
reader1,2021-04-18 01:59:39.365435,2021-04-18 01:59:39.367362,2021-04-18 01:59:39.368388
reader1,2021-04-18 01:59:39.365435,2021-04-18 01:59:39.368509,2021-04-18 01:59:39.370324
reader1,2021-04-18 01:59:39.368590,2021-04-18 01:59:39.370345,2021-04-18 01:59:39.371469
reader1,2021-04-18 01:59:39.368590,2021-04-18 01:59:39.371601,2021-04-18 01:59:39.373197
reader1,2021-04-18 01:59:39.368590,2021-04-18 01:59:39.373279,2021-04-18 01:59:39.377194
reader1,2021-04-18 01:59:39.373390,2021-04-18 01:59:39.377326,2021-04-18 01:59:39.381128
reader1,2021-04-18 01:59:39.373390,2021-04-18 01:59:39.381237,2021-04-18 01:59:39.388176
reader1,2021-04-18 01:59:39.381505,2021-04-18 01:59:39.388319,2021-04-18 01:59:39.391657
reader1,2021-04-18 01:59:39.381505,2021-04-18 01:59:39.391707,2021-04-18 01:59:39.393131
reader1,2021-04-18 01:59:39.392584,2021-04-18 01:59:39.393154,2021-04-18 01:59:39.394518
reader1,2021-04-18 01:59:39.392584,2021-04-18 01:59:39.394566,2021-04-18 01:59:39.395568
reader1,2021-04-18 01:59:39.392584,2021-04-18 01:59:39.395648,2021-04-18 01:59:39.396548
reader1,2021-04-18 01:59:39.395789,2021-04-18 01:59:39.396570,2021-04-18 01:59:39.397792
reader1,2021-04-18 01:59:39.395789,2021-04-18 01:59:39.397814,2021-04-18 01:59:39.398721
reader1,2021-04-18 01:59:39.395789,2021-04-18 01:59:39.398763,2021-04-18 01:59:39.399835
reader1,2021-04-18 01:59:39.398878,2021-04-18 01:59:39.399853,2021-04-18 01:59:39.401381
reader1,2021-04-18 01:59:39.398878,2021-04-18 01:59:39.401448,2021-04-18 01:59:39.409617
reader1,2021-04-18 01:59:39.406680,2021-04-18 01:59:39.409639,2021-04-18 01:59:39.411271
reader1,2021-04-18 01:59:39.406680,2021-04-18 01:59:39.411290,2021-04-18 01:59:39.413045
reader1,2021-04-18 01:59:39.412864,2021-04-18 01:59:39.413057,2021-04-18 01:59:39.415020
reader1,2021-04-18 01:59:39.412864,2021-04-18 01:59:39.415066,2021-04-18 01:59:39.416263
reader1,2021-04-18 01:59:39.415494,2021-04-18 01:59:39.416278,2021-04-18 01:59:39.417460
reader1,2021-04-18 01:59:39.415494,2021-04-18 01:59:39.417480,2021-04-18 01:59:39.419468
reader1,2021-04-18 01:59:39.417840,2021-04-18 01:59:39.419489,2021-04-18 01:59:39.420951
reader1,2021-04-18 01:59:39.417840,2021-04-18 01:59:39.420966,2021-04-18 01:59:39.423508
reader1,2021-04-18 01:59:39.417840,2021-04-18 01:59:39.423529,2021-04-18 01:59:39.425446
reader1,2021-04-18 01:59:39.423682,2021-04-18 01:59:39.425464,2021-04-18 01:59:39.426405
reader1,2021-04-18 01:59:39.423682,2021-04-18 01:59:39.426417,2021-04-18 01:59:39.427294
reader1,2021-04-18 01:59:39.423682,2021-04-18 01:59:39.427310,2021-04-18 01:59:39.434441
reader1,2021-04-18 01:59:39.427517,2021-04-18 01:59:39.434467,2021-04-18 01:59:39.437733
reader1,2021-04-18 01:59:39.436645,2021-04-18 01:59:39.437772,2021-04-18 01:59:39.443849
reader1,2021-04-18 01:59:39.443519,2021-04-18 01:59:39.443870,2021-04-18 01:59:39.446125
reader1,2021-04-18 01:59:39.445879,2021-04-18 01:59:39.446144,2021-04-18 01:59:39.447524
reader1,2021-04-18 01:59:39.445879,2021-04-18 01:59:39.447540,2021-04-18 01:59:39.448658
reader1,2021-04-18 01:59:39.445879,2021-04-18 01:59:39.448728,2021-04-18 01:59:39.450260
reader1,2021-04-18 01:59:39.449308,2021-04-18 01:59:39.450314,2021-04-18 01:59:39.451332
reader1,2021-04-18 01:59:39.449308,2021-04-18 01:59:39.451385,2021-04-18 01:59:39.452328
reader1,2021-04-18 01:59:39.449308,2021-04-18 01:59:39.452366,2021-04-18 01:59:39.453354
reader1,2021-04-18 01:59:39.452502,2021-04-18 01:59:39.453370,2021-04-18 01:59:39.454242
reader1,2021-04-18 01:59:39.452502,2021-04-18 01:59:39.454333,2021-04-18 01:59:39.455558
reader1,2021-04-18 01:59:39.454799,2021-04-18 01:59:39.455587,2021-04-18 01:59:39.457063
reader1,2021-04-18 01:59:39.454799,2021-04-18 01:59:39.457089,2021-04-18 01:59:39.459431
reader1,2021-04-18 01:59:39.454799,2021-04-18 01:59:39.459701,2021-04-18 01:59:39.468957
reader1,2021-04-18 01:59:39.459856,2021-04-18 01:59:39.469022,2021-04-18 01:59:39.471207
reader1,2021-04-18 01:59:39.471263,2021-04-18 01:59:39.471574,2021-04-18 01:59:39.473389
reader1,2021-04-18 01:59:39.471263,2021-04-18 01:59:39.473526,2021-04-18 01:59:39.474733
reader1,2021-04-18 01:59:39.473978,2021-04-18 01:59:39.474750,2021-04-18 01:59:39.475721
reader1,2021-04-18 01:59:39.473978,2021-04-18 01:59:39.475740,2021-04-18 01:59:39.477007
reader1,2021-04-18 01:59:39.477048,2021-04-18 01:59:39.477185,2021-04-18 01:59:39.478249
reader1,2021-04-18 01:59:39.477048,2021-04-18 01:59:39.478377,2021-04-18 01:59:39.479387
reader1,2021-04-18 01:59:39.478829,2021-04-18 01:59:39.479558,2021-04-18 01:59:39.480318
reader1,2021-04-18 01:59:39.478829,2021-04-18 01:59:39.480421,2021-04-18 01:59:39.481609
reader1,2021-04-18 01:59:39.481340,2021-04-18 01:59:39.481626,2021-04-18 01:59:39.482601
reader1,2021-04-18 01:59:39.481340,2021-04-18 01:59:39.482626,2021-04-18 01:59:39.483655
reader1,2021-04-18 01:59:39.481340,2021-04-18 01:59:39.483712,2021-04-18 01:59:39.484930
reader1,2021-04-18 01:59:39.483877,2021-04-18 01:59:39.485080,2021-04-18 01:59:39.486604
reader1,2021-04-18 01:59:39.483877,2021-04-18 01:59:39.486627,2021-04-18 01:59:39.487514
reader1,2021-04-18 01:59:39.486813,2021-04-18 01:59:39.487531,2021-04-18 01:59:39.490315
reader1,2021-04-18 01:59:39.486813,2021-04-18 01:59:39.490362,2021-04-18 01:59:39.497689
reader1,2021-04-18 01:59:39.491039,2021-04-18 01:59:39.497716,2021-04-18 01:59:39.499238
reader1,2021-04-18 01:59:39.491039,2021-04-18 01:59:39.499294,2021-04-18 01:59:39.501607
reader1,2021-04-18 01:59:39.500065,2021-04-18 01:59:39.501638,2021-04-18 01:59:39.504738
reader1,2021-04-18 01:59:39.500065,2021-04-18 01:59:39.504872,2021-04-18 01:59:39.507259
reader1,2021-04-18 01:59:39.505808,2021-04-18 01:59:39.507285,2021-04-18 01:59:39.508590
reader1,2021-04-18 01:59:39.505808,2021-04-18 01:59:39.508624,2021-04-18 01:59:39.510531
reader1,2021-04-18 01:59:39.505808,2021-04-18 01:59:39.510633,2021-04-18 01:59:39.512802
reader1,2021-04-18 01:59:39.511860,2021-04-18 01:59:39.512822,2021-04-18 01:59:39.514634
reader1,2021-04-18 01:59:39.511860,2021-04-18 01:59:39.514655,2021-04-18 01:59:39.516023
reader1,2021-04-18 01:59:39.515251,2021-04-18 01:59:39.516041,2021-04-18 01:59:39.517161
reader1,2021-04-18 01:59:39.515251,2021-04-18 01:59:39.517322,2021-04-18 01:59:39.518208
reader1,2021-04-18 01:59:39.515251,2021-04-18 01:59:39.518262,2021-04-18 01:59:39.519146
reader1,2021-04-18 01:59:39.518536,2021-04-18 01:59:39.519257,2021-04-18 01:59:39.521949
reader1,2021-04-18 01:59:39.518536,2021-04-18 01:59:39.521999,2021-04-18 01:59:39.524063
reader1,2021-04-18 01:59:39.523356,2021-04-18 01:59:39.524288,2021-04-18 01:59:39.525808
reader1,2021-04-18 01:59:39.523356,2021-04-18 01:59:39.525914,2021-04-18 01:59:39.527481
reader1,2021-04-18 01:59:39.523356,2021-04-18 01:59:39.527558,2021-04-18 01:59:39.528871
reader1,2021-04-18 01:59:39.528137,2021-04-18 01:59:39.528962,2021-04-18 01:59:39.530097
reader1,2021-04-18 01:59:39.528137,2021-04-18 01:59:39.530179,2021-04-18 01:59:39.531131
reader1,2021-04-18 01:59:39.530528,2021-04-18 01:59:39.531185,2021-04-18 01:59:39.532558
reader1,2021-04-18 01:59:39.530528,2021-04-18 01:59:39.532647,2021-04-18 01:59:39.534107
reader1,2021-04-18 01:59:39.530528,2021-04-18 01:59:39.534128,2021-04-18 01:59:39.535124
reader1,2021-04-18 01:59:39.534448,2021-04-18 01:59:39.535189,2021-04-18 01:59:39.536215
reader1,2021-04-18 01:59:39.534448,2021-04-18 01:59:39.536306,2021-04-18 01:59:39.537431
reader1,2021-04-18 01:59:39.534448,2021-04-18 01:59:39.537448,2021-04-18 01:59:39.538571
reader1,2021-04-18 01:59:39.538297,2021-04-18 01:59:39.538595,2021-04-18 01:59:39.539675
reader1,2021-04-18 01:59:39.538297,2021-04-18 01:59:39.539703,2021-04-18 01:59:39.540873
reader1,2021-04-18 01:59:39.538297,2021-04-18 01:59:39.540892,2021-04-18 01:59:39.541766
reader1,2021-04-18 01:59:39.541287,2021-04-18 01:59:39.541787,2021-04-18 01:59:39.542986
reader1,2021-04-18 01:59:39.541287,2021-04-18 01:59:39.543003,2021-04-18 01:59:39.544032
reader1,2021-04-18 01:59:39.541287,2021-04-18 01:59:39.544048,2021-04-18 01:59:39.545044
reader1,2021-04-18 01:59:39.544306,2021-04-18 01:59:39.545114,2021-04-18 01:59:39.546275
reader1,2021-04-18 01:59:39.544306,2021-04-18 01:59:39.546435,2021-04-18 01:59:39.547729
reader1,2021-04-18 01:59:39.544306,2021-04-18 01:59:39.547830,2021-04-18 01:59:39.548847
reader1,2021-04-18 01:59:39.548079,2021-04-18 01:59:39.548906,2021-04-18 01:59:39.549991
reader1,2021-04-18 01:59:39.548079,2021-04-18 01:59:39.550010,2021-04-18 01:59:39.552511
reader1,2021-04-18 01:59:39.548079,2021-04-18 01:59:39.552532,2021-04-18 01:59:39.553446
reader1,2021-04-18 01:59:39.548079,2021-04-18 01:59:39.553529,2021-04-18 01:59:39.554696
reader1,2021-04-18 01:59:39.548079,2021-04-18 01:59:39.554764,2021-04-18 01:59:39.555595
reader1,2021-04-18 01:59:39.548079,2021-04-18 01:59:39.555669,2021-04-18 01:59:39.556382
reader1,2021-04-18 01:59:39.548079,2021-04-18 01:59:39.556454,2021-04-18 01:59:39.557151
reader1,2021-04-18 01:59:39.548079,2021-04-18 01:59:39.557224,2021-04-18 01:59:39.557896
reader1,2021-04-18 01:59:39.548079,2021-04-18 01:59:39.557974,2021-04-18 01:59:39.558702
reader1,2021-04-18 01:59:39.548079,2021-04-18 01:59:39.558713,2021-04-18 01:59:39.559482
reader1,2021-04-18 01:59:39.548079,2021-04-18 01:59:39.559502,2021-04-18 01:59:39.560348
reader1,2021-04-18 01:59:39.548079,2021-04-18 01:59:39.560780,2021-04-18 01:59:39.563755
reader1,2021-04-18 01:59:39.561411,2021-04-18 01:59:39.563780,2021-04-18 01:59:39.564966
reader1,2021-04-18 01:59:39.561411,2021-04-18 01:59:39.564990,2021-04-18 01:59:39.566361
reader1,2021-04-18 01:59:39.561411,2021-04-18 01:59:39.566486,2021-04-18 01:59:39.567851
reader1,2021-04-18 01:59:39.567061,2021-04-18 01:59:39.567937,2021-04-18 01:59:39.568989
reader1,2021-04-18 01:59:39.567061,2021-04-18 01:59:39.569009,2021-04-18 01:59:39.570158
reader1,2021-04-18 01:59:39.569349,2021-04-18 01:59:39.570198,2021-04-18 01:59:39.571370
reader1,2021-04-18 01:59:39.569349,2021-04-18 01:59:39.571479,2021-04-18 01:59:39.572566
reader1,2021-04-18 01:59:39.569349,2021-04-18 01:59:39.572582,2021-04-18 01:59:39.573563
reader1,2021-04-18 01:59:39.572882,2021-04-18 01:59:39.573582,2021-04-18 01:59:39.574545
reader1,2021-04-18 01:59:39.572882,2021-04-18 01:59:39.574598,2021-04-18 01:59:39.576790
reader1,2021-04-18 01:59:39.575155,2021-04-18 01:59:39.576856,2021-04-18 01:59:39.577934
reader1,2021-04-18 01:59:39.575155,2021-04-18 01:59:39.577998,2021-04-18 01:59:39.579038
reader1,2021-04-18 01:59:39.575155,2021-04-18 01:59:39.579060,2021-04-18 01:59:39.581577
reader1,2021-04-18 01:59:39.579281,2021-04-18 01:59:39.581767,2021-04-18 01:59:39.583642
reader1,2021-04-18 01:59:39.583159,2021-04-18 01:59:39.583669,2021-04-18 01:59:39.584717
reader1,2021-04-18 01:59:39.583159,2021-04-18 01:59:39.584829,2021-04-18 01:59:39.585636
reader1,2021-04-18 01:59:39.583159,2021-04-18 01:59:39.585710,2021-04-18 01:59:39.586577
reader1,2021-04-18 01:59:39.583159,2021-04-18 01:59:39.586645,2021-04-18 01:59:39.587409
reader1,2021-04-18 01:59:39.583159,2021-04-18 01:59:39.587486,2021-04-18 01:59:39.588378
reader1,2021-04-18 01:59:39.583159,2021-04-18 01:59:39.588495,2021-04-18 01:59:39.590038
reader1,2021-04-18 01:59:39.583159,2021-04-18 01:59:39.590342,2021-04-18 01:59:39.592120
reader1,2021-04-18 01:59:39.583159,2021-04-18 01:59:39.592137,2021-04-18 01:59:39.593139
reader1,2021-04-18 01:59:39.583159,2021-04-18 01:59:39.593234,2021-04-18 01:59:39.594138
reader1,2021-04-18 01:59:39.583159,2021-04-18 01:59:39.594205,2021-04-18 01:59:39.595798
reader1,2021-04-18 01:59:39.583159,2021-04-18 01:59:39.595827,2021-04-18 01:59:39.598866
reader1,2021-04-18 01:59:39.596201,2021-04-18 01:59:39.598878,2021-04-18 01:59:39.600146
reader1,2021-04-18 01:59:39.596201,2021-04-18 01:59:39.600240,2021-04-18 01:59:39.601214
reader1,2021-04-18 01:59:39.596201,2021-04-18 01:59:39.601238,2021-04-18 01:59:39.602684
reader1,2021-04-18 01:59:39.602157,2021-04-18 01:59:39.602893,2021-04-18 01:59:39.604331
reader1,2021-04-18 01:59:39.602157,2021-04-18 01:59:39.604398,2021-04-18 01:59:39.606153
reader1,2021-04-18 01:59:39.602157,2021-04-18 01:59:39.606287,2021-04-18 01:59:39.607352
reader1,2021-04-18 01:59:39.606670,2021-04-18 01:59:39.607404,2021-04-18 01:59:39.608854
reader1,2021-04-18 01:59:39.606670,2021-04-18 01:59:39.608877,2021-04-18 01:59:39.610088
reader1,2021-04-18 01:59:39.606670,2021-04-18 01:59:39.610102,2021-04-18 01:59:39.611022
reader1,2021-04-18 01:59:39.610342,2021-04-18 01:59:39.611037,2021-04-18 01:59:39.611770
reader1,2021-04-18 01:59:39.610342,2021-04-18 01:59:39.611785,2021-04-18 01:59:39.613193
reader1,2021-04-18 01:59:39.610342,2021-04-18 01:59:39.613214,2021-04-18 01:59:39.614262
reader1,2021-04-18 01:59:39.613386,2021-04-18 01:59:39.614279,2021-04-18 01:59:39.615076
reader1,2021-04-18 01:59:39.613386,2021-04-18 01:59:39.615093,2021-04-18 01:59:39.616177
reader1,2021-04-18 01:59:39.613386,2021-04-18 01:59:39.616203,2021-04-18 01:59:39.617559
reader1,2021-04-18 01:59:39.616991,2021-04-18 01:59:39.617577,2021-04-18 01:59:39.619020
reader1,2021-04-18 01:59:39.616991,2021-04-18 01:59:39.619040,2021-04-18 01:59:39.619887
reader1,2021-04-18 01:59:39.616991,2021-04-18 01:59:39.619905,2021-04-18 01:59:39.620706
reader1,2021-04-18 01:59:39.616991,2021-04-18 01:59:39.620723,2021-04-18 01:59:39.622067
reader1,2021-04-18 01:59:39.621014,2021-04-18 01:59:39.622084,2021-04-18 01:59:39.623005
reader1,2021-04-18 01:59:39.621014,2021-04-18 01:59:39.623022,2021-04-18 01:59:39.623939
reader1,2021-04-18 01:59:39.621014,2021-04-18 01:59:39.623956,2021-04-18 01:59:39.624926
reader1,2021-04-18 01:59:39.621014,2021-04-18 01:59:39.624968,2021-04-18 01:59:39.626666
reader1,2021-04-18 01:59:39.625175,2021-04-18 01:59:39.626708,2021-04-18 01:59:39.628513
reader1,2021-04-18 01:59:39.627787,2021-04-18 01:59:39.628525,2021-04-18 01:59:39.629839
reader1,2021-04-18 01:59:39.627787,2021-04-18 01:59:39.629855,2021-04-18 01:59:39.630800
reader1,2021-04-18 01:59:39.630177,2021-04-18 01:59:39.630818,2021-04-18 01:59:39.631976
reader1,2021-04-18 01:59:39.630177,2021-04-18 01:59:39.632026,2021-04-18 01:59:39.633288
reader1,2021-04-18 01:59:39.630177,2021-04-18 01:59:39.633379,2021-04-18 01:59:39.635296
reader1,2021-04-18 01:59:39.634529,2021-04-18 01:59:39.635314,2021-04-18 01:59:39.636194
reader1,2021-04-18 01:59:39.634529,2021-04-18 01:59:39.636221,2021-04-18 01:59:39.637414
reader1,2021-04-18 01:59:39.634529,2021-04-18 01:59:39.637487,2021-04-18 01:59:39.640263
reader1,2021-04-18 01:59:39.637760,2021-04-18 01:59:39.640297,2021-04-18 01:59:39.641410
reader1,2021-04-18 01:59:39.637760,2021-04-18 01:59:39.641497,2021-04-18 01:59:39.642915
reader1,2021-04-18 01:59:39.642089,2021-04-18 01:59:39.642940,2021-04-18 01:59:39.644662
reader1,2021-04-18 01:59:39.642089,2021-04-18 01:59:39.644722,2021-04-18 01:59:39.645737
reader1,2021-04-18 01:59:39.645148,2021-04-18 01:59:39.648979,2021-04-18 01:59:39.650344
reader1,2021-04-18 01:59:39.649091,2021-04-18 01:59:39.650359,2021-04-18 01:59:39.653167
reader1,2021-04-18 01:59:39.649091,2021-04-18 01:59:39.653224,2021-04-18 01:59:39.653998
reader1,2021-04-18 01:59:39.649091,2021-04-18 01:59:39.654096,2021-04-18 01:59:39.654962
reader1,2021-04-18 01:59:39.649091,2021-04-18 01:59:39.655050,2021-04-18 01:59:39.655898
reader1,2021-04-18 01:59:39.649091,2021-04-18 01:59:39.655950,2021-04-18 01:59:39.657135
reader1,2021-04-18 01:59:39.649091,2021-04-18 01:59:39.657385,2021-04-18 01:59:39.658251
reader1,2021-04-18 01:59:39.649091,2021-04-18 01:59:39.658267,2021-04-18 01:59:39.659243
reader1,2021-04-18 01:59:39.649091,2021-04-18 01:59:39.659261,2021-04-18 01:59:39.660262
reader1,2021-04-18 01:59:39.659434,2021-04-18 01:59:39.660291,2021-04-18 01:59:39.661309
reader1,2021-04-18 01:59:39.659434,2021-04-18 01:59:39.661328,2021-04-18 01:59:39.662377
reader1,2021-04-18 01:59:39.662440,2021-04-18 01:59:39.662767,2021-04-18 01:59:39.663826
reader1,2021-04-18 01:59:39.662440,2021-04-18 01:59:39.663849,2021-04-18 01:59:39.665844
reader1,2021-04-18 01:59:39.665707,2021-04-18 01:59:39.665859,2021-04-18 01:59:39.666844
reader1,2021-04-18 01:59:39.665707,2021-04-18 01:59:39.666859,2021-04-18 01:59:39.667925
reader1,2021-04-18 01:59:39.665707,2021-04-18 01:59:39.667943,2021-04-18 01:59:39.669560
reader1,2021-04-18 01:59:39.668216,2021-04-18 01:59:39.669580,2021-04-18 01:59:39.670945
reader1,2021-04-18 01:59:39.668216,2021-04-18 01:59:39.671033,2021-04-18 01:59:39.682602
reader1,2021-04-18 01:59:39.671628,2021-04-18 01:59:39.682665,2021-04-18 01:59:39.688796
reader1,2021-04-18 01:59:39.671628,2021-04-18 01:59:39.688870,2021-04-18 01:59:39.690883
reader1,2021-04-18 01:59:39.671628,2021-04-18 01:59:39.690950,2021-04-18 01:59:39.693035
reader1,2021-04-18 01:59:39.671628,2021-04-18 01:59:39.693108,2021-04-18 01:59:39.694375
reader1,2021-04-18 01:59:39.693360,2021-04-18 01:59:39.694391,2021-04-18 01:59:39.695347
reader1,2021-04-18 01:59:39.693360,2021-04-18 01:59:39.695363,2021-04-18 01:59:39.696106
reader1,2021-04-18 01:59:39.693360,2021-04-18 01:59:39.696117,2021-04-18 01:59:39.696983
reader1,2021-04-18 01:59:39.696264,2021-04-18 01:59:39.697023,2021-04-18 01:59:39.698017
reader1,2021-04-18 01:59:39.696264,2021-04-18 01:59:39.698036,2021-04-18 01:59:39.699081
reader1,2021-04-18 01:59:39.698485,2021-04-18 01:59:39.699130,2021-04-18 01:59:39.700093
reader1,2021-04-18 01:59:39.698485,2021-04-18 01:59:39.700166,2021-04-18 01:59:39.701187
reader1,2021-04-18 01:59:39.698485,2021-04-18 01:59:39.701221,2021-04-18 01:59:39.702273
reader1,2021-04-18 01:59:39.698485,2021-04-18 01:59:39.702289,2021-04-18 01:59:39.703113
reader1,2021-04-18 01:59:39.702443,2021-04-18 01:59:39.703178,2021-04-18 01:59:39.704024
reader1,2021-04-18 01:59:39.702443,2021-04-18 01:59:39.704048,2021-04-18 01:59:39.704910
reader1,2021-04-18 01:59:39.702443,2021-04-18 01:59:39.705035,2021-04-18 01:59:39.705915
reader1,2021-04-18 01:59:39.702443,2021-04-18 01:59:39.706024,2021-04-18 01:59:39.706928
reader1,2021-04-18 01:59:39.706140,2021-04-18 01:59:39.706981,2021-04-18 01:59:39.707844
reader1,2021-04-18 01:59:39.706140,2021-04-18 01:59:39.707998,2021-04-18 01:59:39.708887
reader1,2021-04-18 01:59:39.706140,2021-04-18 01:59:39.708902,2021-04-18 01:59:39.712573
reader1,2021-04-18 01:59:39.709069,2021-04-18 01:59:39.712635,2021-04-18 01:59:39.717889
reader1,2021-04-18 01:59:39.709069,2021-04-18 01:59:39.718180,2021-04-18 01:59:39.720360
reader1,2021-04-18 01:59:39.719239,2021-04-18 01:59:39.720374,2021-04-18 01:59:39.721976
reader1,2021-04-18 01:59:39.719239,2021-04-18 01:59:39.722023,2021-04-18 01:59:39.723585
reader1,2021-04-18 01:59:39.722560,2021-04-18 01:59:39.723607,2021-04-18 01:59:39.724405
reader1,2021-04-18 01:59:39.722560,2021-04-18 01:59:39.724439,2021-04-18 01:59:39.725352
reader1,2021-04-18 01:59:39.724885,2021-04-18 01:59:39.725368,2021-04-18 01:59:39.726307
reader1,2021-04-18 01:59:39.724885,2021-04-18 01:59:39.726322,2021-04-18 01:59:39.727270
reader1,2021-04-18 01:59:39.724885,2021-04-18 01:59:39.727285,2021-04-18 01:59:39.728613
reader1,2021-04-18 01:59:39.727748,2021-04-18 01:59:39.728765,2021-04-18 01:59:39.730426
reader1,2021-04-18 01:59:39.729804,2021-04-18 01:59:39.730437,2021-04-18 01:59:39.731539
reader1,2021-04-18 01:59:39.729804,2021-04-18 01:59:39.731571,2021-04-18 01:59:39.732594
reader1,2021-04-18 01:59:39.729804,2021-04-18 01:59:39.732610,2021-04-18 01:59:39.734146
reader1,2021-04-18 01:59:39.733245,2021-04-18 01:59:39.734159,2021-04-18 01:59:39.735083
reader1,2021-04-18 01:59:39.733245,2021-04-18 01:59:39.735214,2021-04-18 01:59:39.736114
reader1,2021-04-18 01:59:39.733245,2021-04-18 01:59:39.736167,2021-04-18 01:59:39.737351
reader1,2021-04-18 01:59:39.736674,2021-04-18 01:59:39.737362,2021-04-18 01:59:39.738262
reader1,2021-04-18 01:59:39.736674,2021-04-18 01:59:39.738314,2021-04-18 01:59:39.739157
reader1,2021-04-18 01:59:39.736674,2021-04-18 01:59:39.739249,2021-04-18 01:59:39.743264
reader1,2021-04-18 01:59:39.742837,2021-04-18 01:59:39.743615,2021-04-18 01:59:39.744788
reader1,2021-04-18 01:59:39.742837,2021-04-18 01:59:39.744861,2021-04-18 01:59:39.746330
reader1,2021-04-18 01:59:39.742837,2021-04-18 01:59:39.746393,2021-04-18 01:59:39.747092
reader1,2021-04-18 01:59:39.742837,2021-04-18 01:59:39.747156,2021-04-18 01:59:39.747896
reader1,2021-04-18 01:59:39.742837,2021-04-18 01:59:39.747960,2021-04-18 01:59:39.748629
reader1,2021-04-18 01:59:39.742837,2021-04-18 01:59:39.748744,2021-04-18 01:59:39.749488
reader1,2021-04-18 01:59:39.742837,2021-04-18 01:59:39.749551,2021-04-18 01:59:39.750273
reader1,2021-04-18 01:59:39.742837,2021-04-18 01:59:39.750336,2021-04-18 01:59:39.751016
reader1,2021-04-18 01:59:39.742837,2021-04-18 01:59:39.751079,2021-04-18 01:59:39.760781
reader1,2021-04-18 01:59:39.742837,2021-04-18 01:59:39.760916,2021-04-18 01:59:39.762800
reader1,2021-04-18 01:59:39.762881,2021-04-18 01:59:39.763253,2021-04-18 01:59:39.764496
reader1,2021-04-18 01:59:39.762881,2021-04-18 01:59:39.764617,2021-04-18 01:59:39.765664
reader1,2021-04-18 01:59:39.762881,2021-04-18 01:59:39.765887,2021-04-18 01:59:39.766933
reader1,2021-04-18 01:59:39.766057,2021-04-18 01:59:39.766996,2021-04-18 01:59:39.768047
reader1,2021-04-18 01:59:39.766057,2021-04-18 01:59:39.768262,2021-04-18 01:59:39.769451
reader1,2021-04-18 01:59:39.766057,2021-04-18 01:59:39.769669,2021-04-18 01:59:39.771522
reader1,2021-04-18 01:59:39.769509,2021-04-18 01:59:39.772234,2021-04-18 01:59:39.774850
reader1,2021-04-18 01:59:39.769509,2021-04-18 01:59:39.774985,2021-04-18 01:59:39.776056
reader1,2021-04-18 01:59:39.769509,2021-04-18 01:59:39.776166,2021-04-18 01:59:39.782921
reader1,2021-04-18 01:59:39.769509,2021-04-18 01:59:39.783005,2021-04-18 01:59:39.784634
reader1,2021-04-18 01:59:39.784013,2021-04-18 01:59:39.784699,2021-04-18 01:59:39.785661
reader1,2021-04-18 01:59:39.784013,2021-04-18 01:59:39.785725,2021-04-18 01:59:39.786828
reader1,2021-04-18 01:59:39.784013,2021-04-18 01:59:39.786895,2021-04-18 01:59:39.787954
reader1,2021-04-18 01:59:39.784013,2021-04-18 01:59:39.788019,2021-04-18 01:59:39.789140
reader1,2021-04-18 01:59:39.784013,2021-04-18 01:59:39.789196,2021-04-18 01:59:39.791262
reader1,2021-04-18 01:59:39.789664,2021-04-18 01:59:39.791319,2021-04-18 01:59:39.792349
reader1,2021-04-18 01:59:39.789664,2021-04-18 01:59:39.792405,2021-04-18 01:59:39.793372
reader1,2021-04-18 01:59:39.789664,2021-04-18 01:59:39.793428,2021-04-18 01:59:39.794390
reader1,2021-04-18 01:59:39.789664,2021-04-18 01:59:39.794446,2021-04-18 01:59:39.795518
reader1,2021-04-18 01:59:39.794693,2021-04-18 01:59:39.795704,2021-04-18 01:59:39.796881
reader1,2021-04-18 01:59:39.794693,2021-04-18 01:59:39.796936,2021-04-18 01:59:39.798415
reader1,2021-04-18 01:59:39.797710,2021-04-18 01:59:39.798470,2021-04-18 01:59:39.799774
reader1,2021-04-18 01:59:39.797710,2021-04-18 01:59:39.799830,2021-04-18 01:59:39.801037
reader1,2021-04-18 01:59:39.797710,2021-04-18 01:59:39.801093,2021-04-18 01:59:39.802302
reader1,2021-04-18 01:59:39.801369,2021-04-18 01:59:39.802358,2021-04-18 01:59:39.804882
reader1,2021-04-18 01:59:39.801369,2021-04-18 01:59:39.804902,2021-04-18 01:59:39.808364
reader1,2021-04-18 01:59:39.807001,2021-04-18 01:59:39.808389,2021-04-18 01:59:39.811153
reader1,2021-04-18 01:59:39.807001,2021-04-18 01:59:39.811231,2021-04-18 01:59:39.820660
reader1,2021-04-18 01:59:39.811846,2021-04-18 01:59:39.820715,2021-04-18 01:59:39.822395
reader1,2021-04-18 01:59:39.811846,2021-04-18 01:59:39.822449,2021-04-18 01:59:39.823801
reader1,2021-04-18 01:59:39.823328,2021-04-18 01:59:39.823818,2021-04-18 01:59:39.824860
reader1,2021-04-18 01:59:39.823328,2021-04-18 01:59:39.824878,2021-04-18 01:59:39.826021
reader1,2021-04-18 01:59:39.823328,2021-04-18 01:59:39.826039,2021-04-18 01:59:39.827031
reader1,2021-04-18 01:59:39.826616,2021-04-18 01:59:39.827047,2021-04-18 01:59:39.827983
reader1,2021-04-18 01:59:39.826616,2021-04-18 01:59:39.828000,2021-04-18 01:59:39.829149
reader1,2021-04-18 01:59:39.826616,2021-04-18 01:59:39.829234,2021-04-18 01:59:39.830553
reader1,2021-04-18 01:59:39.829656,2021-04-18 01:59:39.830569,2021-04-18 01:59:39.831743
reader1,2021-04-18 01:59:39.829656,2021-04-18 01:59:39.831823,2021-04-18 01:59:39.832856
reader1,2021-04-18 01:59:39.832440,2021-04-18 01:59:39.832873,2021-04-18 01:59:39.833881
reader1,2021-04-18 01:59:39.832440,2021-04-18 01:59:39.834043,2021-04-18 01:59:39.835239
reader1,2021-04-18 01:59:39.832440,2021-04-18 01:59:39.835322,2021-04-18 01:59:39.836574
reader1,2021-04-18 01:59:39.835569,2021-04-18 01:59:39.836642,2021-04-18 01:59:39.837708
reader1,2021-04-18 01:59:39.835569,2021-04-18 01:59:39.837809,2021-04-18 01:59:39.839156
reader1,2021-04-18 01:59:39.838643,2021-04-18 01:59:39.839174,2021-04-18 01:59:39.840574
reader1,2021-04-18 01:59:39.838643,2021-04-18 01:59:39.840593,2021-04-18 01:59:39.841852
reader1,2021-04-18 01:59:39.838643,2021-04-18 01:59:39.841916,2021-04-18 01:59:39.848512
reader1,2021-04-18 01:59:39.843814,2021-04-18 01:59:39.848535,2021-04-18 01:59:39.850412
reader1,2021-04-18 01:59:39.843814,2021-04-18 01:59:39.850508,2021-04-18 01:59:39.851947
reader1,2021-04-18 01:59:39.851167,2021-04-18 01:59:39.851967,2021-04-18 01:59:39.853862
reader1,2021-04-18 01:59:39.851167,2021-04-18 01:59:39.854025,2021-04-18 01:59:39.856504
reader1,2021-04-18 01:59:39.854245,2021-04-18 01:59:39.856672,2021-04-18 01:59:39.859206
reader1,2021-04-18 01:59:39.858284,2021-04-18 01:59:39.859229,2021-04-18 01:59:39.862657
reader1,2021-04-18 01:59:39.858284,2021-04-18 01:59:39.862761,2021-04-18 01:59:39.865051
reader1,2021-04-18 01:59:39.862997,2021-04-18 01:59:39.865182,2021-04-18 01:59:39.866648
reader1,2021-04-18 01:59:39.862997,2021-04-18 01:59:39.866733,2021-04-18 01:59:39.868071
reader1,2021-04-18 01:59:39.867020,2021-04-18 01:59:39.868089,2021-04-18 01:59:39.869511
reader1,2021-04-18 01:59:39.867020,2021-04-18 01:59:39.869596,2021-04-18 01:59:39.870717
reader1,2021-04-18 01:59:39.869884,2021-04-18 01:59:39.870736,2021-04-18 01:59:39.878325
reader1,2021-04-18 01:59:39.875361,2021-04-18 01:59:39.878346,2021-04-18 01:59:39.880100
reader1,2021-04-18 01:59:39.875361,2021-04-18 01:59:39.880121,2021-04-18 01:59:39.881489
reader1,2021-04-18 01:59:39.875361,2021-04-18 01:59:39.881575,2021-04-18 01:59:39.882802
reader1,2021-04-18 01:59:39.881839,2021-04-18 01:59:39.882970,2021-04-18 01:59:39.884303
reader1,2021-04-18 01:59:39.881839,2021-04-18 01:59:39.884323,2021-04-18 01:59:39.886094
reader1,2021-04-18 01:59:39.884479,2021-04-18 01:59:39.886214,2021-04-18 01:59:39.887513
reader1,2021-04-18 01:59:39.884479,2021-04-18 01:59:39.887531,2021-04-18 01:59:39.888632
reader1,2021-04-18 01:59:39.887664,2021-04-18 01:59:39.888741,2021-04-18 01:59:39.890143
reader1,2021-04-18 01:59:39.887664,2021-04-18 01:59:39.890162,2021-04-18 01:59:39.891647
reader1,2021-04-18 01:59:39.890302,2021-04-18 01:59:39.891798,2021-04-18 01:59:39.893342
reader1,2021-04-18 01:59:39.890302,2021-04-18 01:59:39.893391,2021-04-18 01:59:39.895094
reader1,2021-04-18 01:59:39.893866,2021-04-18 01:59:39.895112,2021-04-18 01:59:39.896037
reader1,2021-04-18 01:59:39.893866,2021-04-18 01:59:39.896108,2021-04-18 01:59:39.896927
reader1,2021-04-18 01:59:39.893866,2021-04-18 01:59:39.896948,2021-04-18 01:59:39.900709
reader1,2021-04-18 01:59:39.897172,2021-04-18 01:59:39.900799,2021-04-18 01:59:39.902481
reader1,2021-04-18 01:59:39.901810,2021-04-18 01:59:39.902504,2021-04-18 01:59:39.908701
reader1,2021-04-18 01:59:39.904144,2021-04-18 01:59:39.908723,2021-04-18 01:59:39.910461
reader1,2021-04-18 01:59:39.904144,2021-04-18 01:59:39.910482,2021-04-18 01:59:39.911956
reader1,2021-04-18 01:59:39.910946,2021-04-18 01:59:39.912243,2021-04-18 01:59:39.913447
reader1,2021-04-18 01:59:39.910946,2021-04-18 01:59:39.913463,2021-04-18 01:59:39.914726
reader1,2021-04-18 01:59:39.914185,2021-04-18 01:59:39.914765,2021-04-18 01:59:39.915947
reader1,2021-04-18 01:59:39.914185,2021-04-18 01:59:39.916011,2021-04-18 01:59:39.917272
reader1,2021-04-18 01:59:39.916714,2021-04-18 01:59:39.917391,2021-04-18 01:59:39.918451
reader1,2021-04-18 01:59:39.916714,2021-04-18 01:59:39.918524,2021-04-18 01:59:39.919875
reader1,2021-04-18 01:59:39.916714,2021-04-18 01:59:39.920050,2021-04-18 01:59:39.921184
reader1,2021-04-18 01:59:39.919980,2021-04-18 01:59:39.921345,2021-04-18 01:59:39.922346
reader1,2021-04-18 01:59:39.919980,2021-04-18 01:59:39.922362,2021-04-18 01:59:39.923355
reader1,2021-04-18 01:59:39.922852,2021-04-18 01:59:39.923474,2021-04-18 01:59:39.924473
reader1,2021-04-18 01:59:39.922852,2021-04-18 01:59:39.924491,2021-04-18 01:59:39.925689
reader1,2021-04-18 01:59:39.922852,2021-04-18 01:59:39.925818,2021-04-18 01:59:39.927087
reader1,2021-04-18 01:59:39.925999,2021-04-18 01:59:39.927154,2021-04-18 01:59:39.928047
reader1,2021-04-18 01:59:39.925999,2021-04-18 01:59:39.928067,2021-04-18 01:59:39.930152
reader1,2021-04-18 01:59:39.925999,2021-04-18 01:59:39.930173,2021-04-18 01:59:39.938838
reader1,2021-04-18 01:59:39.930287,2021-04-18 01:59:39.939081,2021-04-18 01:59:39.941072
reader1,2021-04-18 01:59:39.940169,2021-04-18 01:59:39.941259,2021-04-18 01:59:39.942326
reader1,2021-04-18 01:59:39.940169,2021-04-18 01:59:39.942363,2021-04-18 01:59:39.944128
reader1,2021-04-18 01:59:39.942939,2021-04-18 01:59:39.944354,2021-04-18 01:59:39.945426
reader1,2021-04-18 01:59:39.942939,2021-04-18 01:59:39.945441,2021-04-18 01:59:39.946289
reader1,2021-04-18 01:59:39.945666,2021-04-18 01:59:39.946300,2021-04-18 01:59:39.947322
reader1,2021-04-18 01:59:39.945666,2021-04-18 01:59:39.947358,2021-04-18 01:59:39.949075
reader1,2021-04-18 01:59:39.947980,2021-04-18 01:59:39.949101,2021-04-18 01:59:39.950535
reader1,2021-04-18 01:59:39.947980,2021-04-18 01:59:39.950562,2021-04-18 01:59:39.952041
reader1,2021-04-18 01:59:39.947980,2021-04-18 01:59:39.952092,2021-04-18 01:59:39.961271
reader1,2021-04-18 01:59:39.952551,2021-04-18 01:59:39.961297,2021-04-18 01:59:39.965366
reader1,2021-04-18 01:59:39.964006,2021-04-18 01:59:39.965379,2021-04-18 01:59:39.966513
reader1,2021-04-18 01:59:39.964006,2021-04-18 01:59:39.966524,2021-04-18 01:59:39.969910
reader1,2021-04-18 01:59:39.964006,2021-04-18 01:59:39.969929,2021-04-18 01:59:39.973904
reader1,2021-04-18 01:59:39.971816,2021-04-18 01:59:39.973982,2021-04-18 01:59:39.977124
reader1,2021-04-18 01:59:39.971816,2021-04-18 01:59:39.977253,2021-04-18 01:59:39.978311
reader1,2021-04-18 01:59:39.977566,2021-04-18 01:59:39.978330,2021-04-18 01:59:39.979245
reader1,2021-04-18 01:59:39.977566,2021-04-18 01:59:39.979301,2021-04-18 01:59:39.980168
reader1,2021-04-18 01:59:39.977566,2021-04-18 01:59:39.980224,2021-04-18 01:59:39.981395
reader1,2021-04-18 01:59:39.980497,2021-04-18 01:59:39.981437,2021-04-18 01:59:39.982337
reader1,2021-04-18 01:59:39.980497,2021-04-18 01:59:39.982356,2021-04-18 01:59:39.983111
reader1,2021-04-18 01:59:39.980497,2021-04-18 01:59:39.983178,2021-04-18 01:59:39.984176
reader1,2021-04-18 01:59:39.983318,2021-04-18 01:59:39.984345,2021-04-18 01:59:39.985298
reader1,2021-04-18 01:59:39.983318,2021-04-18 01:59:39.985318,2021-04-18 01:59:39.986299
reader1,2021-04-18 01:59:39.985566,2021-04-18 01:59:39.986318,2021-04-18 01:59:39.987347
reader1,2021-04-18 01:59:39.985566,2021-04-18 01:59:39.987495,2021-04-18 01:59:39.989460
reader1,2021-04-18 01:59:39.987940,2021-04-18 01:59:39.989586,2021-04-18 01:59:39.994805
reader1,2021-04-18 01:59:39.994543,2021-04-18 01:59:39.994819,2021-04-18 01:59:40.000512
reader1,2021-04-18 01:59:39.994543,2021-04-18 01:59:40.000537,2021-04-18 01:59:40.002325
reader1,2021-04-18 01:59:40.001323,2021-04-18 01:59:40.002517,2021-04-18 01:59:40.003589
reader1,2021-04-18 01:59:40.001323,2021-04-18 01:59:40.003605,2021-04-18 01:59:40.004371
reader1,2021-04-18 01:59:40.001323,2021-04-18 01:59:40.004384,2021-04-18 01:59:40.005261
reader1,2021-04-18 01:59:40.004521,2021-04-18 01:59:40.005272,2021-04-18 01:59:40.014140
reader1,2021-04-18 01:59:40.006515,2021-04-18 01:59:40.014178,2021-04-18 01:59:40.018874
reader1,2021-04-18 01:59:40.006515,2021-04-18 01:59:40.018989,2021-04-18 01:59:40.020034
reader1,2021-04-18 01:59:40.006515,2021-04-18 01:59:40.020113,2021-04-18 01:59:40.021193
reader1,2021-04-18 01:59:40.006515,2021-04-18 01:59:40.021344,2021-04-18 01:59:40.023809
reader1,2021-04-18 01:59:40.021446,2021-04-18 01:59:40.023831,2021-04-18 01:59:40.028906
reader1,2021-04-18 01:59:40.021446,2021-04-18 01:59:40.029594,2021-04-18 01:59:40.032457
reader1,2021-04-18 01:59:40.029880,2021-04-18 01:59:40.032534,2021-04-18 01:59:40.034568
reader1,2021-04-18 01:59:40.029880,2021-04-18 01:59:40.034859,2021-04-18 01:59:40.037535
reader1,2021-04-18 01:59:40.035322,2021-04-18 01:59:40.037610,2021-04-18 01:59:40.040664
reader1,2021-04-18 01:59:40.035322,2021-04-18 01:59:40.041102,2021-04-18 01:59:40.044716
reader1,2021-04-18 01:59:40.035322,2021-04-18 01:59:40.045537,2021-04-18 01:59:40.047728
reader1,2021-04-18 01:59:40.045833,2021-04-18 01:59:40.047837,2021-04-18 01:59:40.049613
reader1,2021-04-18 01:59:40.045833,2021-04-18 01:59:40.049774,2021-04-18 01:59:40.050941
reader1,2021-04-18 01:59:40.045833,2021-04-18 01:59:40.051010,2021-04-18 01:59:40.052411
reader1,2021-04-18 01:59:40.051103,2021-04-18 01:59:40.052478,2021-04-18 01:59:40.054537
reader1,2021-04-18 01:59:40.051103,2021-04-18 01:59:40.054637,2021-04-18 01:59:40.061991
reader1,2021-04-18 01:59:40.055284,2021-04-18 01:59:40.062146,2021-04-18 01:59:40.063511
reader1,2021-04-18 01:59:40.055284,2021-04-18 01:59:40.063532,2021-04-18 01:59:40.065524
reader1,2021-04-18 01:59:40.063821,2021-04-18 01:59:40.065543,2021-04-18 01:59:40.067628
reader1,2021-04-18 01:59:40.063821,2021-04-18 01:59:40.067801,2021-04-18 01:59:40.069021
reader1,2021-04-18 01:59:40.063821,2021-04-18 01:59:40.069156,2021-04-18 01:59:40.070465
reader1,2021-04-18 01:59:40.069232,2021-04-18 01:59:40.070559,2021-04-18 01:59:40.072713
reader1,2021-04-18 01:59:40.069232,2021-04-18 01:59:40.072917,2021-04-18 01:59:40.074773
reader1,2021-04-18 01:59:40.073160,2021-04-18 01:59:40.074840,2021-04-18 01:59:40.075799
reader1,2021-04-18 01:59:40.073160,2021-04-18 01:59:40.075950,2021-04-18 01:59:40.077021
reader1,2021-04-18 01:59:40.073160,2021-04-18 01:59:40.077095,2021-04-18 01:59:40.078048
reader1,2021-04-18 01:59:40.077164,2021-04-18 01:59:40.078103,2021-04-18 01:59:40.079388
reader1,2021-04-18 01:59:40.077164,2021-04-18 01:59:40.085072,2021-04-18 01:59:40.093711
reader1,2021-04-18 01:59:40.093740,2021-04-18 01:59:40.093960,2021-04-18 01:59:40.095871
reader1,2021-04-18 01:59:40.093740,2021-04-18 01:59:40.096136,2021-04-18 01:59:40.097940
reader1,2021-04-18 01:59:40.096407,2021-04-18 01:59:40.098231,2021-04-18 01:59:40.099372
reader1,2021-04-18 01:59:40.099392,2021-04-18 01:59:40.099538,2021-04-18 01:59:40.100967
reader1,2021-04-18 01:59:40.099392,2021-04-18 01:59:40.101271,2021-04-18 01:59:40.102550
reader1,2021-04-18 01:59:40.102592,2021-04-18 01:59:40.102759,2021-04-18 01:59:40.104801
reader1,2021-04-18 01:59:40.102592,2021-04-18 01:59:40.104948,2021-04-18 01:59:40.107273
reader1,2021-04-18 01:59:40.107478,2021-04-18 01:59:40.107653,2021-04-18 01:59:40.109288
reader1,2021-04-18 01:59:40.107478,2021-04-18 01:59:40.109596,2021-04-18 01:59:40.110945
reader1,2021-04-18 01:59:40.107478,2021-04-18 01:59:40.111015,2021-04-18 01:59:40.112647
reader1,2021-04-18 01:59:40.111151,2021-04-18 01:59:40.112712,2021-04-18 01:59:40.114256
reader1,2021-04-18 01:59:40.111151,2021-04-18 01:59:40.114521,2021-04-18 01:59:40.115565
reader1,2021-04-18 01:59:40.114828,2021-04-18 01:59:40.115629,2021-04-18 01:59:40.117090
reader1,2021-04-18 01:59:40.114828,2021-04-18 01:59:40.118487,2021-04-18 01:59:40.126401
reader1,2021-04-18 01:59:40.118576,2021-04-18 01:59:40.126432,2021-04-18 01:59:40.128553
reader1,2021-04-18 01:59:40.118576,2021-04-18 01:59:40.128670,2021-04-18 01:59:40.136161
reader1,2021-04-18 01:59:40.129701,2021-04-18 01:59:40.136231,2021-04-18 01:59:40.138060
reader1,2021-04-18 01:59:40.129701,2021-04-18 01:59:40.138219,2021-04-18 01:59:40.140738
reader1,2021-04-18 01:59:40.139133,2021-04-18 01:59:40.140854,2021-04-18 01:59:40.142182
reader1,2021-04-18 01:59:40.139133,2021-04-18 01:59:40.142374,2021-04-18 01:59:40.143791
reader1,2021-04-18 01:59:40.142999,2021-04-18 01:59:40.143849,2021-04-18 01:59:40.144908
reader1,2021-04-18 01:59:40.142999,2021-04-18 01:59:40.145070,2021-04-18 01:59:40.146194
reader1,2021-04-18 01:59:40.142999,2021-04-18 01:59:40.146343,2021-04-18 01:59:40.148667
reader1,2021-04-18 01:59:40.146467,2021-04-18 01:59:40.148740,2021-04-18 01:59:40.150192
reader1,2021-04-18 01:59:40.146467,2021-04-18 01:59:40.150285,2021-04-18 01:59:40.158181
reader1,2021-04-18 01:59:40.150952,2021-04-18 01:59:40.158349,2021-04-18 01:59:40.160206
reader1,2021-04-18 01:59:40.150952,2021-04-18 01:59:40.160229,2021-04-18 01:59:40.166402
reader1,2021-04-18 01:59:40.161001,2021-04-18 01:59:40.166477,2021-04-18 01:59:40.167729
reader1,2021-04-18 01:59:40.161001,2021-04-18 01:59:40.167978,2021-04-18 01:59:40.169373
reader1,2021-04-18 01:59:40.161001,2021-04-18 01:59:40.169507,2021-04-18 01:59:40.173207
reader1,2021-04-18 01:59:40.169614,2021-04-18 01:59:40.173325,2021-04-18 01:59:40.176162
reader1,2021-04-18 01:59:40.169614,2021-04-18 01:59:40.176437,2021-04-18 01:59:40.180597
reader1,2021-04-18 01:59:40.176844,2021-04-18 01:59:40.180831,2021-04-18 01:59:40.190548
reader1,2021-04-18 01:59:40.188798,2021-04-18 01:59:40.190576,2021-04-18 01:59:40.194335
reader1,2021-04-18 01:59:40.188798,2021-04-18 01:59:40.194449,2021-04-18 01:59:40.196147
reader1,2021-04-18 01:59:40.188798,2021-04-18 01:59:40.196178,2021-04-18 01:59:40.197470
reader1,2021-04-18 01:59:40.188798,2021-04-18 01:59:40.197488,2021-04-18 01:59:40.198619
reader1,2021-04-18 01:59:40.197843,2021-04-18 01:59:40.198753,2021-04-18 01:59:40.199623
reader1,2021-04-18 01:59:40.197843,2021-04-18 01:59:40.199731,2021-04-18 01:59:40.200732
reader1,2021-04-18 01:59:40.197843,2021-04-18 01:59:40.200839,2021-04-18 01:59:40.201833
reader1,2021-04-18 01:59:40.201333,2021-04-18 01:59:40.201851,2021-04-18 01:59:40.202874
reader1,2021-04-18 01:59:40.201333,2021-04-18 01:59:40.202968,2021-04-18 01:59:40.203867
reader1,2021-04-18 01:59:40.201333,2021-04-18 01:59:40.203882,2021-04-18 01:59:40.205466
reader1,2021-04-18 01:59:40.205135,2021-04-18 01:59:40.205488,2021-04-18 01:59:40.206841
reader1,2021-04-18 01:59:40.205135,2021-04-18 01:59:40.206854,2021-04-18 01:59:40.226066
reader1,2021-04-18 01:59:40.207818,2021-04-18 01:59:40.226106,2021-04-18 01:59:40.232001
reader1,2021-04-18 01:59:40.207818,2021-04-18 01:59:40.232121,2021-04-18 01:59:40.234452
reader1,2021-04-18 01:59:40.232459,2021-04-18 01:59:40.234559,2021-04-18 01:59:40.236283
reader1,2021-04-18 01:59:40.232459,2021-04-18 01:59:40.236508,2021-04-18 01:59:40.237779
reader1,2021-04-18 01:59:40.232459,2021-04-18 01:59:40.237927,2021-04-18 01:59:40.240749
reader1,2021-04-18 01:59:40.238037,2021-04-18 01:59:40.240818,2021-04-18 01:59:40.242396
reader1,2021-04-18 01:59:40.238037,2021-04-18 01:59:40.242493,2021-04-18 01:59:40.243944
reader1,2021-04-18 01:59:40.238037,2021-04-18 01:59:40.244114,2021-04-18 01:59:40.246615
reader1,2021-04-18 01:59:40.244204,2021-04-18 01:59:40.246638,2021-04-18 01:59:40.258517
reader1,2021-04-18 01:59:40.248175,2021-04-18 01:59:40.258544,2021-04-18 01:59:40.260592
reader1,2021-04-18 01:59:40.248175,2021-04-18 01:59:40.260701,2021-04-18 01:59:40.262081
reader1,2021-04-18 01:59:40.248175,2021-04-18 01:59:40.262210,2021-04-18 01:59:40.264085
reader1,2021-04-18 01:59:40.262323,2021-04-18 01:59:40.264237,2021-04-18 01:59:40.266706
reader1,2021-04-18 01:59:40.262323,2021-04-18 01:59:40.266810,2021-04-18 01:59:40.269451
reader1,2021-04-18 01:59:40.267203,2021-04-18 01:59:40.269485,2021-04-18 01:59:40.272784
reader1,2021-04-18 01:59:40.267203,2021-04-18 01:59:40.273089,2021-04-18 01:59:40.275316
reader1,2021-04-18 01:59:40.275069,2021-04-18 01:59:40.275416,2021-04-18 01:59:40.277002
reader1,2021-04-18 01:59:40.275069,2021-04-18 01:59:40.277211,2021-04-18 01:59:40.288206
reader1,2021-04-18 01:59:40.278099,2021-04-18 01:59:40.288402,2021-04-18 01:59:40.290765
reader1,2021-04-18 01:59:40.278099,2021-04-18 01:59:40.290905,2021-04-18 01:59:40.292753
reader1,2021-04-18 01:59:40.291134,2021-04-18 01:59:40.292984,2021-04-18 01:59:40.295058
reader1,2021-04-18 01:59:40.291134,2021-04-18 01:59:40.295227,2021-04-18 01:59:40.297368
reader1,2021-04-18 01:59:40.291134,2021-04-18 01:59:40.297491,2021-04-18 01:59:40.299038
reader1,2021-04-18 01:59:40.297749,2021-04-18 01:59:40.299214,2021-04-18 01:59:40.300478
reader1,2021-04-18 01:59:40.297749,2021-04-18 01:59:40.300671,2021-04-18 01:59:40.301918
reader1,2021-04-18 01:59:40.301813,2021-04-18 01:59:40.301955,2021-04-18 01:59:40.303806
reader1,2021-04-18 01:59:40.301813,2021-04-18 01:59:40.303993,2021-04-18 01:59:40.305944
reader1,2021-04-18 01:59:40.301813,2021-04-18 01:59:40.306036,2021-04-18 01:59:40.308111
reader1,2021-04-18 01:59:40.306202,2021-04-18 01:59:40.308184,2021-04-18 01:59:40.321536
reader1,2021-04-18 01:59:40.306202,2021-04-18 01:59:40.321655,2021-04-18 01:59:40.323836
reader1,2021-04-18 01:59:40.322682,2021-04-18 01:59:40.323865,2021-04-18 01:59:40.324676
reader1,2021-04-18 01:59:40.322682,2021-04-18 01:59:40.324714,2021-04-18 01:59:40.325703
reader1,2021-04-18 01:59:40.322682,2021-04-18 01:59:40.325834,2021-04-18 01:59:40.326802
reader1,2021-04-18 01:59:40.325931,2021-04-18 01:59:40.326820,2021-04-18 01:59:40.327673
reader1,2021-04-18 01:59:40.325931,2021-04-18 01:59:40.327690,2021-04-18 01:59:40.329361
reader1,2021-04-18 01:59:40.328197,2021-04-18 01:59:40.329380,2021-04-18 01:59:40.331266
reader1,2021-04-18 01:59:40.330797,2021-04-18 01:59:40.331311,2021-04-18 01:59:40.334012
reader1,2021-04-18 01:59:40.330797,2021-04-18 01:59:40.334030,2021-04-18 01:59:40.334857
reader1,2021-04-18 01:59:40.330797,2021-04-18 01:59:40.334873,2021-04-18 01:59:40.335695
reader1,2021-04-18 01:59:40.335294,2021-04-18 01:59:40.335710,2021-04-18 01:59:40.336690
reader1,2021-04-18 01:59:40.335294,2021-04-18 01:59:40.336706,2021-04-18 01:59:40.337614
reader1,2021-04-18 01:59:40.335294,2021-04-18 01:59:40.337634,2021-04-18 01:59:40.338577
reader1,2021-04-18 01:59:40.337904,2021-04-18 01:59:40.338649,2021-04-18 01:59:40.339491
reader1,2021-04-18 01:59:40.337904,2021-04-18 01:59:40.339508,2021-04-18 01:59:40.340569
reader1,2021-04-18 01:59:40.337904,2021-04-18 01:59:40.340584,2021-04-18 01:59:40.343429
reader1,2021-04-18 01:59:40.340660,2021-04-18 01:59:40.343447,2021-04-18 01:59:40.344572
reader1,2021-04-18 01:59:40.340660,2021-04-18 01:59:40.344593,2021-04-18 01:59:40.352770
reader1,2021-04-18 01:59:40.345876,2021-04-18 01:59:40.352861,2021-04-18 01:59:40.354130
reader1,2021-04-18 01:59:40.345876,2021-04-18 01:59:40.354146,2021-04-18 01:59:40.355031
reader1,2021-04-18 01:59:40.345876,2021-04-18 01:59:40.355046,2021-04-18 01:59:40.356302
reader1,2021-04-18 01:59:40.355426,2021-04-18 01:59:40.356516,2021-04-18 01:59:40.357925
reader1,2021-04-18 01:59:40.355426,2021-04-18 01:59:40.358083,2021-04-18 01:59:40.359657
reader1,2021-04-18 01:59:40.355426,2021-04-18 01:59:40.359676,2021-04-18 01:59:40.361174
reader1,2021-04-18 01:59:40.360067,2021-04-18 01:59:40.361382,2021-04-18 01:59:40.362531
reader1,2021-04-18 01:59:40.360067,2021-04-18 01:59:40.362689,2021-04-18 01:59:40.363977
reader1,2021-04-18 01:59:40.363257,2021-04-18 01:59:40.363997,2021-04-18 01:59:40.365023
reader1,2021-04-18 01:59:40.363257,2021-04-18 01:59:40.365044,2021-04-18 01:59:40.366344
reader1,2021-04-18 01:59:40.365691,2021-04-18 01:59:40.366539,2021-04-18 01:59:40.368954
reader1,2021-04-18 01:59:40.365691,2021-04-18 01:59:40.369007,2021-04-18 01:59:40.370217
reader1,2021-04-18 01:59:40.365691,2021-04-18 01:59:40.370249,2021-04-18 01:59:40.376351
reader1,2021-04-18 01:59:40.374726,2021-04-18 01:59:40.376386,2021-04-18 01:59:40.383900
reader1,2021-04-18 01:59:40.377209,2021-04-18 01:59:40.383932,2021-04-18 01:59:40.385859
reader1,2021-04-18 01:59:40.377209,2021-04-18 01:59:40.385879,2021-04-18 01:59:40.387228
reader1,2021-04-18 01:59:40.386243,2021-04-18 01:59:40.387250,2021-04-18 01:59:40.388651
reader1,2021-04-18 01:59:40.386243,2021-04-18 01:59:40.388669,2021-04-18 01:59:40.390408
reader1,2021-04-18 01:59:40.389356,2021-04-18 01:59:40.390427,2021-04-18 01:59:40.391691
reader1,2021-04-18 01:59:40.389356,2021-04-18 01:59:40.391709,2021-04-18 01:59:40.393202
reader1,2021-04-18 01:59:40.389356,2021-04-18 01:59:40.393323,2021-04-18 01:59:40.394668
reader1,2021-04-18 01:59:40.393873,2021-04-18 01:59:40.394935,2021-04-18 01:59:40.395823
reader1,2021-04-18 01:59:40.393873,2021-04-18 01:59:40.395971,2021-04-18 01:59:40.397727
reader1,2021-04-18 01:59:40.397527,2021-04-18 01:59:40.397760,2021-04-18 01:59:40.398775
reader1,2021-04-18 01:59:40.397527,2021-04-18 01:59:40.398796,2021-04-18 01:59:40.400225
reader1,2021-04-18 01:59:40.399467,2021-04-18 01:59:40.400308,2021-04-18 01:59:40.401143
reader1,2021-04-18 01:59:40.399467,2021-04-18 01:59:40.401159,2021-04-18 01:59:40.401906
reader1,2021-04-18 01:59:40.399467,2021-04-18 01:59:40.401959,2021-04-18 01:59:40.403396
reader1,2021-04-18 01:59:40.402735,2021-04-18 01:59:40.403411,2021-04-18 01:59:40.411548
reader1,2021-04-18 01:59:40.402735,2021-04-18 01:59:40.411583,2021-04-18 01:59:40.413376
reader1,2021-04-18 01:59:40.402735,2021-04-18 01:59:40.413395,2021-04-18 01:59:40.415333
reader1,2021-04-18 01:59:40.413317,2021-04-18 01:59:40.415409,2021-04-18 01:59:40.416328
reader1,2021-04-18 01:59:40.413317,2021-04-18 01:59:40.416443,2021-04-18 01:59:40.417283
reader1,2021-04-18 01:59:40.416612,2021-04-18 01:59:40.417511,2021-04-18 01:59:40.418426
reader1,2021-04-18 01:59:40.416612,2021-04-18 01:59:40.418505,2021-04-18 01:59:40.419701
reader1,2021-04-18 01:59:40.419464,2021-04-18 01:59:40.419713,2021-04-18 01:59:40.420857
reader1,2021-04-18 01:59:40.419464,2021-04-18 01:59:40.420877,2021-04-18 01:59:40.421674
reader1,2021-04-18 01:59:40.419464,2021-04-18 01:59:40.421787,2021-04-18 01:59:40.422647
reader1,2021-04-18 01:59:40.422053,2021-04-18 01:59:40.422665,2021-04-18 01:59:40.423408
reader1,2021-04-18 01:59:40.422053,2021-04-18 01:59:40.423426,2021-04-18 01:59:40.424382
reader1,2021-04-18 01:59:40.422053,2021-04-18 01:59:40.424440,2021-04-18 01:59:40.425421
reader1,2021-04-18 01:59:40.424693,2021-04-18 01:59:40.425524,2021-04-18 01:59:40.426260
reader1,2021-04-18 01:59:40.424693,2021-04-18 01:59:40.426275,2021-04-18 01:59:40.427162
reader1,2021-04-18 01:59:40.424693,2021-04-18 01:59:40.427223,2021-04-18 01:59:40.428051
reader1,2021-04-18 01:59:40.424693,2021-04-18 01:59:40.428071,2021-04-18 01:59:40.429030
reader1,2021-04-18 01:59:40.428200,2021-04-18 01:59:40.429047,2021-04-18 01:59:40.430131
reader1,2021-04-18 01:59:40.428200,2021-04-18 01:59:40.430150,2021-04-18 01:59:40.434418
reader1,2021-04-18 01:59:40.430672,2021-04-18 01:59:40.434434,2021-04-18 01:59:40.435339
reader1,2021-04-18 01:59:40.430672,2021-04-18 01:59:40.435386,2021-04-18 01:59:40.436249
reader1,2021-04-18 01:59:40.430672,2021-04-18 01:59:40.436264,2021-04-18 01:59:40.437089
reader1,2021-04-18 01:59:40.430672,2021-04-18 01:59:40.437144,2021-04-18 01:59:40.437989
reader1,2021-04-18 01:59:40.430672,2021-04-18 01:59:40.438000,2021-04-18 01:59:40.438699
reader1,2021-04-18 01:59:40.430672,2021-04-18 01:59:40.438720,2021-04-18 01:59:40.442407
reader1,2021-04-18 01:59:40.430672,2021-04-18 01:59:40.442442,2021-04-18 01:59:40.444087
reader1,2021-04-18 01:59:40.430672,2021-04-18 01:59:40.444113,2021-04-18 01:59:40.445346
reader1,2021-04-18 01:59:40.430672,2021-04-18 01:59:40.445365,2021-04-18 01:59:40.446209
reader1,2021-04-18 01:59:40.445656,2021-04-18 01:59:40.446239,2021-04-18 01:59:40.447256
reader1,2021-04-18 01:59:40.445656,2021-04-18 01:59:40.447271,2021-04-18 01:59:40.448345
reader1,2021-04-18 01:59:40.445656,2021-04-18 01:59:40.448478,2021-04-18 01:59:40.449523
reader1,2021-04-18 01:59:40.448857,2021-04-18 01:59:40.449543,2021-04-18 01:59:40.450790
reader1,2021-04-18 01:59:40.448857,2021-04-18 01:59:40.450805,2021-04-18 01:59:40.452176
reader1,2021-04-18 01:59:40.451141,2021-04-18 01:59:40.452329,2021-04-18 01:59:40.453327
reader1,2021-04-18 01:59:40.451141,2021-04-18 01:59:40.453344,2021-04-18 01:59:40.454236
reader1,2021-04-18 01:59:40.453601,2021-04-18 01:59:40.454252,2021-04-18 01:59:40.455146
reader1,2021-04-18 01:59:40.453601,2021-04-18 01:59:40.455194,2021-04-18 01:59:40.456207
reader1,2021-04-18 01:59:40.453601,2021-04-18 01:59:40.456222,2021-04-18 01:59:40.457088
reader1,2021-04-18 01:59:40.456630,2021-04-18 01:59:40.457103,2021-04-18 01:59:40.458048
reader1,2021-04-18 01:59:40.456630,2021-04-18 01:59:40.458063,2021-04-18 01:59:40.459106
reader1,2021-04-18 01:59:40.456630,2021-04-18 01:59:40.459170,2021-04-18 01:59:40.460421
reader1,2021-04-18 01:59:40.459623,2021-04-18 01:59:40.460438,2021-04-18 01:59:40.461484
reader1,2021-04-18 01:59:40.459623,2021-04-18 01:59:40.461503,2021-04-18 01:59:40.462617
reader1,2021-04-18 01:59:40.459623,2021-04-18 01:59:40.462635,2021-04-18 01:59:40.463620
reader1,2021-04-18 01:59:40.462870,2021-04-18 01:59:40.463677,2021-04-18 01:59:40.464536
reader1,2021-04-18 01:59:40.462870,2021-04-18 01:59:40.464552,2021-04-18 01:59:40.465371
reader1,2021-04-18 01:59:40.462870,2021-04-18 01:59:40.465387,2021-04-18 01:59:40.466047
reader1,2021-04-18 01:59:40.462870,2021-04-18 01:59:40.466099,2021-04-18 01:59:40.466991
reader1,2021-04-18 01:59:40.462870,2021-04-18 01:59:40.467038,2021-04-18 01:59:40.467685
reader1,2021-04-18 01:59:40.462870,2021-04-18 01:59:40.467748,2021-04-18 01:59:40.468373
reader1,2021-04-18 01:59:40.462870,2021-04-18 01:59:40.468429,2021-04-18 01:59:40.469096
reader1,2021-04-18 01:59:40.462870,2021-04-18 01:59:40.469113,2021-04-18 01:59:40.478685
reader1,2021-04-18 01:59:40.477702,2021-04-18 01:59:40.478752,2021-04-18 01:59:40.486582
reader1,2021-04-18 01:59:40.477702,2021-04-18 01:59:40.486613,2021-04-18 01:59:40.487962
reader1,2021-04-18 01:59:40.477702,2021-04-18 01:59:40.488036,2021-04-18 01:59:40.488837
reader1,2021-04-18 01:59:40.477702,2021-04-18 01:59:40.488901,2021-04-18 01:59:40.490055
reader1,2021-04-18 01:59:40.477702,2021-04-18 01:59:40.490213,2021-04-18 01:59:40.491439
reader1,2021-04-18 01:59:40.491228,2021-04-18 01:59:40.491454,2021-04-18 01:59:40.492584
reader1,2021-04-18 01:59:40.491228,2021-04-18 01:59:40.492605,2021-04-18 01:59:40.494010
reader1,2021-04-18 01:59:40.493794,2021-04-18 01:59:40.494028,2021-04-18 01:59:40.495525
reader1,2021-04-18 01:59:40.493794,2021-04-18 01:59:40.495582,2021-04-18 01:59:40.497755
reader1,2021-04-18 01:59:40.496131,2021-04-18 01:59:40.497781,2021-04-18 01:59:40.499182
reader1,2021-04-18 01:59:40.496131,2021-04-18 01:59:40.499252,2021-04-18 01:59:40.501949
reader1,2021-04-18 01:59:40.501185,2021-04-18 01:59:40.502020,2021-04-18 01:59:40.503586
reader1,2021-04-18 01:59:40.501185,2021-04-18 01:59:40.503651,2021-04-18 01:59:40.504356
reader1,2021-04-18 01:59:40.501185,2021-04-18 01:59:40.504431,2021-04-18 01:59:40.505486
reader1,2021-04-18 01:59:40.501185,2021-04-18 01:59:40.505548,2021-04-18 01:59:40.514759
reader1,2021-04-18 01:59:40.501185,2021-04-18 01:59:40.514850,2021-04-18 01:59:40.516554
reader1,2021-04-18 01:59:40.501185,2021-04-18 01:59:40.516619,2021-04-18 01:59:40.517599
reader1,2021-04-18 01:59:40.516922,2021-04-18 01:59:40.517614,2021-04-18 01:59:40.518848
reader1,2021-04-18 01:59:40.516922,2021-04-18 01:59:40.518863,2021-04-18 01:59:40.519797
reader1,2021-04-18 01:59:40.516922,2021-04-18 01:59:40.519812,2021-04-18 01:59:40.527351
reader1,2021-04-18 01:59:40.526852,2021-04-18 01:59:40.527454,2021-04-18 01:59:40.528539
reader1,2021-04-18 01:59:40.526852,2021-04-18 01:59:40.528553,2021-04-18 01:59:40.529904
reader1,2021-04-18 01:59:40.526852,2021-04-18 01:59:40.529923,2021-04-18 01:59:40.530652
reader1,2021-04-18 01:59:40.526852,2021-04-18 01:59:40.530669,2021-04-18 01:59:40.531620
reader1,2021-04-18 01:59:40.526852,2021-04-18 01:59:40.531638,2021-04-18 01:59:40.532567
reader1,2021-04-18 01:59:40.531766,2021-04-18 01:59:40.532584,2021-04-18 01:59:40.533760
reader1,2021-04-18 01:59:40.531766,2021-04-18 01:59:40.533777,2021-04-18 01:59:40.535302
reader1,2021-04-18 01:59:40.531766,2021-04-18 01:59:40.535326,2021-04-18 01:59:40.536674
reader1,2021-04-18 01:59:40.531766,2021-04-18 01:59:40.536692,2021-04-18 01:59:40.537647
reader1,2021-04-18 01:59:40.536771,2021-04-18 01:59:40.537664,2021-04-18 01:59:40.538576
reader1,2021-04-18 01:59:40.536771,2021-04-18 01:59:40.538593,2021-04-18 01:59:40.539458
reader1,2021-04-18 01:59:40.536771,2021-04-18 01:59:40.539475,2021-04-18 01:59:40.540494
reader1,2021-04-18 01:59:40.540061,2021-04-18 01:59:40.540512,2021-04-18 01:59:40.541910
reader1,2021-04-18 01:59:40.540061,2021-04-18 01:59:40.542033,2021-04-18 01:59:40.543142
reader1,2021-04-18 01:59:40.542533,2021-04-18 01:59:40.543154,2021-04-18 01:59:40.544273
reader1,2021-04-18 01:59:40.542533,2021-04-18 01:59:40.544290,2021-04-18 01:59:40.545488
reader1,2021-04-18 01:59:40.544807,2021-04-18 01:59:40.545506,2021-04-18 01:59:40.550226
reader1,2021-04-18 01:59:40.544807,2021-04-18 01:59:40.550244,2021-04-18 01:59:40.551426
reader1,2021-04-18 01:59:40.551021,2021-04-18 01:59:40.551442,2021-04-18 01:59:40.552514
reader1,2021-04-18 01:59:40.551021,2021-04-18 01:59:40.552530,2021-04-18 01:59:40.555089
reader1,2021-04-18 01:59:40.554026,2021-04-18 01:59:40.555142,2021-04-18 01:59:40.556398
reader1,2021-04-18 01:59:40.554026,2021-04-18 01:59:40.556475,2021-04-18 01:59:40.557521
reader1,2021-04-18 01:59:40.554026,2021-04-18 01:59:40.557539,2021-04-18 01:59:40.558736
reader1,2021-04-18 01:59:40.558057,2021-04-18 01:59:40.558757,2021-04-18 01:59:40.559662
reader1,2021-04-18 01:59:40.558057,2021-04-18 01:59:40.559690,2021-04-18 01:59:40.560921
reader1,2021-04-18 01:59:40.560324,2021-04-18 01:59:40.560963,2021-04-18 01:59:40.571804
reader1,2021-04-18 01:59:40.566061,2021-04-18 01:59:40.571826,2021-04-18 01:59:40.574532
reader1,2021-04-18 01:59:40.566061,2021-04-18 01:59:40.574547,2021-04-18 01:59:40.575460
reader1,2021-04-18 01:59:40.566061,2021-04-18 01:59:40.575476,2021-04-18 01:59:40.576478
reader1,2021-04-18 01:59:40.575882,2021-04-18 01:59:40.576580,2021-04-18 01:59:40.577601
reader1,2021-04-18 01:59:40.575882,2021-04-18 01:59:40.577618,2021-04-18 01:59:40.578791
reader1,2021-04-18 01:59:40.575882,2021-04-18 01:59:40.578807,2021-04-18 01:59:40.579787
reader1,2021-04-18 01:59:40.579271,2021-04-18 01:59:40.579914,2021-04-18 01:59:40.580848
reader1,2021-04-18 01:59:40.579271,2021-04-18 01:59:40.580862,2021-04-18 01:59:40.581674
reader1,2021-04-18 01:59:40.579271,2021-04-18 01:59:40.581697,2021-04-18 01:59:40.582769
reader1,2021-04-18 01:59:40.579271,2021-04-18 01:59:40.582786,2021-04-18 01:59:40.583666
reader1,2021-04-18 01:59:40.579271,2021-04-18 01:59:40.583726,2021-04-18 01:59:40.584868
reader1,2021-04-18 01:59:40.583883,2021-04-18 01:59:40.584894,2021-04-18 01:59:40.585731
reader1,2021-04-18 01:59:40.583883,2021-04-18 01:59:40.585780,2021-04-18 01:59:40.586612
reader1,2021-04-18 01:59:40.583883,2021-04-18 01:59:40.586664,2021-04-18 01:59:40.587537
reader1,2021-04-18 01:59:40.587057,2021-04-18 01:59:40.587654,2021-04-18 01:59:40.588587
reader1,2021-04-18 01:59:40.587057,2021-04-18 01:59:40.588642,2021-04-18 01:59:40.589699
reader1,2021-04-18 01:59:40.587057,2021-04-18 01:59:40.589850,2021-04-18 01:59:40.590680
reader1,2021-04-18 01:59:40.589999,2021-04-18 01:59:40.590698,2021-04-18 01:59:40.596473
reader1,2021-04-18 01:59:40.595336,2021-04-18 01:59:40.596822,2021-04-18 01:59:40.601662
reader1,2021-04-18 01:59:40.595336,2021-04-18 01:59:40.601832,2021-04-18 01:59:40.603437
reader1,2021-04-18 01:59:40.602354,2021-04-18 01:59:40.603827,2021-04-18 01:59:40.605025
reader1,2021-04-18 01:59:40.602354,2021-04-18 01:59:40.605107,2021-04-18 01:59:40.606339
reader1,2021-04-18 01:59:40.602354,2021-04-18 01:59:40.606416,2021-04-18 01:59:40.607414
reader1,2021-04-18 01:59:40.606656,2021-04-18 01:59:40.607504,2021-04-18 01:59:40.608685
reader1,2021-04-18 01:59:40.606656,2021-04-18 01:59:40.608785,2021-04-18 01:59:40.609651
reader1,2021-04-18 01:59:40.606656,2021-04-18 01:59:40.609673,2021-04-18 01:59:40.611065
reader1,2021-04-18 01:59:40.610290,2021-04-18 01:59:40.611148,2021-04-18 01:59:40.612132
reader1,2021-04-18 01:59:40.610290,2021-04-18 01:59:40.612459,2021-04-18 01:59:40.614398
reader1,2021-04-18 01:59:40.613130,2021-04-18 01:59:40.614467,2021-04-18 01:59:40.615763
reader1,2021-04-18 01:59:40.613130,2021-04-18 01:59:40.615857,2021-04-18 01:59:40.617493
reader1,2021-04-18 01:59:40.616874,2021-04-18 01:59:40.617512,2021-04-18 01:59:40.618382
reader1,2021-04-18 01:59:40.616874,2021-04-18 01:59:40.618398,2021-04-18 01:59:40.619080
reader1,2021-04-18 01:59:40.616874,2021-04-18 01:59:40.619099,2021-04-18 01:59:40.619987
reader1,2021-04-18 01:59:40.619498,2021-04-18 01:59:40.619998,2021-04-18 01:59:40.621314
reader1,2021-04-18 01:59:40.619498,2021-04-18 01:59:40.621365,2021-04-18 01:59:40.622638
reader1,2021-04-18 01:59:40.619498,2021-04-18 01:59:40.622714,2021-04-18 01:59:40.624371
reader1,2021-04-18 01:59:40.623800,2021-04-18 01:59:40.624383,2021-04-18 01:59:40.625606
reader1,2021-04-18 01:59:40.623800,2021-04-18 01:59:40.625683,2021-04-18 01:59:40.626447
reader1,2021-04-18 01:59:40.623800,2021-04-18 01:59:40.626517,2021-04-18 01:59:40.627263
reader1,2021-04-18 01:59:40.623800,2021-04-18 01:59:40.627313,2021-04-18 01:59:40.627940
reader1,2021-04-18 01:59:40.623800,2021-04-18 01:59:40.628002,2021-04-18 01:59:40.628983
reader1,2021-04-18 01:59:40.623800,2021-04-18 01:59:40.629127,2021-04-18 01:59:40.635815
reader1,2021-04-18 01:59:40.630109,2021-04-18 01:59:40.635849,2021-04-18 01:59:40.637722
reader1,2021-04-18 01:59:40.630109,2021-04-18 01:59:40.637799,2021-04-18 01:59:40.638821
reader1,2021-04-18 01:59:40.630109,2021-04-18 01:59:40.638896,2021-04-18 01:59:40.640054
reader1,2021-04-18 01:59:40.639336,2021-04-18 01:59:40.640065,2021-04-18 01:59:40.641348
reader1,2021-04-18 01:59:40.639336,2021-04-18 01:59:40.641427,2021-04-18 01:59:40.642984
reader1,2021-04-18 01:59:40.639336,2021-04-18 01:59:40.643023,2021-04-18 01:59:40.645312
reader1,2021-04-18 01:59:40.639336,2021-04-18 01:59:40.645443,2021-04-18 01:59:40.647485
reader1,2021-04-18 01:59:40.645374,2021-04-18 01:59:40.647607,2021-04-18 01:59:40.649138
reader1,2021-04-18 01:59:40.645374,2021-04-18 01:59:40.649165,2021-04-18 01:59:40.650099
reader1,2021-04-18 01:59:40.645374,2021-04-18 01:59:40.650119,2021-04-18 01:59:40.651056
reader1,2021-04-18 01:59:40.650531,2021-04-18 01:59:40.651150,2021-04-18 01:59:40.651933
reader1,2021-04-18 01:59:40.650531,2021-04-18 01:59:40.651947,2021-04-18 01:59:40.652859
reader1,2021-04-18 01:59:40.650531,2021-04-18 01:59:40.652930,2021-04-18 01:59:40.653795
reader1,2021-04-18 01:59:40.650531,2021-04-18 01:59:40.653817,2021-04-18 01:59:40.658170
reader1,2021-04-18 01:59:40.650531,2021-04-18 01:59:40.658187,2021-04-18 01:59:40.663293
reader1,2021-04-18 01:59:40.658132,2021-04-18 01:59:40.663322,2021-04-18 01:59:40.664900
reader1,2021-04-18 01:59:40.658132,2021-04-18 01:59:40.664916,2021-04-18 01:59:40.665949
reader1,2021-04-18 01:59:40.658132,2021-04-18 01:59:40.665977,2021-04-18 01:59:40.667003
reader1,2021-04-18 01:59:40.658132,2021-04-18 01:59:40.667022,2021-04-18 01:59:40.667863
reader1,2021-04-18 01:59:40.667220,2021-04-18 01:59:40.667881,2021-04-18 01:59:40.668809
reader1,2021-04-18 01:59:40.667220,2021-04-18 01:59:40.668829,2021-04-18 01:59:40.669793
reader1,2021-04-18 01:59:40.667220,2021-04-18 01:59:40.669806,2021-04-18 01:59:40.671032
reader1,2021-04-18 01:59:40.670446,2021-04-18 01:59:40.671055,2021-04-18 01:59:40.672374
reader1,2021-04-18 01:59:40.670446,2021-04-18 01:59:40.672416,2021-04-18 01:59:40.673573
reader1,2021-04-18 01:59:40.670446,2021-04-18 01:59:40.673711,2021-04-18 01:59:40.674573
reader1,2021-04-18 01:59:40.673961,2021-04-18 01:59:40.674627,2021-04-18 01:59:40.675557
reader1,2021-04-18 01:59:40.673961,2021-04-18 01:59:40.675625,2021-04-18 01:59:40.676613
reader1,2021-04-18 01:59:40.673961,2021-04-18 01:59:40.676683,2021-04-18 01:59:40.677598
reader1,2021-04-18 01:59:40.677067,2021-04-18 01:59:40.677668,2021-04-18 01:59:40.678539
reader1,2021-04-18 01:59:40.677067,2021-04-18 01:59:40.678592,2021-04-18 01:59:40.679599
reader1,2021-04-18 01:59:40.679099,2021-04-18 01:59:40.679623,2021-04-18 01:59:40.680907
reader1,2021-04-18 01:59:40.679099,2021-04-18 01:59:40.681087,2021-04-18 01:59:40.681983
reader1,2021-04-18 01:59:40.679099,2021-04-18 01:59:40.682220,2021-04-18 01:59:40.683121
reader1,2021-04-18 01:59:40.682452,2021-04-18 01:59:40.683133,2021-04-18 01:59:40.684137
reader1,2021-04-18 01:59:40.682452,2021-04-18 01:59:40.684160,2021-04-18 01:59:40.685161
reader1,2021-04-18 01:59:40.682452,2021-04-18 01:59:40.685183,2021-04-18 01:59:40.687269
reader1,2021-04-18 01:59:40.686347,2021-04-18 01:59:40.687337,2021-04-18 01:59:40.694748
reader1,2021-04-18 01:59:40.686347,2021-04-18 01:59:40.694801,2021-04-18 01:59:40.696301
reader1,2021-04-18 01:59:40.686347,2021-04-18 01:59:40.696318,2021-04-18 01:59:40.697243
reader1,2021-04-18 01:59:40.696659,2021-04-18 01:59:40.697408,2021-04-18 01:59:40.699765
reader1,2021-04-18 01:59:40.696659,2021-04-18 01:59:40.699781,2021-04-18 01:59:40.700886
reader1,2021-04-18 01:59:40.696659,2021-04-18 01:59:40.700902,2021-04-18 01:59:40.702153
reader1,2021-04-18 01:59:40.701137,2021-04-18 01:59:40.702223,2021-04-18 01:59:40.703232
reader1,2021-04-18 01:59:40.701137,2021-04-18 01:59:40.703254,2021-04-18 01:59:40.704466
reader1,2021-04-18 01:59:40.703725,2021-04-18 01:59:40.704477,2021-04-18 01:59:40.705664
reader1,2021-04-18 01:59:40.703725,2021-04-18 01:59:40.705697,2021-04-18 01:59:40.706596
reader1,2021-04-18 01:59:40.703725,2021-04-18 01:59:40.706614,2021-04-18 01:59:40.707394
reader1,2021-04-18 01:59:40.703725,2021-04-18 01:59:40.707412,2021-04-18 01:59:40.708256
reader1,2021-04-18 01:59:40.707634,2021-04-18 01:59:40.708273,2021-04-18 01:59:40.709198
reader1,2021-04-18 01:59:40.707634,2021-04-18 01:59:40.709268,2021-04-18 01:59:40.710847
reader1,2021-04-18 01:59:40.707634,2021-04-18 01:59:40.710894,2021-04-18 01:59:40.711901
reader1,2021-04-18 01:59:40.711240,2021-04-18 01:59:40.711919,2021-04-18 01:59:40.712867
reader1,2021-04-18 01:59:40.711240,2021-04-18 01:59:40.712888,2021-04-18 01:59:40.714013
reader1,2021-04-18 01:59:40.711240,2021-04-18 01:59:40.714187,2021-04-18 01:59:40.715078
reader1,2021-04-18 01:59:40.714355,2021-04-18 01:59:40.715096,2021-04-18 01:59:40.715986
reader1,2021-04-18 01:59:40.714355,2021-04-18 01:59:40.716104,2021-04-18 01:59:40.717290
reader1,2021-04-18 01:59:40.717169,2021-04-18 01:59:40.717308,2021-04-18 01:59:40.720603
reader1,2021-04-18 01:59:40.717169,2021-04-18 01:59:40.720620,2021-04-18 01:59:40.729662
reader1,2021-04-18 01:59:40.721972,2021-04-18 01:59:40.729729,2021-04-18 01:59:40.730880
reader1,2021-04-18 01:59:40.721972,2021-04-18 01:59:40.730909,2021-04-18 01:59:40.731953
reader1,2021-04-18 01:59:40.721972,2021-04-18 01:59:40.731970,2021-04-18 01:59:40.733140
reader1,2021-04-18 01:59:40.732299,2021-04-18 01:59:40.733210,2021-04-18 01:59:40.734010
reader1,2021-04-18 01:59:40.732299,2021-04-18 01:59:40.734171,2021-04-18 01:59:40.734995
reader1,2021-04-18 01:59:40.732299,2021-04-18 01:59:40.735104,2021-04-18 01:59:40.735970
reader1,2021-04-18 01:59:40.735469,2021-04-18 01:59:40.736049,2021-04-18 01:59:40.736933
reader1,2021-04-18 01:59:40.735469,2021-04-18 01:59:40.737080,2021-04-18 01:59:40.738130
reader1,2021-04-18 01:59:40.735469,2021-04-18 01:59:40.738152,2021-04-18 01:59:40.739614
reader1,2021-04-18 01:59:40.739171,2021-04-18 01:59:40.739644,2021-04-18 01:59:40.740941
reader1,2021-04-18 01:59:40.739171,2021-04-18 01:59:40.740959,2021-04-18 01:59:40.741927
reader1,2021-04-18 01:59:40.739171,2021-04-18 01:59:40.741944,2021-04-18 01:59:40.742783
reader1,2021-04-18 01:59:40.742274,2021-04-18 01:59:40.742801,2021-04-18 01:59:40.743683
reader1,2021-04-18 01:59:40.742274,2021-04-18 01:59:40.743773,2021-04-18 01:59:40.744925
reader1,2021-04-18 01:59:40.742274,2021-04-18 01:59:40.744944,2021-04-18 01:59:40.746292
reader1,2021-04-18 01:59:40.745052,2021-04-18 01:59:40.746312,2021-04-18 01:59:40.747268
reader1,2021-04-18 01:59:40.745052,2021-04-18 01:59:40.747342,2021-04-18 01:59:40.748224
reader1,2021-04-18 01:59:40.747571,2021-04-18 01:59:40.749556,2021-04-18 01:59:40.752448
reader1,2021-04-18 01:59:40.747571,2021-04-18 01:59:40.752470,2021-04-18 01:59:40.753492
reader1,2021-04-18 01:59:40.747571,2021-04-18 01:59:40.753512,2021-04-18 01:59:40.755259
reader1,2021-04-18 01:59:40.753822,2021-04-18 01:59:40.755276,2021-04-18 01:59:40.756386
reader1,2021-04-18 01:59:40.753822,2021-04-18 01:59:40.756403,2021-04-18 01:59:40.757148
reader1,2021-04-18 01:59:40.753822,2021-04-18 01:59:40.757165,2021-04-18 01:59:40.758010
reader1,2021-04-18 01:59:40.753822,2021-04-18 01:59:40.758027,2021-04-18 01:59:40.758983
reader1,2021-04-18 01:59:40.753822,2021-04-18 01:59:40.759000,2021-04-18 01:59:40.760627
reader1,2021-04-18 01:59:40.759073,2021-04-18 01:59:40.760660,2021-04-18 01:59:40.762081
reader1,2021-04-18 01:59:40.759073,2021-04-18 01:59:40.762175,2021-04-18 01:59:40.763288
reader1,2021-04-18 01:59:40.759073,2021-04-18 01:59:40.763390,2021-04-18 01:59:40.764469
reader1,2021-04-18 01:59:40.763309,2021-04-18 01:59:40.764483,2021-04-18 01:59:40.766355
reader1,2021-04-18 01:59:40.763309,2021-04-18 01:59:40.766373,2021-04-18 01:59:40.767433
reader1,2021-04-18 01:59:40.766581,2021-04-18 01:59:40.767449,2021-04-18 01:59:40.768623
reader1,2021-04-18 01:59:40.766581,2021-04-18 01:59:40.768642,2021-04-18 01:59:40.769572
reader1,2021-04-18 01:59:40.766581,2021-04-18 01:59:40.769597,2021-04-18 01:59:40.770718
reader1,2021-04-18 01:59:40.769897,2021-04-18 01:59:40.770734,2021-04-18 01:59:40.771697
reader1,2021-04-18 01:59:40.769897,2021-04-18 01:59:40.771713,2021-04-18 01:59:40.773564
reader1,2021-04-18 01:59:40.772507,2021-04-18 01:59:40.773580,2021-04-18 01:59:40.774640
reader1,2021-04-18 01:59:40.772507,2021-04-18 01:59:40.774750,2021-04-18 01:59:40.776356
reader1,2021-04-18 01:59:40.772507,2021-04-18 01:59:40.776394,2021-04-18 01:59:40.777640
reader1,2021-04-18 01:59:40.776583,2021-04-18 01:59:40.777732,2021-04-18 01:59:40.778705
reader1,2021-04-18 01:59:40.776583,2021-04-18 01:59:40.778719,2021-04-18 01:59:40.782394
reader1,2021-04-18 01:59:40.779291,2021-04-18 01:59:40.782412,2021-04-18 01:59:40.787134
reader1,2021-04-18 01:59:40.779291,2021-04-18 01:59:40.787179,2021-04-18 01:59:40.788881
reader1,2021-04-18 01:59:40.787573,2021-04-18 01:59:40.788902,2021-04-18 01:59:40.789934
reader1,2021-04-18 01:59:40.787573,2021-04-18 01:59:40.790011,2021-04-18 01:59:40.791484
reader1,2021-04-18 01:59:40.790896,2021-04-18 01:59:40.791502,2021-04-18 01:59:40.792608
reader1,2021-04-18 01:59:40.790896,2021-04-18 01:59:40.792643,2021-04-18 01:59:40.793488
reader1,2021-04-18 01:59:40.790896,2021-04-18 01:59:40.793503,2021-04-18 01:59:40.794305
reader1,2021-04-18 01:59:40.793720,2021-04-18 01:59:40.794316,2021-04-18 01:59:40.795028
reader1,2021-04-18 01:59:40.793720,2021-04-18 01:59:40.795039,2021-04-18 01:59:40.796702
reader1,2021-04-18 01:59:40.795805,2021-04-18 01:59:40.796720,2021-04-18 01:59:40.798498
reader1,2021-04-18 01:59:40.795805,2021-04-18 01:59:40.798549,2021-04-18 01:59:40.799392
reader1,2021-04-18 01:59:40.795805,2021-04-18 01:59:40.799558,2021-04-18 01:59:40.800381
reader1,2021-04-18 01:59:40.799782,2021-04-18 01:59:40.800399,2021-04-18 01:59:40.801348
reader1,2021-04-18 01:59:40.799782,2021-04-18 01:59:40.801370,2021-04-18 01:59:40.802453
reader1,2021-04-18 01:59:40.799782,2021-04-18 01:59:40.802549,2021-04-18 01:59:40.803419
reader1,2021-04-18 01:59:40.802883,2021-04-18 01:59:40.803433,2021-04-18 01:59:40.804286
reader1,2021-04-18 01:59:40.802883,2021-04-18 01:59:40.804325,2021-04-18 01:59:40.805286
reader1,2021-04-18 01:59:40.802883,2021-04-18 01:59:40.805332,2021-04-18 01:59:40.806871
reader1,2021-04-18 01:59:40.805620,2021-04-18 01:59:40.807020,2021-04-18 01:59:40.807835
reader1,2021-04-18 01:59:40.805620,2021-04-18 01:59:40.807888,2021-04-18 01:59:40.808706
reader1,2021-04-18 01:59:40.805620,2021-04-18 01:59:40.808722,2021-04-18 01:59:40.828066
reader1,2021-04-18 01:59:40.827645,2021-04-18 01:59:40.828098,2021-04-18 01:59:40.829537
reader1,2021-04-18 01:59:40.827645,2021-04-18 01:59:40.829594,2021-04-18 01:59:40.830817
reader1,2021-04-18 01:59:40.830298,2021-04-18 01:59:40.830833,2021-04-18 01:59:40.831931
reader1,2021-04-18 01:59:40.830298,2021-04-18 01:59:40.831946,2021-04-18 01:59:40.832881
reader1,2021-04-18 01:59:40.832393,2021-04-18 01:59:40.832909,2021-04-18 01:59:40.834053
reader1,2021-04-18 01:59:40.832393,2021-04-18 01:59:40.834069,2021-04-18 01:59:40.835156
reader1,2021-04-18 01:59:40.832393,2021-04-18 01:59:40.835182,2021-04-18 01:59:40.836025
reader1,2021-04-18 01:59:40.832393,2021-04-18 01:59:40.836051,2021-04-18 01:59:40.837042
reader1,2021-04-18 01:59:40.832393,2021-04-18 01:59:40.837154,2021-04-18 01:59:40.838302
reader1,2021-04-18 01:59:40.838324,2021-04-18 01:59:40.838555,2021-04-18 01:59:40.841099
reader1,2021-04-18 01:59:40.838324,2021-04-18 01:59:40.841125,2021-04-18 01:59:40.843117
reader1,2021-04-18 01:59:40.841569,2021-04-18 01:59:40.843128,2021-04-18 01:59:40.845863
reader1,2021-04-18 01:59:40.841569,2021-04-18 01:59:40.846002,2021-04-18 01:59:40.851224
reader1,2021-04-18 01:59:40.846894,2021-04-18 01:59:40.851246,2021-04-18 01:59:40.852433
reader1,2021-04-18 01:59:40.846894,2021-04-18 01:59:40.852448,2021-04-18 01:59:40.853349
reader1,2021-04-18 01:59:40.846894,2021-04-18 01:59:40.853364,2021-04-18 01:59:40.855343
reader1,2021-04-18 01:59:40.853574,2021-04-18 01:59:40.855452,2021-04-18 01:59:40.856652
reader1,2021-04-18 01:59:40.855603,2021-04-18 01:59:40.856722,2021-04-18 01:59:40.858099
reader1,2021-04-18 01:59:40.855603,2021-04-18 01:59:40.858116,2021-04-18 01:59:40.859027
reader1,2021-04-18 01:59:40.858221,2021-04-18 01:59:40.859045,2021-04-18 01:59:40.860134
reader1,2021-04-18 01:59:40.858221,2021-04-18 01:59:40.860204,2021-04-18 01:59:40.861212
reader1,2021-04-18 01:59:40.860710,2021-04-18 01:59:40.861364,2021-04-18 01:59:40.862187
reader1,2021-04-18 01:59:40.860710,2021-04-18 01:59:40.862323,2021-04-18 01:59:40.863180
reader1,2021-04-18 01:59:40.860710,2021-04-18 01:59:40.863345,2021-04-18 01:59:40.864398
reader1,2021-04-18 01:59:40.863490,2021-04-18 01:59:40.864416,2021-04-18 01:59:40.865391
reader1,2021-04-18 01:59:40.863490,2021-04-18 01:59:40.865505,2021-04-18 01:59:40.867171
reader1,2021-04-18 01:59:40.866342,2021-04-18 01:59:40.867232,2021-04-18 01:59:40.868062
reader1,2021-04-18 01:59:40.866342,2021-04-18 01:59:40.868201,2021-04-18 01:59:40.869032
reader1,2021-04-18 01:59:40.866342,2021-04-18 01:59:40.869085,2021-04-18 01:59:40.870054
reader1,2021-04-18 01:59:40.869267,2021-04-18 01:59:40.870158,2021-04-18 01:59:40.870969
reader1,2021-04-18 01:59:40.869267,2021-04-18 01:59:40.870984,2021-04-18 01:59:40.871859
reader1,2021-04-18 01:59:40.871917,2021-04-18 01:59:40.872074,2021-04-18 01:59:40.875961
reader1,2021-04-18 01:59:40.874932,2021-04-18 01:59:40.876016,2021-04-18 01:59:40.880382
reader1,2021-04-18 01:59:40.874932,2021-04-18 01:59:40.880431,2021-04-18 01:59:40.881626
reader1,2021-04-18 01:59:40.874932,2021-04-18 01:59:40.881704,2021-04-18 01:59:40.882889
reader1,2021-04-18 01:59:40.874932,2021-04-18 01:59:40.882920,2021-04-18 01:59:40.884520
reader1,2021-04-18 01:59:40.883871,2021-04-18 01:59:40.884536,2021-04-18 01:59:40.885562
reader1,2021-04-18 01:59:40.883871,2021-04-18 01:59:40.885577,2021-04-18 01:59:40.886630
reader1,2021-04-18 01:59:40.883871,2021-04-18 01:59:40.886651,2021-04-18 01:59:40.887820
reader1,2021-04-18 01:59:40.887183,2021-04-18 01:59:40.887864,2021-04-18 01:59:40.888616
reader1,2021-04-18 01:59:40.887183,2021-04-18 01:59:40.888636,2021-04-18 01:59:40.889959
reader1,2021-04-18 01:59:40.887183,2021-04-18 01:59:40.889982,2021-04-18 01:59:40.891071
reader1,2021-04-18 01:59:40.890246,2021-04-18 01:59:40.891083,2021-04-18 01:59:40.892164
reader1,2021-04-18 01:59:40.890246,2021-04-18 01:59:40.892184,2021-04-18 01:59:40.893266
reader1,2021-04-18 01:59:40.893071,2021-04-18 01:59:40.893338,2021-04-18 01:59:40.894165
reader1,2021-04-18 01:59:40.893071,2021-04-18 01:59:40.894220,2021-04-18 01:59:40.895284
reader1,2021-04-18 01:59:40.893071,2021-04-18 01:59:40.895299,2021-04-18 01:59:40.896172
reader1,2021-04-18 01:59:40.895503,2021-04-18 01:59:40.896188,2021-04-18 01:59:40.897779
reader1,2021-04-18 01:59:40.895503,2021-04-18 01:59:40.897797,2021-04-18 01:59:40.898816
reader1,2021-04-18 01:59:40.895503,2021-04-18 01:59:40.898839,2021-04-18 01:59:40.899733
reader1,2021-04-18 01:59:40.898922,2021-04-18 01:59:40.899799,2021-04-18 01:59:40.900650
reader1,2021-04-18 01:59:40.898922,2021-04-18 01:59:40.900715,2021-04-18 01:59:40.902011
reader1,2021-04-18 01:59:40.901236,2021-04-18 01:59:40.902028,2021-04-18 01:59:40.902887
reader1,2021-04-18 01:59:40.901236,2021-04-18 01:59:40.902946,2021-04-18 01:59:40.906505
reader1,2021-04-18 01:59:40.903789,2021-04-18 01:59:40.906528,2021-04-18 01:59:40.914390
reader1,2021-04-18 01:59:40.914006,2021-04-18 01:59:40.914428,2021-04-18 01:59:40.915906
reader1,2021-04-18 01:59:40.914006,2021-04-18 01:59:40.915933,2021-04-18 01:59:40.917074
reader1,2021-04-18 01:59:40.916430,2021-04-18 01:59:40.917092,2021-04-18 01:59:40.918033
reader1,2021-04-18 01:59:40.916430,2021-04-18 01:59:40.918069,2021-04-18 01:59:40.918926
reader1,2021-04-18 01:59:40.916430,2021-04-18 01:59:40.918941,2021-04-18 01:59:40.919934
reader1,2021-04-18 01:59:40.919185,2021-04-18 01:59:40.919998,2021-04-18 01:59:40.921004
reader1,2021-04-18 01:59:40.919185,2021-04-18 01:59:40.921023,2021-04-18 01:59:40.922296
reader1,2021-04-18 01:59:40.921434,2021-04-18 01:59:40.922441,2021-04-18 01:59:40.923226
reader1,2021-04-18 01:59:40.921434,2021-04-18 01:59:40.923241,2021-04-18 01:59:40.924349
reader1,2021-04-18 01:59:40.924137,2021-04-18 01:59:40.924369,2021-04-18 01:59:40.925481
reader1,2021-04-18 01:59:40.924137,2021-04-18 01:59:40.925534,2021-04-18 01:59:40.926366
reader1,2021-04-18 01:59:40.924137,2021-04-18 01:59:40.926380,2021-04-18 01:59:40.927126
reader1,2021-04-18 01:59:40.924137,2021-04-18 01:59:40.927143,2021-04-18 01:59:40.928023
reader1,2021-04-18 01:59:40.927865,2021-04-18 01:59:40.928109,2021-04-18 01:59:40.947196
reader1,2021-04-18 01:59:40.929295,2021-04-18 01:59:40.947355,2021-04-18 01:59:40.949869
reader1,2021-04-18 01:59:40.948540,2021-04-18 01:59:40.949972,2021-04-18 01:59:40.951621
reader1,2021-04-18 01:59:40.948540,2021-04-18 01:59:40.951676,2021-04-18 01:59:40.952748
reader1,2021-04-18 01:59:40.952180,2021-04-18 01:59:40.952798,2021-04-18 01:59:40.953850
reader1,2021-04-18 01:59:40.952180,2021-04-18 01:59:40.953998,2021-04-18 01:59:40.955395
reader1,2021-04-18 01:59:40.952180,2021-04-18 01:59:40.955547,2021-04-18 01:59:40.957485
reader1,2021-04-18 01:59:40.956301,2021-04-18 01:59:40.957504,2021-04-18 01:59:40.958643
reader1,2021-04-18 01:59:40.956301,2021-04-18 01:59:40.958658,2021-04-18 01:59:40.959476
reader1,2021-04-18 01:59:40.956301,2021-04-18 01:59:40.959491,2021-04-18 01:59:40.960449
reader1,2021-04-18 01:59:40.959855,2021-04-18 01:59:40.960460,2021-04-18 01:59:40.961435
reader1,2021-04-18 01:59:40.959855,2021-04-18 01:59:40.961508,2021-04-18 01:59:40.962317
reader1,2021-04-18 01:59:40.959855,2021-04-18 01:59:40.962332,2021-04-18 01:59:40.963445
reader1,2021-04-18 01:59:40.962762,2021-04-18 01:59:40.963603,2021-04-18 01:59:40.967976
reader1,2021-04-18 01:59:40.964361,2021-04-18 01:59:40.968020,2021-04-18 01:59:40.969281
reader1,2021-04-18 01:59:40.964361,2021-04-18 01:59:40.969299,2021-04-18 01:59:40.970226
reader1,2021-04-18 01:59:40.964361,2021-04-18 01:59:40.970243,2021-04-18 01:59:40.971193
reader1,2021-04-18 01:59:40.964361,2021-04-18 01:59:40.971210,2021-04-18 01:59:40.972158
reader1,2021-04-18 01:59:40.971281,2021-04-18 01:59:40.972175,2021-04-18 01:59:40.977116
reader1,2021-04-18 01:59:40.971281,2021-04-18 01:59:40.977310,2021-04-18 01:59:40.978507
reader1,2021-04-18 01:59:40.971281,2021-04-18 01:59:40.978522,2021-04-18 01:59:40.979934
reader1,2021-04-18 01:59:40.978832,2021-04-18 01:59:40.979969,2021-04-18 01:59:40.980844
reader1,2021-04-18 01:59:40.978832,2021-04-18 01:59:40.981019,2021-04-18 01:59:40.982422
reader1,2021-04-18 01:59:40.981230,2021-04-18 01:59:40.982551,2021-04-18 01:59:40.987090
reader1,2021-04-18 01:59:40.981230,2021-04-18 01:59:40.987135,2021-04-18 01:59:40.988017
reader1,2021-04-18 01:59:40.987553,2021-04-18 01:59:40.988072,2021-04-18 01:59:40.989559
reader1,2021-04-18 01:59:40.989431,2021-04-18 01:59:40.989577,2021-04-18 01:59:40.990812
reader1,2021-04-18 01:59:40.989431,2021-04-18 01:59:40.990936,2021-04-18 01:59:40.992036
reader1,2021-04-18 01:59:40.991305,2021-04-18 01:59:40.992194,2021-04-18 01:59:40.994176
reader1,2021-04-18 01:59:40.993040,2021-04-18 01:59:40.994229,2021-04-18 01:59:40.996852
reader1,2021-04-18 01:59:40.993040,2021-04-18 01:59:40.996912,2021-04-18 01:59:41.005688
reader1,2021-04-18 01:59:40.997515,2021-04-18 01:59:41.005743,2021-04-18 01:59:41.007830
reader1,2021-04-18 01:59:40.997515,2021-04-18 01:59:41.007851,2021-04-18 01:59:41.009135
reader1,2021-04-18 01:59:41.008245,2021-04-18 01:59:41.009287,2021-04-18 01:59:41.010346
reader1,2021-04-18 01:59:41.008245,2021-04-18 01:59:41.010363,2021-04-18 01:59:41.011975
reader1,2021-04-18 01:59:41.008245,2021-04-18 01:59:41.012087,2021-04-18 01:59:41.013173
reader1,2021-04-18 01:59:41.012295,2021-04-18 01:59:41.013184,2021-04-18 01:59:41.014236
reader1,2021-04-18 01:59:41.012295,2021-04-18 01:59:41.014252,2021-04-18 01:59:41.015190
reader1,2021-04-18 01:59:41.012295,2021-04-18 01:59:41.015241,2021-04-18 01:59:41.016072
reader1,2021-04-18 01:59:41.015417,2021-04-18 01:59:41.016200,2021-04-18 01:59:41.017101
reader1,2021-04-18 01:59:41.015417,2021-04-18 01:59:41.017174,2021-04-18 01:59:41.018218
reader1,2021-04-18 01:59:41.015417,2021-04-18 01:59:41.018345,2021-04-18 01:59:41.019222
reader1,2021-04-18 01:59:41.018257,2021-04-18 01:59:41.019484,2021-04-18 01:59:41.020579
reader1,2021-04-18 01:59:41.018257,2021-04-18 01:59:41.020600,2021-04-18 01:59:41.021527
reader1,2021-04-18 01:59:41.018257,2021-04-18 01:59:41.021539,2021-04-18 01:59:41.022666
reader1,2021-04-18 01:59:41.022158,2021-04-18 01:59:41.022803,2021-04-18 01:59:41.023578
reader1,2021-04-18 01:59:41.022158,2021-04-18 01:59:41.023597,2021-04-18 01:59:41.024508
reader1,2021-04-18 01:59:41.022158,2021-04-18 01:59:41.024523,2021-04-18 01:59:41.025535
reader1,2021-04-18 01:59:41.024704,2021-04-18 01:59:41.025583,2021-04-18 01:59:41.026648
reader1,2021-04-18 01:59:41.024704,2021-04-18 01:59:41.026701,2021-04-18 01:59:41.029973
reader1,2021-04-18 01:59:41.029096,2021-04-18 01:59:41.030036,2021-04-18 01:59:41.036900
reader1,2021-04-18 01:59:41.036566,2021-04-18 01:59:41.036955,2021-04-18 01:59:41.039317
reader1,2021-04-18 01:59:41.036566,2021-04-18 01:59:41.039368,2021-04-18 01:59:41.041187
reader1,2021-04-18 01:59:41.041080,2021-04-18 01:59:41.041236,2021-04-18 01:59:41.042390
reader1,2021-04-18 01:59:41.041080,2021-04-18 01:59:41.042469,2021-04-18 01:59:41.043462
reader1,2021-04-18 01:59:41.041080,2021-04-18 01:59:41.043482,2021-04-18 01:59:41.044605
reader1,2021-04-18 01:59:41.043928,2021-04-18 01:59:41.044699,2021-04-18 01:59:41.049232
reader1,2021-04-18 01:59:41.046003,2021-04-18 01:59:41.049256,2021-04-18 01:59:41.050805
